全椒,上海,G,G7258,2小时48分
全椒,上海虹桥,G,G1778,2小时24分
全椒,上海虹桥,D,D3044,3小时1分
全椒,上海虹桥,G,G7374,2小时26分
全椒,上海虹桥,D,D3074,2小时54分
全椒,上海虹桥,G,G3182,2小时13分
全椒,上海虹桥,D,D3070,2小时37分
全椒,昆山南,G,G1778,1小时57分
全椒,阳澄湖,G,G7374,1小时56分
全椒,昆山南,D,D3074,2小时27分
全椒,昆山南,D,D3044,2小时37分
全椒,昆山南,D,D3070,2小时16分
全椒,苏州,G,G7258,2小时8分
全椒,苏州北,G,G1778,1小时40分
全椒,苏州,D,D3044,2小时23分
全椒,苏州,G,G7374,1小时44分
全椒,苏州,D,D3074,2小时13分
全椒,苏州,D,D3070,2小时1分
全椒,苏州北,G,G3182,1小时45分
全椒,无锡,G,G7258,1小时51分
全椒,无锡东,G,G1778,1小时23分
全椒,无锡,G,G7374,1小时27分
全椒,惠山,D,D3074,1小时45分
全椒,无锡,D,D3044,1小时50分
全椒,无锡,D,D3070,1小时38分
全椒,无锡东,G,G3182,1小时32分
全椒,常州,G,G7258,1小时35分
全椒,常州北,G,G1778,1小时4分
全椒,常州,G,G7374,1小时11分
全椒,常州,D,D3044,1小时33分
全椒,常州,D,D3070,1小时20分
全椒,丹阳,G,G7258,1小时8分
全椒,丹阳,D,D3074,1小时12分
全椒,丹阳,D,D3044,1小时11分
全椒,镇江,G,G7258,0小时53分
全椒,镇江南,G,G1778,0小时45分
全椒,镇江,D,D3044,0小时52分
全椒,镇江,D,D3074,0小时53分
全椒,镇江,D,D3070,0小时53分
全椒,镇江南,G,G3182,0小时52分
全椒,南京南,G,G7258,0小时22分
全椒,南京南,G,G7458,0小时21分
全椒,南京南,G,G7684,0小时21分
全椒,南京南,G,G1778,0小时21分
全椒,南京南,D,D3044,0小时21分
全椒,南京南,G,G2810,0小时21分
全椒,南京南,G,G7676,0小时21分
全椒,南京南,G,G7374,0小时23分
全椒,南京南,D,D3074,0小时21分
全椒,南京南,G,G7618,0小时21分
全椒,南京南,G,G3108,0小时21分
全椒,南京南,G,G592,0小时21分
全椒,南京南,D,D3070,0小时22分
全椒,南京南,G,G3182,0小时21分
全椒,上海,G,G7258,2小时48分
全椒,上海虹桥,G,G1778,2小时24分
全椒,上海虹桥,D,D3044,3小时1分
全椒,上海虹桥,G,G7374,2小时26分
全椒,上海南,D,D3074,3小时28分
全椒,上海虹桥,G,G3182,2小时13分
全椒,上海南,D,D3070,3小时9分
全椒,上海,G,G7258,2小时48分
全椒,上海虹桥,G,G1778,2小时24分
全椒,上海虹桥,G,G7374,2小时26分
全椒,上海南,D,D3074,3小时28分
全椒,上海虹桥,G,G3182,2小时13分
全椒,上海虹桥,D,D3044,3小时1分
全椒,上海南,D,D3070,3小时9分
全椒,安亭北,G,G7258,2小时34分
全椒,昆山南,G,G1778,1小时57分
全椒,阳澄湖,G,G7374,1小时56分
全椒,昆山南,D,D3074,2小时27分
全椒,昆山南,D,D3044,2小时37分
全椒,昆山南,D,D3070,2小时16分
全椒,苏州园区,G,G7258,2小时17分
全椒,苏州北,G,G1778,1小时40分
全椒,苏州,G,G7374,1小时44分
全椒,苏州,D,D3074,2小时13分
全椒,苏州,D,D3044,2小时23分
全椒,苏州,D,D3070,2小时1分
全椒,苏州北,G,G3182,1小时45分
全椒,苏州,G,G7258,2小时8分
全椒,苏州北,G,G1778,1小时40分
全椒,苏州,D,D3044,2小时23分
全椒,苏州,G,G7374,1小时44分
全椒,苏州,D,D3074,2小时13分
全椒,苏州,D,D3070,2小时1分
全椒,苏州北,G,G3182,1小时45分
全椒,苏州,G,G7258,2小时8分
全椒,苏州北,G,G1778,1小时40分
全椒,苏州,D,D3044,2小时23分
全椒,苏州,G,G7374,1小时44分
全椒,苏州,D,D3074,2小时13分
全椒,苏州,D,D3070,2小时1分
全椒,苏州北,G,G3182,1小时45分
全椒,无锡,G,G7258,1小时51分
全椒,无锡东,G,G1778,1小时23分
全椒,无锡,G,G7374,1小时27分
全椒,惠山,D,D3074,1小时45分
全椒,无锡新区,D,D3044,2小时0分
全椒,无锡新区,D,D3070,1小时48分
全椒,无锡东,G,G3182,1小时32分
全椒,无锡,G,G7258,1小时51分
全椒,无锡东,G,G1778,1小时23分
全椒,无锡,D,D3044,1小时50分
全椒,无锡,G,G7374,1小时27分
全椒,无锡,D,D3074,1小时55分
全椒,无锡,D,D3070,1小时38分
全椒,无锡东,G,G3182,1小时32分
全椒,无锡,G,G7258,1小时51分
全椒,无锡东,G,G1778,1小时23分
全椒,无锡,G,G7374,1小时27分
全椒,惠山,D,D3074,1小时45分
全椒,无锡,D,D3044,1小时50分
全椒,无锡,D,D3070,1小时38分
全椒,无锡东,G,G3182,1小时32分
全椒,常州,G,G7258,1小时35分
全椒,常州北,G,G1778,1小时4分
全椒,常州,D,D3044,1小时33分
全椒,常州,G,G7374,1小时11分
全椒,常州,D,D3070,1小时20分
全椒,常州,G,G7258,1小时35分
全椒,常州北,G,G1778,1小时4分
全椒,常州,G,G7374,1小时11分
全椒,常州,D,D3044,1小时33分
全椒,常州,D,D3070,1小时20分
全椒,丹阳,G,G7258,1小时8分
全椒,丹阳,D,D3044,1小时11分
全椒,丹阳,D,D3074,1小时12分
全椒,镇江,G,G7258,0小时53分
全椒,镇江南,G,G1778,0小时45分
全椒,镇江,D,D3074,0小时53分
全椒,镇江,D,D3044,0小时52分
全椒,镇江,D,D3070,0小时53分
全椒,镇江南,G,G3182,0小时52分
全椒,南京南,G,G7258,0小时22分
全椒,南京南,G,G7458,0小时21分
全椒,南京南,G,G7684,0小时21分
全椒,南京南,G,G1778,0小时21分
全椒,南京南,G,G2810,0小时21分
全椒,南京南,G,G7676,0小时21分
全椒,南京南,G,G7374,0小时23分
全椒,南京南,D,D3074,0小时21分
全椒,南京南,G,G7618,0小时21分
全椒,南京南,G,G3108,0小时21分
全椒,南京南,D,D3044,0小时21分
全椒,南京南,G,G592,0小时21分
全椒,南京南,D,D3070,0小时22分
全椒,南京南,G,G3182,0小时21分
全椒,南京南,G,G7258,0小时22分
全椒,南京南,G,G7458,0小时21分
全椒,南京南,G,G7684,0小时21分
全椒,南京南,G,G1778,0小时21分
全椒,南京南,D,D3044,0小时21分
全椒,南京南,G,G2810,0小时21分
全椒,南京南,G,G7676,0小时21分
全椒,南京南,G,G7374,0小时23分
全椒,南京南,D,D3074,0小时21分
全椒,南京南,G,G7618,0小时21分
全椒,南京南,G,G3108,0小时21分
全椒,南京南,G,G592,0小时21分
全椒,南京南,D,D3070,0小时22分
全椒,南京南,G,G3182,0小时21分
全椒,昆山南,G,G1778,1小时57分
全椒,昆山南,D,D3044,2小时37分
全椒,阳澄湖,G,G7374,1小时56分
全椒,昆山南,D,D3074,2小时27分
全椒,昆山南,D,D3070,2小时16分
全椒,金山北,G,G7374,2小时54分
全椒,杭州东,G,G7458,1小时57分
全椒,杭州东,G,G7684,1小时54分
全椒,杭州东,G,G2810,2小时6分
全椒,杭州东,G,G7676,1小时57分
全椒,杭州东,G,G7374,3小时29分
全椒,杭州东,G,G7618,1小时55分
全椒,杭州东,G,G3108,1小时47分
全椒,杭州东,G,G592,2小时1分
全椒,杭州东,G,G7458,1小时57分
全椒,杭州东,G,G7684,1小时54分
全椒,杭州东,G,G2810,2小时6分
全椒,杭州东,G,G7676,1小时57分
全椒,杭州东,G,G7374,3小时29分
全椒,杭州东,G,G7618,1小时55分
全椒,杭州东,G,G3108,1小时47分
全椒,杭州东,G,G592,2小时1分
全椒,诸暨,G,G7374,4小时8分
全椒,义乌,G,G7374,4小时24分
全椒,义乌,G,G7618,2小时30分
全椒,金华,G,G7374,4小时42分
全椒,金华南,G,G7618,2小时49分
全椒,上海,G,G7258,2小时48分
全椒,上海虹桥,G,G1778,2小时24分
全椒,上海虹桥,G,G7374,2小时26分
全椒,上海南,D,D3074,3小时28分
全椒,上海虹桥,G,G3182,2小时13分
全椒,上海虹桥,D,D3044,3小时1分
全椒,上海南,D,D3070,3小时9分
全椒,杭州东,G,G7458,1小时57分
全椒,杭州东,G,G7684,1小时54分
全椒,杭州东,G,G2810,2小时6分
全椒,杭州东,G,G7676,1小时57分
全椒,杭州东,G,G7374,3小时29分
全椒,杭州东,G,G7618,1小时55分
全椒,杭州东,G,G3108,1小时47分
全椒,杭州东,G,G592,2小时1分
全椒,江宁,G,G2810,0小时33分
全椒,江宁,G,G592,0小时32分
全椒,句容西,G,G7676,0小时38分
全椒,溧水,G,G2810,0小时48分
全椒,溧水,G,G7618,0小时42分
全椒,溧水,G,G3108,0小时42分
全椒,溧水,G,G592,0小时47分
全椒,瓦屋山,G,G2810,0小时59分
全椒,溧阳,G,G7458,0小时53分
全椒,溧阳,G,G7684,0小时52分
全椒,溧阳,G,G2810,1小时11分
全椒,溧阳,G,G7676,1小时0分
全椒,溧阳,G,G7618,0小时59分
全椒,溧阳,G,G592,1小时5分
全椒,宜兴,G,G7458,1小时7分
全椒,宜兴,G,G7684,1小时6分
全椒,宜兴,G,G2810,1小时25分
全椒,宜兴,G,G7676,1小时14分
全椒,宜兴,G,G7618,1小时13分
全椒,宜兴,G,G3108,1小时6分
全椒,宜兴,G,G592,1小时19分
全椒,长兴,G,G7458,1小时22分
全椒,长兴,G,G7684,1小时20分
全椒,湖州,G,G7458,1小时33分
全椒,湖州,G,G7684,1小时31分
全椒,湖州,G,G2810,1小时43分
全椒,湖州,G,G7676,1小时32分
全椒,湖州,G,G7618,1小时31分
全椒,湖州,G,G3108,1小时24分
全椒,湖州,G,G592,1小时37分
全椒,绍兴北,G,G7684,2小时20分
全椒,绍兴北,G,G2810,2小时31分
全椒,绍兴北,G,G592,2小时22分
全椒,绍兴东,G,G592,2小时35分
全椒,余姚北,G,G7684,2小时40分
全椒,余姚北,G,G592,2小时49分
全椒,宁波,G,G7684,3小时11分
全椒,宁波,G,G2810,3小时7分
全椒,宁波,G,G7676,2小时51分
全椒,宁波,G,G592,3小时10分
全椒,宁波,G,G7684,3小时11分
全椒,宁波,G,G2810,3小时7分
全椒,宁波,G,G7676,2小时51分
全椒,宁波,G,G592,3小时10分
全椒,绍兴北,G,G7684,2小时20分
全椒,绍兴北,G,G2810,2小时31分
全椒,绍兴北,G,G592,2小时22分
全椒,绍兴东,G,G592,2小时35分
全椒,余姚北,G,G7684,2小时40分
全椒,余姚北,G,G592,2小时49分
全椒,宁海,G,G7684,3小时41分
全椒,三门县,G,G592,3小时54分
全椒,临海,G,G592,4小时7分
全椒,温岭,G,G7684,4小时26分
全椒,温岭,G,G592,4小时39分
全椒,乐清,G,G7684,4小时53分
全椒,温州南,G,G7684,5小时17分
全椒,温州南,G,G7618,4小时28分
全椒,温州南,G,G592,5小时16分
全椒,金华,G,G7374,4小时42分
全椒,金华南,G,G7618,2小时49分
全椒,武义北,G,G7618,3小时3分
全椒,永康南,G,G7618,3小时17分
全椒,武义北,G,G7618,3小时3分
全椒,永康南,G,G7618,3小时17分
全椒,温州南,G,G7684,5小时17分
全椒,温州南,G,G7618,4小时28分
全椒,温州南,G,G592,5小时16分
全椒,富阳,G,G7458,2小时24分
全椒,桐庐,G,G7458,2小时40分
全椒,建德,G,G7458,3小时5分
全椒,千岛湖,G,G7458,3小时19分
全椒,合肥南,G,G1113,0小时32分
全椒,合肥,G,G3181,0小时35分
全椒,合肥南,G,G1545,0小时32分
全椒,合肥南,G,G1539,0小时32分
全椒,合肥南,G,G3231,0小时32分
全椒,合肥南,D,D3073,0小时32分
全椒,合肥南,G,G577,0小时32分
全椒,合肥南,G,G7233,0小时32分
全椒,合肥南,D,D3065,0小时32分
全椒,合肥,G,G3153,0小时35分
全椒,合肥南,G,G7245,0小时32分
全椒,合肥,G,G7165,0小时35分
全椒,合肥,G,G3253,0小时35分
全椒,合肥南,D,D3083,0小时32分
全椒,合肥南,D,D3007,0小时32分
全椒,合肥,G,G7479,0小时36分
全椒,合肥南,G,G7657,0小时32分
全椒,合肥南,D,D3015,0小时32分
全椒,合肥南,D,D3043,0小时32分
全椒,合肥南,G,G7675,0小时32分
全椒,合肥南,G,G7577,0小时32分
全椒,合肥南,G,G1113,0小时32分
全椒,合肥,G,G3181,0小时35分
全椒,合肥南,G,G1545,0小时32分
全椒,合肥南,G,G1539,0小时32分
全椒,合肥南,G,G3231,0小时32分
全椒,合肥南,D,D3073,0小时32分
全椒,合肥南,G,G577,0小时32分
全椒,合肥南,G,G7233,0小时32分
全椒,合肥南,D,D3065,0小时32分
全椒,合肥,G,G3153,0小时35分
全椒,合肥南,G,G7245,0小时32分
全椒,合肥,G,G7165,0小时35分
全椒,合肥,G,G3253,0小时35分
全椒,合肥南,D,D3083,0小时32分
全椒,合肥南,D,D3007,0小时32分
全椒,合肥,G,G7479,0小时36分
全椒,合肥南,G,G7657,0小时32分
全椒,合肥南,D,D3015,0小时32分
全椒,合肥南,D,D3043,0小时32分
全椒,合肥南,G,G7675,0小时32分
全椒,合肥南,G,G7577,0小时32分
全椒,合肥南,G,G1113,0小时32分
全椒,合肥,G,G3181,0小时35分
全椒,合肥南,G,G1545,0小时32分
全椒,合肥南,G,G1539,0小时32分
全椒,合肥南,G,G3231,0小时32分
全椒,合肥南,D,D3073,0小时32分
全椒,合肥南,G,G577,0小时32分
全椒,合肥南,G,G7233,0小时32分
全椒,合肥南,D,D3065,0小时32分
全椒,合肥,G,G3153,0小时35分
全椒,合肥南,G,G7245,0小时32分
全椒,合肥,G,G7165,0小时35分
全椒,合肥,G,G3253,0小时35分
全椒,合肥南,D,D3083,0小时32分
全椒,合肥南,D,D3007,0小时32分
全椒,合肥北城,G,G7479,0小时52分
全椒,合肥南,G,G7657,0小时32分
全椒,合肥南,D,D3015,0小时32分
全椒,合肥南,D,D3043,0小时32分
全椒,合肥南,G,G7675,0小时32分
全椒,合肥南,G,G7577,0小时32分
全椒,长兴,G,G7458,1小时22分
全椒,长兴,G,G7684,1小时20分
