南京,上海南,K,K1511,3小时35分
南京,上海南,K,K8371,4小时13分
南京,上海南,K,K8351,4小时36分
南京,上海南,K,K335,3小时37分
南京,上海,K,K1047,3小时53分
南京,上海南,T,T135,4小时27分
南京,上海,K,K1555,3小时53分
南京,上海南,K,K47,4小时22分
南京,上海,Z,Z375,3小时44分
南京,上海,K,K289,3小时44分
南京,上海,K,K8431,4小时35分
南京,上海,K,K359,3小时44分
南京,上海,X,1461,3小时57分
南京,上海,K,K8361,4小时54分
南京,上海,D,D305,2小时47分
南京,上海,D,D309,2小时47分
南京,上海,K,K233,5小时19分
南京,上海,K,K281,3小时15分
南京,上海虹桥,D,D781,2小时48分
南京,上海,K,K463,4小时49分
南京,上海,G,G7029,1小时54分
南京,上海南,Z,Z281,4小时16分
南京,上海,G,G7031,1小时54分
南京,上海虹桥,G,G7101,2小时7分
南京,上海,K,K171,5小时4分
南京,上海虹桥,D,D2281,2小时9分
南京,上海,G,G7001,1小时39分
南京,上海,K,K781,4小时41分
南京,上海虹桥,G,G7313,2小时0分
南京,上海,Z,Z195,2小时40分
南京,上海虹桥,G,G7389,2小时10分
南京,上海,G,G7003,1小时39分
南京,上海虹桥,D,D3135,2小时28分
南京,上海,G,G7005,1小时39分
南京,上海,Z,Z163,2小时50分
南京,上海,Z,Z39,2小时52分
南京,上海虹桥,G,G7107,1小时56分
南京,上海,Z,Z267,2小时52分
南京,上海,G,G7045,2小时7分
南京,上海,T,T131,3小时14分
南京,上海,K,K559,4小时3分
南京,上海,K,K849,4小时4分
南京,上海虹桥,G,G7109,2小时5分
南京,上海,G,G7007,1小时47分
南京,上海,Z,Z251,2小时50分
南京,上海,Z,Z171,2小时50分
南京,上海,K,K1155,4小时28分
南京,上海虹桥,G,G7161,1小时59分
南京,上海,T,T115,3小时5分
南京,上海虹桥,G,G7111,2小时1分
南京,上海,K,K371,4小时9分
南京,上海,G,G7009,1小时39分
南京,上海虹桥,G,G7113,1小时47分
南京,上海虹桥,D,D3141,1小时54分
南京,上海,G,G7049,2小时5分
南京,上海,G,G7011,1小时40分
南京,上海,Z,Z215,2小时43分
南京,上海,K,K187,3小时40分
南京,上海,K,K1331,3小时52分
南京,上海,Z,Z303,3小时19分
南京,上海,G,G7013,1小时39分
南京,上海,G,G7053,2小时7分
南京,上海南,K,K525,4小时31分
南京,上海,K,K2185,4小时14分
南京,上海虹桥,G,G7127,1小时42分
南京,上海,G,G7055,1小时57分
南京,上海,G,G7015,1小时40分
南京,上海,X,1227,4小时10分
南京,上海,G,G7057,2小时0分
南京,上海南,K,K527,4小时10分
南京,上海虹桥,G,G7117,2小时3分
南京,上海,G,G7017,1小时40分
南京,上海,G,G7059,1小时54分
南京,上海,G,G7041,2小时3分
南京,上海,G,G7019,1小时40分
南京,上海,G,G7063,2小时7分
南京,上海虹桥,G,G7119,1小时56分
南京,上海,G,G7021,1小时39分
南京,上海,G,G7023,1小时40分
南京,上海,G,G7065,2小时5分
南京,上海,G,G7097,2小时4分
南京,上海,G,G7099,2小时5分
南京,上海,G,G7025,1小时40分
南京,上海,K,K8365,3小时28分
南京,上海,K,K8427,3小时39分
南京,上海虹桥,G,G7125,1小时53分
南京,上海,G,G7027,1小时49分
南京,上海,G,G7069,1小时54分
南京,上海,K,K8481,3小时45分
南京,上海,K,K151,3小时50分
南京,上海,K,K8355,5小时8分
南京,上海,K,K1101,4小时31分
南京,上海,C,C3854,3小时39分
南京,上海虹桥,D,D5458,3小时52分
南京,上海,K,K737,4小时54分
南京,上海,C,C3858,3小时52分
南京,上海虹桥,C,C3774,3小时54分
南京,上海,C,C3862,3小时54分
南京,上海,K,K515,3小时54分
南京,上海虹桥,C,C3778,3小时54分
南京,上海,C,C3866,4小时0分
南京,上海,C,C3870,3小时52分
南京,上海南,K,K1805,5小时26分
南京,昆山,Z,Z175,2小时57分
南京,昆山,K,K8371,2小时54分
南京,昆山,K,K47,3小时22分
南京,昆山,Z,Z375,2小时53分
南京,昆山,K,K8361,4小时12分
南京,昆山,K,K233,4小时4分
南京,昆山南,G,G7031,1小时32分
南京,昆山南,G,G7101,1小时46分
南京,昆山,K,K171,3小时54分
南京,昆山,T,T235,3小时33分
南京,昆山南,D,D2281,1小时38分
南京,昆山南,G,G7313,1小时39分
南京,昆山南,G,G7389,1小时47分
南京,昆山南,D,D3135,2小时5分
南京,昆山南,G,G7107,1小时36分
南京,昆山南,G,G7045,1小时46分
南京,昆山南,G,G7109,1小时42分
南京,昆山南,G,G7007,1小时26分
南京,昆山南,G,G7161,1小时39分
南京,昆山南,G,G7111,1小时39分
南京,昆山南,D,D3141,1小时32分
南京,昆山南,G,G7049,1小时38分
南京,昆山,Z,Z303,2小时42分
南京,昆山,T,T111,2小时55分
南京,昆山,K,K525,3小时5分
南京,昆山,K,K2185,2小时59分
南京,昆山南,G,G7127,1小时22分
南京,昆山南,G,G7055,1小时37分
南京,昆山南,G,G7117,1小时39分
南京,昆山南,G,G7041,1小时33分
南京,昆山南,G,G7063,1小时44分
南京,昆山南,G,G7119,1小时33分
南京,昆山南,G,G7065,1小时40分
南京,昆山南,G,G7097,1小时41分
南京,昆山南,G,G7099,1小时43分
南京,昆山,K,K8427,2小时56分
南京,昆山南,G,G7069,1小时32分
南京,昆山,K,K8355,4小时12分
南京,昆山,K,K1101,3小时45分
南京,昆山,K,K1149,4小时0分
南京,昆山,K,K515,2小时53分
南京,苏州,Z,Z175,2小时28分
南京,苏州,K,K1511,2小时21分
南京,苏州,K,K8371,2小时21分
南京,苏州,K,K8351,2小时33分
南京,苏州,K,K335,2小时21分
南京,苏州,K,K1047,2小时26分
南京,苏州,T,T135,2小时22分
南京,苏州,K,K1555,2小时32分
南京,苏州,K,K47,2小时53分
南京,苏州,Z,Z375,2小时24分
南京,苏州,K,K289,2小时34分
南京,苏州,K,K8431,2小时56分
南京,苏州,X,1461,2小时40分
南京,苏州,K,K8361,2小时53分
南京,苏州,D,D305,1小时49分
南京,苏州,D,D309,1小时49分
南京,苏州,K,K233,3小时36分
南京,苏州,D,D781,1小时56分
南京,苏州,K,K463,2小时50分
南京,苏州,G,G7029,1小时25分
南京,苏州,Z,Z281,2小时20分
南京,苏州新区,G,G7101,1小时23分
南京,苏州,K,K171,3小时25分
南京,苏州,T,T235,2小时58分
南京,苏州,D,D2281,1小时24分
南京,苏州,G,G7001,1小时12分
南京,苏州,K,K781,3小时19分
南京,苏州新区,G,G7313,1小时16分
南京,苏州,Z,Z85,1小时47分
南京,苏州,G,G7389,1小时33分
南京,苏州,K,K1327,3小时2分
南京,苏州,G,G7003,1小时12分
南京,苏州,D,D3135,1小时45分
南京,苏州,G,G7005,1小时12分
南京,苏州,Z,Z163,1小时52分
南京,苏州,Z,Z39,1小时53分
南京,苏州,G,G7107,1小时21分
南京,苏州,Z,Z267,1小时53分
南京,苏州,K,K35,2小时15分
南京,苏州,G,G7045,1小时32分
南京,苏州,T,T131,2小时17分
南京,苏州,K,K559,2小时57分
南京,苏州,K,K849,3小时1分
南京,苏州,G,G7109,1小时28分
南京,苏州,G,G7007,1小时12分
南京,苏州,Z,Z171,1小时55分
南京,苏州,K,K1155,2小时46分
南京,苏州,K,K2665,3小时31分
南京,苏州,G,G7161,1小时25分
南京,苏州,T,T115,2小时5分
南京,苏州,G,G7111,1小时25分
南京,苏州,K,K371,2小时31分
南京,苏州,G,G7009,1小时12分
南京,苏州,G,G7113,1小时12分
南京,苏州,D,D3141,1小时17分
南京,苏州,G,G7049,1小时24分
南京,苏州,G,G7011,1小时12分
南京,苏州,Z,Z215,1小时46分
南京,苏州,Z,Z303,2小时15分
南京,苏州,G,G7013,1小时12分
南京,苏州,G,G7053,1小时27分
南京,苏州,T,T111,2小时26分
南京,苏州,K,K525,2小时37分
南京,苏州,K,K2185,2小时23分
南京,苏州,G,G7127,1小时7分
南京,苏州,G,G7055,1小时23分
南京,苏州,G,G7015,1小时12分
南京,苏州,X,1227,2小时52分
南京,苏州,G,G7057,1小时24分
南京,苏州,K,K527,2小时37分
南京,苏州,G,G7117,1小时25分
南京,苏州,G,G7017,1小时12分
南京,苏州,G,G7059,1小时14分
南京,苏州,G,G7041,1小时19分
南京,苏州,G,G7019,1小时12分
南京,苏州新区,G,G7063,1小时21分
南京,苏州,G,G7119,1小时16分
南京,苏州,G,G7021,1小时12分
南京,苏州,G,G7023,1小时12分
南京,苏州,G,G7065,1小时25分
南京,苏州,K,K8401,3小时1分
南京,苏州,G,G7097,1小时27分
南京,苏州,G,G7099,1小时28分
南京,苏州,G,G7025,1小时12分
南京,苏州,K,K8365,2小时22分
南京,苏州,K,K8427,2小时28分
南京,苏州,G,G7125,1小时25分
南京,苏州,G,G7027,1小时18分
南京,苏州,G,G7069,1小时18分
南京,苏州,K,K359,2小时30分
南京,苏州,K,K8481,2小时30分
南京,苏州,K,K151,2小时25分
南京,苏州,K,K8355,3小时45分
南京,苏州,K,K1101,3小时17分
南京,苏州,K,K1149,3小时18分
南京,苏州,K,K737,2小时49分
南京,苏州,Z,Z251,1小时55分
南京,苏州,K,K187,2小时32分
南京,苏州,K,K1331,2小时36分
南京,苏州,K,K515,2小时23分
南京,苏州,K,K1805,3小时59分
南京,无锡,Z,Z175,1小时54分
南京,无锡,K,K1511,1小时50分
南京,无锡,K,K8371,1小时50分
南京,无锡,K,K8351,1小时50分
南京,无锡,K,K335,1小时50分
南京,无锡,K,K1047,1小时51分
南京,无锡,T,T135,1小时47分
南京,无锡,K,K1555,1小时59分
南京,无锡,K,K47,2小时12分
南京,无锡,Z,Z375,1小时52分
南京,无锡,K,K289,1小时53分
南京,无锡,K,K8431,1小时58分
南京,无锡,X,1461,2小时8分
南京,无锡,K,K8361,2小时15分
南京,无锡,D,D305,1小时25分
南京,无锡,D,D309,1小时25分
南京,无锡,K,K233,2小时10分
南京,无锡,K,K281,1小时44分
南京,无锡,D,D781,1小时19分
南京,无锡,K,K463,2小时18分
南京,无锡,G,G7029,1小时8分
南京,无锡,Z,Z281,1小时47分
南京,惠山,G,G7031,0小时52分
南京,无锡,G,G7101,1小时8分
南京,无锡,K,K171,2小时53分
南京,无锡,T,T235,2小时25分
南京,无锡,D,D2281,1小时6分
南京,无锡,G,G7001,0小时55分
南京,无锡,K,K781,2小时23分
南京,无锡,G,G7313,1小时1分
南京,无锡,Z,Z195,1小时21分
南京,无锡,Z,Z85,1小时21分
南京,惠山,G,G7389,1小时7分
南京,无锡,K,K1327,2小时8分
南京,无锡,G,G7003,0小时55分
南京,惠山,D,D3135,1小时8分
南京,无锡,G,G7005,0小时55分
南京,无锡,Z,Z163,1小时26分
南京,无锡,Z,Z39,1小时27分
南京,无锡,G,G7107,1小时4分
南京,无锡,Z,Z267,1小时27分
南京,惠山,G,G7045,1小时12分
南京,无锡,T,T131,1小时47分
南京,无锡,K,K559,2小时25分
南京,无锡,K,K849,2小时29分
南京,无锡,G,G7109,1小时11分
南京,无锡,G,G7007,0小时55分
南京,无锡,Z,Z171,1小时29分
南京,无锡,K,K1155,2小时14分
南京,无锡,K,K2665,2小时24分
南京,惠山,G,G7161,0小时58分
南京,无锡,T,T115,1小时36分
南京,无锡,G,G7111,1小时8分
南京,无锡,K,K371,1小时59分
南京,无锡,G,G7009,0小时55分
南京,无锡,G,G7113,0小时55分
南京,无锡,D,D3141,1小时0分
南京,惠山,G,G7049,0小时55分
南京,无锡,G,G7011,0小时55分
南京,无锡,Z,Z303,1小时45分
南京,无锡,G,G7013,0小时55分
南京,无锡,G,G7053,1小时10分
南京,无锡,T,T111,1小时53分
南京,无锡,K,K525,1小时58分
南京,无锡,K,K2185,1小时51分
南京,无锡,G,G7127,0小时51分
南京,无锡,G,G7055,1小时6分
南京,无锡,G,G7015,0小时55分
南京,无锡,X,1227,2小时2分
南京,惠山,G,G7057,0小时58分
南京,无锡,K,K527,2小时5分
南京,无锡,G,G7117,1小时2分
南京,无锡,G,G7017,0小时55分
南京,无锡,G,G7059,0小时57分
南京,无锡,G,G7041,1小时2分
南京,无锡,G,G7019,0小时55分
南京,无锡,G,G7063,1小时7分
南京,无锡,G,G7119,0小时57分
南京,无锡,G,G7021,0小时55分
南京,无锡,G,G7023,0小时55分
南京,无锡,G,G7065,1小时8分
南京,无锡,G,G7097,1小时10分
南京,无锡,G,G7099,1小时12分
南京,无锡,G,G7025,0小时55分
南京,无锡,K,K8427,1小时55分
南京,无锡,G,G7125,1小时8分
南京,无锡,G,G7027,1小时1分
南京,无锡,G,G7069,1小时1分
南京,无锡,K,K359,1小时58分
南京,无锡,K,K8481,1小时58分
南京,无锡,K,K151,1小时54分
南京,无锡,K,K8355,2小时23分
南京,无锡,K,K1101,2小时44分
南京,无锡,K,K1149,2小时45分
南京,无锡,K,K737,2小时8分
南京,无锡,Z,Z251,1小时29分
南京,无锡,K,K187,1小时59分
南京,无锡,K,K1331,2小时3分
南京,无锡,K,K515,1小时52分
南京,无锡,K,K1805,3小时24分
南京,常州,Z,Z175,1小时19分
南京,常州,K,K1511,1小时20分
南京,常州,K,K8371,1小时20分
南京,常州,K,K8351,1小时20分
南京,常州,K,K335,1小时20分
南京,常州,K,K1047,1小时20分
南京,常州,T,T135,1小时18分
南京,常州,K,K1555,1小时28分
南京,常州,K,K47,1小时40分
南京,常州,Z,Z375,1小时21分
南京,常州,K,K289,1小时21分
南京,常州,X,1461,1小时20分
南京,常州,K,K8361,1小时39分
南京,常州,D,D305,1小时2分
南京,常州,D,D309,1小时2分
南京,常州,K,K233,1小时39分
南京,常州,K,K463,1小时47分
南京,常州,G,G7029,0小时52分
南京,常州,Z,Z281,1小时17分
南京,常州,G,G7101,0小时52分
南京,常州,K,K171,2小时15分
南京,常州,T,T235,1小时42分
南京,常州,D,D2281,0小时50分
南京,常州,G,G7001,0小时39分
南京,常州,K,K781,1小时44分
南京,常州,G,G7313,0小时45分
南京,常州,G,G7389,0小时54分
南京,常州,K,K1327,1小时37分
南京,常州,G,G7003,0小时39分
南京,常州,D,D3135,0小时55分
南京,常州,G,G7005,0小时39分
南京,常州,Z,Z39,1小时2分
南京,常州,G,G7107,0小时46分
南京,常州,Z,Z267,1小时2分
南京,常州,K,K35,1小时20分
南京,常州,G,G7045,0小时59分
南京,常州,T,T131,1小时20分
南京,常州,K,K559,1小时49分
南京,常州,K,K849,1小时58分
南京,常州,G,G7109,0小时55分
南京,常州,G,G7007,0小时39分
南京,常州,Z,Z171,1小时4分
南京,常州,K,K1155,1小时43分
南京,常州,K,K2665,1小时53分
南京,常州,G,G7161,0小时45分
南京,常州,G,G7111,0小时52分
南京,常州,K,K371,1小时28分
南京,常州,G,G7009,0小时39分
南京,常州,G,G7113,0小时39分
南京,常州,D,D3141,0小时43分
南京,常州,G,G7049,0小时39分
南京,常州,G,G7011,0小时39分
南京,常州,K,K1331,1小时32分
南京,常州,Z,Z303,1小时19分
南京,常州,G,G7013,0小时39分
南京,常州,G,G7053,0小时53分
南京,常州,T,T111,1小时23分
南京,常州,K,K525,1小时27分
南京,常州,K,K2185,1小时20分
南京,常州,G,G7055,0小时50分
南京,常州,G,G7015,0小时39分
南京,常州,X,1227,1小时32分
南京,戚墅堰,G,G7057,0小时49分
南京,常州,K,K527,1小时35分
南京,常州,G,G7017,0小时39分
南京,戚墅堰,G,G7041,0小时50分
南京,常州,G,G7019,0小时39分
南京,常州,G,G7063,0小时49分
南京,常州,G,G7021,0小时39分
南京,常州,G,G7023,0小时39分
南京,常州,G,G7065,0小时52分
南京,常州,K,K8401,1小时52分
南京,常州,G,G7097,0小时54分
南京,常州,G,G7099,0小时55分
南京,常州,G,G7025,0小时39分
南京,常州,G,G7125,0小时52分
南京,常州,G,G7027,0小时45分
南京,常州,G,G7069,0小时45分
南京,常州,K,K359,1小时27分
南京,常州,K,K8481,1小时27分
南京,常州,K,K151,1小时23分
南京,常州,K,K8355,1小时45分
南京,常州,K,K1101,2小时13分
南京,常州,K,K1149,2小时13分
南京,常州,K,K737,1小时37分
南京,常州,Z,Z251,1小时4分
南京,常州,K,K515,1小时21分
南京,常州,K,K8365,1小时25分
南京,常州,K,K1805,2小时31分
南京,丹阳,K,K463,1小时14分
南京,丹阳,G,G7029,0小时35分
南京,丹阳,G,G7101,0小时35分
南京,丹阳,K,K171,0小时55分
南京,丹阳,D,D2281,0小时32分
南京,丹阳,G,G7389,0小时37分
南京,丹阳,K,K1327,0小时58分
南京,丹阳,D,D3135,0小时37分
南京,丹阳,G,G7045,0小时42分
南京,丹阳,G,G7109,0小时38分
南京,丹阳,G,G7111,0小时35分
南京,丹阳,G,G7053,0小时35分
南京,丹阳,G,G7055,0小时29分
南京,丹阳,X,1227,0小时59分
南京,丹阳,K,K527,1小时1分
南京,丹阳,G,G7117,0小时35分
南京,丹阳,G,G7041,0小时29分
南京,丹阳,G,G7119,0小时29分
南京,丹阳,G,G7065,0小时35分
南京,丹阳,G,G7097,0小时38分
南京,丹阳,G,G7099,0小时39分
南京,丹阳,G,G7125,0小时35分
南京,镇江,Z,Z175,0小时36分
南京,镇江,T,T135,0小时36分
南京,镇江,K,K1555,0小时40分
南京,镇江,K,K47,0小时40分
南京,镇江,K,K233,0小时40分
南京,镇江,K,K463,0小时52分
南京,镇江,G,G7029,0小时20分
南京,镇江,Z,Z281,0小时34分
南京,镇江,G,G7031,0小时20分
南京,镇江,G,G7101,0小时20分
南京,镇江,K,K781,0小时42分
南京,镇江,G,G7313,0小时20分
南京,镇江,G,G7389,0小时22分
南京,镇江,D,D3135,0小时23分
南京,镇江,G,G7107,0小时22分
南京,镇江,G,G7045,0小时27分
南京,镇江,K,K559,0小时40分
南京,镇江,K,K849,0小时58分
南京,镇江,G,G7109,0小时20分
南京,镇江,K,K1155,0小时43分
南京,镇江,K,K2665,0小时52分
南京,镇江,G,G7161,0小时20分
南京,镇江,G,G7111,0小时20分
南京,镇江,K,K371,0小时40分
南京,镇江,Z,Z303,0小时36分
南京,镇江,G,G7053,0小时21分
南京,镇江,K,K525,0小时40分
南京,镇江,G,G7057,0小时20分
南京,镇江,K,K527,0小时40分
南京,镇江,G,G7117,0小时20分
南京,镇江,G,G7059,0小时20分
南京,镇江,G,G7063,0小时20分
南京,镇江,G,G7065,0小时20分
南京,镇江,K,K8401,0小时52分
南京,镇江,G,G7097,0小时20分
南京,镇江,G,G7099,0小时20分
南京,镇江,G,G7125,0小时20分
南京,镇江,G,G7027,0小时20分
南京,镇江,G,G7069,0小时20分
南京,镇江,K,K359,0小时40分
南京,镇江,K,K1101,0小时42分
南京,镇江,K,K737,0小时40分
南京,镇江,K,K187,0小时40分
南京,滁州北,K,K290,0小时38分
南京,滁州北,K,K516,0小时38分
南京,滁州北,K,K360,0小时38分
南京,滁州北,K,K1540,0小时38分
南京,滁州北,K,K2186,0小时40分
南京,滁州北,X,1462,0小时38分
南京,滁州北,K,K464,0小时38分
南京,滁州北,K,K850,0小时38分
南京,滁州北,K,K2666,0小时38分
南京,滁州北,X,1228,0小时38分
南京,滁州北,K,K8482,0小时38分
南京,滁州北,K,K8372,0小时38分
南京,滁州北,K,K8432,0小时39分
南京,滁州北,K,K348,0小时38分
南京,滁州北,Z,Z366,0小时33分
南京,滁州北,K,K172,0小时56分
南京,滁州北,K,K1102,0小时38分
南京,滁州北,K,K738,0小时38分
南京,滁州北,K,K1806,0小时53分
南京,滁州北,K,K188,0小时40分
南京,滁州北,K,K1332,0小时40分
南京,上海南,K,K1511,3小时35分
南京,上海南,K,K8371,4小时13分
南京,上海南,K,K8351,4小时36分
南京,上海南,K,K335,3小时37分
南京,上海,K,K1047,3小时53分
南京,上海南,T,T135,4小时27分
南京,上海,K,K1555,3小时53分
南京,上海南,K,K47,4小时22分
南京,上海,Z,Z375,3小时44分
南京,上海,K,K289,3小时44分
南京,上海,K,K8431,4小时35分
南京,上海,K,K359,3小时44分
南京,上海,X,1461,3小时57分
南京,上海,K,K8361,4小时54分
南京,上海,D,D305,2小时47分
南京,上海,D,D309,2小时47分
南京,上海,K,K233,5小时19分
南京,上海,K,K281,3小时15分
南京,上海虹桥,D,D781,2小时48分
南京,上海,K,K463,4小时49分
南京,上海,G,G7029,1小时54分
南京,上海南,Z,Z281,4小时16分
南京,上海,G,G7031,1小时54分
南京,上海虹桥,G,G7101,2小时7分
南京,上海,K,K171,5小时4分
南京,上海虹桥,D,D2281,2小时9分
南京,上海,G,G7001,1小时39分
南京,上海,K,K781,4小时41分
南京,上海虹桥,G,G7313,2小时0分
南京,上海,Z,Z195,2小时40分
南京,上海虹桥,G,G7389,2小时10分
南京,上海,G,G7003,1小时39分
南京,上海虹桥,D,D3135,2小时28分
南京,上海,G,G7005,1小时39分
南京,上海,Z,Z163,2小时50分
南京,上海,Z,Z39,2小时52分
南京,上海虹桥,G,G7107,1小时56分
南京,上海,Z,Z267,2小时52分
南京,上海,G,G7045,2小时7分
南京,上海,T,T131,3小时14分
南京,上海,K,K559,4小时3分
南京,上海,K,K849,4小时4分
南京,上海虹桥,G,G7109,2小时5分
南京,上海,G,G7007,1小时47分
南京,上海,Z,Z251,2小时50分
南京,上海,Z,Z171,2小时50分
南京,上海,K,K1155,4小时28分
南京,上海虹桥,G,G7161,1小时59分
南京,上海,T,T115,3小时5分
南京,上海虹桥,G,G7111,2小时1分
南京,上海,K,K371,4小时9分
南京,上海,G,G7009,1小时39分
南京,上海虹桥,G,G7113,1小时47分
南京,上海虹桥,D,D3141,1小时54分
南京,上海,G,G7049,2小时5分
南京,上海,G,G7011,1小时40分
南京,上海,Z,Z215,2小时43分
南京,上海,K,K187,3小时40分
南京,上海,K,K1331,3小时52分
南京,上海,Z,Z303,3小时19分
南京,上海,G,G7013,1小时39分
南京,上海,G,G7053,2小时7分
南京,上海南,K,K525,4小时31分
南京,上海,K,K2185,4小时14分
南京,上海虹桥,G,G7127,1小时42分
南京,上海,G,G7055,1小时57分
南京,上海,G,G7015,1小时40分
南京,上海,X,1227,4小时10分
南京,上海,G,G7057,2小时0分
南京,上海南,K,K527,4小时10分
南京,上海虹桥,G,G7117,2小时3分
南京,上海,G,G7017,1小时40分
南京,上海,G,G7059,1小时54分
南京,上海,G,G7041,2小时3分
南京,上海,G,G7019,1小时40分
南京,上海,G,G7063,2小时7分
南京,上海虹桥,G,G7119,1小时56分
南京,上海,G,G7021,1小时39分
南京,上海,G,G7023,1小时40分
南京,上海,G,G7065,2小时5分
南京,上海,G,G7097,2小时4分
南京,上海,G,G7099,2小时5分
南京,上海,G,G7025,1小时40分
南京,上海,K,K8365,3小时28分
南京,上海,K,K8427,3小时39分
南京,上海虹桥,G,G7125,1小时53分
南京,上海,G,G7027,1小时49分
南京,上海,G,G7069,1小时54分
南京,上海,K,K8481,3小时45分
南京,上海,K,K151,3小时50分
南京,上海,K,K8355,5小时8分
南京,上海,K,K1101,4小时31分
南京,上海,C,C3854,3小时39分
南京,上海虹桥,D,D5458,3小时52分
南京,上海,K,K737,4小时54分
南京,上海,C,C3858,3小时52分
南京,上海虹桥,C,C3774,3小时54分
南京,上海,C,C3862,3小时54分
南京,上海,K,K515,3小时54分
南京,上海虹桥,C,C3778,3小时54分
南京,上海,C,C3866,4小时0分
南京,上海,C,C3870,3小时52分
南京,上海南,K,K1805,5小时26分
南京,上海南,K,K1511,3小时35分
南京,上海南,K,K8371,4小时13分
南京,上海南,K,K8351,4小时36分
南京,上海南,K,K335,3小时37分
南京,上海,K,K1047,3小时53分
南京,上海南,T,T135,4小时27分
南京,上海,K,K1555,3小时53分
南京,上海南,K,K47,4小时22分
南京,上海,Z,Z375,3小时44分
南京,上海,K,K289,3小时44分
南京,上海,K,K8431,4小时35分
南京,上海,K,K359,3小时44分
南京,上海,X,1461,3小时57分
南京,上海,K,K8361,4小时54分
南京,上海,D,D305,2小时47分
南京,上海,D,D309,2小时47分
南京,上海,K,K233,5小时19分
南京,上海,K,K281,3小时15分
南京,上海虹桥,D,D781,2小时48分
南京,上海,K,K463,4小时49分
南京,上海,G,G7029,1小时54分
南京,上海南,Z,Z281,4小时16分
南京,上海,G,G7031,1小时54分
南京,上海虹桥,G,G7101,2小时7分
南京,上海,K,K171,5小时4分
南京,上海虹桥,D,D2281,2小时9分
南京,上海,G,G7001,1小时39分
南京,上海,K,K781,4小时41分
南京,上海虹桥,G,G7313,2小时0分
南京,上海,Z,Z195,2小时40分
南京,上海虹桥,G,G7389,2小时10分
南京,上海,G,G7003,1小时39分
南京,上海虹桥,D,D3135,2小时28分
南京,上海,G,G7005,1小时39分
南京,上海,Z,Z163,2小时50分
南京,上海,Z,Z39,2小时52分
南京,上海虹桥,G,G7107,1小时56分
南京,上海,Z,Z267,2小时52分
南京,上海,G,G7045,2小时7分
南京,上海,T,T131,3小时14分
南京,上海,K,K559,4小时3分
南京,上海,K,K849,4小时4分
南京,上海虹桥,G,G7109,2小时5分
南京,上海,G,G7007,1小时47分
南京,上海,Z,Z251,2小时50分
南京,上海,Z,Z171,2小时50分
南京,上海,K,K1155,4小时28分
南京,上海虹桥,G,G7161,1小时59分
南京,上海,T,T115,3小时5分
南京,上海虹桥,G,G7111,2小时1分
南京,上海,K,K371,4小时9分
南京,上海,G,G7009,1小时39分
南京,上海虹桥,G,G7113,1小时47分
南京,上海虹桥,D,D3141,1小时54分
南京,上海,G,G7049,2小时5分
南京,上海,G,G7011,1小时40分
南京,上海,Z,Z215,2小时43分
南京,上海,K,K187,3小时40分
南京,上海,K,K1331,3小时52分
南京,上海,Z,Z303,3小时19分
南京,上海,G,G7013,1小时39分
南京,上海西,G,G7053,1小时59分
南京,上海南,K,K525,4小时31分
南京,上海,K,K2185,4小时14分
南京,上海虹桥,G,G7127,1小时42分
南京,上海,G,G7055,1小时57分
南京,上海,G,G7015,1小时40分
南京,上海,X,1227,4小时10分
南京,上海,G,G7057,2小时0分
南京,上海南,K,K527,4小时10分
南京,上海虹桥,G,G7117,2小时3分
南京,上海,G,G7017,1小时40分
南京,上海西,G,G7059,1小时47分
南京,上海,G,G7041,2小时3分
南京,上海,G,G7019,1小时40分
南京,上海,G,G7063,2小时7分
南京,上海虹桥,G,G7119,1小时56分
南京,上海,G,G7021,1小时39分
南京,上海,G,G7023,1小时40分
南京,上海西,G,G7065,1小时57分
南京,上海,G,G7097,2小时4分
南京,上海,G,G7099,2小时5分
南京,上海,G,G7025,1小时40分
南京,上海,K,K8365,3小时28分
南京,上海,K,K8427,3小时39分
南京,上海虹桥,G,G7125,1小时53分
南京,上海西,G,G7027,1小时42分
南京,上海,G,G7069,1小时54分
南京,上海,K,K8481,3小时45分
南京,上海,K,K151,3小时50分
南京,上海,K,K8355,5小时8分
南京,上海,K,K1101,4小时31分
南京,上海,C,C3854,3小时39分
南京,上海虹桥,D,D5458,3小时52分
南京,上海,K,K737,4小时54分
南京,上海,C,C3858,3小时52分
南京,上海虹桥,C,C3774,3小时54分
南京,上海,C,C3862,3小时54分
南京,上海,K,K515,3小时54分
南京,上海虹桥,C,C3778,3小时54分
南京,上海,C,C3866,4小时0分
南京,上海,C,C3870,3小时52分
南京,上海南,K,K1805,5小时26分
南京,安亭北,G,G7059,1小时34分
南京,安亭北,G,G7041,1小时48分
南京,昆山,Z,Z175,2小时57分
南京,昆山,K,K8371,2小时54分
南京,昆山,K,K47,3小时22分
南京,昆山,Z,Z375,2小时53分
南京,昆山,K,K8361,4小时12分
南京,昆山,K,K233,4小时4分
南京,昆山南,G,G7031,1小时32分
南京,昆山南,G,G7101,1小时46分
南京,昆山,K,K171,3小时54分
南京,昆山,T,T235,3小时33分
南京,昆山南,D,D2281,1小时38分
南京,昆山南,G,G7313,1小时39分
南京,昆山南,G,G7389,1小时47分
南京,昆山南,D,D3135,2小时5分
南京,昆山南,G,G7107,1小时36分
南京,昆山南,G,G7045,1小时46分
南京,昆山南,G,G7109,1小时42分
南京,昆山南,G,G7007,1小时26分
南京,昆山南,G,G7161,1小时39分
南京,昆山南,G,G7111,1小时39分
南京,昆山南,D,D3141,1小时32分
南京,昆山南,G,G7049,1小时38分
南京,昆山,Z,Z303,2小时42分
南京,昆山,T,T111,2小时55分
南京,昆山,K,K525,3小时5分
南京,昆山,K,K2185,2小时59分
南京,昆山南,G,G7127,1小时22分
南京,昆山南,G,G7055,1小时37分
南京,昆山南,G,G7117,1小时39分
南京,昆山南,G,G7041,1小时33分
南京,昆山南,G,G7063,1小时44分
南京,昆山南,G,G7119,1小时33分
南京,昆山南,G,G7065,1小时40分
南京,昆山南,G,G7097,1小时41分
南京,昆山南,G,G7099,1小时43分
南京,昆山,K,K8427,2小时56分
南京,昆山南,G,G7069,1小时32分
南京,昆山,K,K8355,4小时12分
南京,昆山,K,K1101,3小时45分
南京,昆山,K,K1149,4小时0分
南京,昆山,K,K515,2小时53分
南京,苏州,Z,Z175,2小时28分
南京,苏州,K,K1511,2小时21分
南京,苏州,K,K8371,2小时21分
南京,苏州,K,K8351,2小时33分
南京,苏州,K,K335,2小时21分
南京,苏州,K,K1047,2小时26分
南京,苏州,T,T135,2小时22分
南京,苏州,K,K1555,2小时32分
南京,苏州,K,K47,2小时53分
南京,苏州,Z,Z375,2小时24分
南京,苏州,K,K289,2小时34分
南京,苏州,K,K8431,2小时56分
南京,苏州,X,1461,2小时40分
南京,苏州,K,K8361,2小时53分
南京,苏州,D,D305,1小时49分
南京,苏州,D,D309,1小时49分
南京,苏州,K,K233,3小时36分
南京,苏州,D,D781,1小时56分
南京,苏州,K,K463,2小时50分
南京,苏州,G,G7029,1小时25分
南京,苏州,Z,Z281,2小时20分
南京,苏州新区,G,G7101,1小时23分
南京,苏州,K,K171,3小时25分
南京,苏州,T,T235,2小时58分
南京,苏州,D,D2281,1小时24分
南京,苏州,G,G7001,1小时12分
南京,苏州,K,K781,3小时19分
南京,苏州新区,G,G7313,1小时16分
南京,苏州,Z,Z85,1小时47分
南京,苏州,G,G7389,1小时33分
南京,苏州,K,K1327,3小时2分
南京,苏州,G,G7003,1小时12分
南京,苏州,D,D3135,1小时45分
南京,苏州,G,G7005,1小时12分
南京,苏州,Z,Z163,1小时52分
南京,苏州,Z,Z39,1小时53分
南京,苏州,G,G7107,1小时21分
南京,苏州,Z,Z267,1小时53分
南京,苏州,K,K35,2小时15分
南京,苏州,G,G7045,1小时32分
南京,苏州,T,T131,2小时17分
南京,苏州,K,K559,2小时57分
南京,苏州,K,K849,3小时1分
南京,苏州,G,G7109,1小时28分
南京,苏州,G,G7007,1小时12分
南京,苏州,Z,Z171,1小时55分
南京,苏州,K,K1155,2小时46分
南京,苏州,K,K2665,3小时31分
南京,苏州,G,G7161,1小时25分
南京,苏州,T,T115,2小时5分
南京,苏州,G,G7111,1小时25分
南京,苏州,K,K371,2小时31分
南京,苏州,G,G7009,1小时12分
南京,苏州园区,G,G7113,1小时21分
南京,苏州,D,D3141,1小时17分
南京,苏州,G,G7049,1小时24分
南京,苏州,G,G7011,1小时12分
南京,苏州,Z,Z215,1小时46分
南京,苏州,Z,Z303,2小时15分
南京,苏州,G,G7013,1小时12分
南京,苏州园区,G,G7053,1小时36分
南京,苏州,T,T111,2小时26分
南京,苏州,K,K525,2小时37分
南京,苏州,K,K2185,2小时23分
南京,苏州,G,G7127,1小时7分
南京,苏州,G,G7055,1小时23分
南京,苏州,G,G7015,1小时12分
南京,苏州,X,1227,2小时52分
南京,苏州园区,G,G7057,1小时33分
南京,苏州,K,K527,2小时37分
南京,苏州,G,G7117,1小时25分
南京,苏州,G,G7017,1小时12分
南京,苏州,G,G7059,1小时14分
南京,苏州,G,G7041,1小时19分
南京,苏州,G,G7019,1小时12分
南京,苏州园区,G,G7063,1小时33分
南京,苏州,G,G7119,1小时16分
南京,苏州,G,G7021,1小时12分
南京,苏州,G,G7023,1小时12分
南京,苏州,G,G7065,1小时25分
南京,苏州,K,K8401,3小时1分
南京,苏州,G,G7097,1小时27分
南京,苏州,G,G7099,1小时28分
南京,苏州,G,G7025,1小时12分
南京,苏州,K,K8365,2小时22分
南京,苏州,K,K8427,2小时28分
南京,苏州,G,G7125,1小时25分
南京,苏州,G,G7027,1小时18分
南京,苏州,G,G7069,1小时18分
南京,苏州,K,K359,2小时30分
南京,苏州,K,K8481,2小时30分
南京,苏州,K,K151,2小时25分
南京,苏州,K,K8355,3小时45分
南京,苏州,K,K1101,3小时17分
南京,苏州,K,K1149,3小时18分
南京,苏州,K,K737,2小时49分
南京,苏州,Z,Z251,1小时55分
南京,苏州,K,K187,2小时32分
南京,苏州,K,K1331,2小时36分
南京,苏州,K,K515,2小时23分
南京,苏州,K,K1805,3小时59分
南京,苏州,Z,Z175,2小时28分
南京,苏州,K,K1511,2小时21分
南京,苏州,K,K8371,2小时21分
南京,苏州,K,K8351,2小时33分
南京,苏州,K,K335,2小时21分
南京,苏州,K,K1047,2小时26分
南京,苏州,T,T135,2小时22分
南京,苏州,K,K1555,2小时32分
南京,苏州,K,K47,2小时53分
南京,苏州,Z,Z375,2小时24分
南京,苏州,K,K289,2小时34分
南京,苏州,K,K8431,2小时56分
南京,苏州,X,1461,2小时40分
南京,苏州,K,K8361,2小时53分
南京,苏州,D,D305,1小时49分
南京,苏州,D,D309,1小时49分
南京,苏州,K,K233,3小时36分
南京,苏州,D,D781,1小时56分
南京,苏州,K,K463,2小时50分
南京,苏州,G,G7029,1小时25分
南京,苏州,Z,Z281,2小时20分
南京,苏州,G,G7101,1小时32分
南京,苏州,K,K171,3小时25分
南京,苏州,T,T235,2小时58分
南京,苏州,D,D2281,1小时24分
南京,苏州,G,G7001,1小时12分
南京,苏州,K,K781,3小时19分
南京,苏州,G,G7313,1小时25分
南京,苏州,Z,Z85,1小时47分
南京,苏州,G,G7389,1小时33分
南京,苏州,K,K1327,3小时2分
南京,苏州,G,G7003,1小时12分
南京,苏州,D,D3135,1小时45分
南京,苏州,G,G7005,1小时12分
南京,苏州,Z,Z163,1小时52分
南京,苏州,Z,Z39,1小时53分
南京,苏州,G,G7107,1小时21分
南京,苏州,Z,Z267,1小时53分
南京,苏州,K,K35,2小时15分
南京,苏州,G,G7045,1小时32分
南京,苏州,T,T131,2小时17分
南京,苏州,K,K559,2小时57分
南京,苏州,K,K849,3小时1分
南京,苏州,G,G7109,1小时28分
南京,苏州,G,G7007,1小时12分
南京,苏州,Z,Z171,1小时55分
南京,苏州,K,K1155,2小时46分
南京,苏州,K,K2665,3小时31分
南京,苏州,G,G7161,1小时25分
南京,苏州,T,T115,2小时5分
南京,苏州,G,G7111,1小时25分
南京,苏州,K,K371,2小时31分
南京,苏州,G,G7009,1小时12分
南京,苏州,G,G7113,1小时12分
南京,苏州,D,D3141,1小时17分
南京,苏州,G,G7049,1小时24分
南京,苏州,G,G7011,1小时12分
南京,苏州,Z,Z215,1小时46分
南京,苏州,Z,Z303,2小时15分
南京,苏州,G,G7013,1小时12分
南京,苏州,G,G7053,1小时27分
南京,苏州,T,T111,2小时26分
南京,苏州,K,K525,2小时37分
南京,苏州,K,K2185,2小时23分
南京,苏州,G,G7127,1小时7分
南京,苏州,G,G7055,1小时23分
南京,苏州,G,G7015,1小时12分
南京,苏州,X,1227,2小时52分
南京,苏州,G,G7057,1小时24分
南京,苏州,K,K527,2小时37分
南京,苏州,G,G7117,1小时25分
南京,苏州,G,G7017,1小时12分
南京,苏州,G,G7059,1小时14分
南京,苏州,G,G7041,1小时19分
南京,苏州,G,G7019,1小时12分
南京,苏州新区,G,G7063,1小时21分
南京,苏州,G,G7119,1小时16分
南京,苏州,G,G7021,1小时12分
南京,苏州,G,G7023,1小时12分
南京,苏州,G,G7065,1小时25分
南京,苏州,K,K8401,3小时1分
南京,苏州,G,G7097,1小时27分
南京,苏州,G,G7099,1小时28分
南京,苏州,G,G7025,1小时12分
南京,苏州,K,K8365,2小时22分
南京,苏州,K,K8427,2小时28分
南京,苏州,G,G7125,1小时25分
南京,苏州,G,G7027,1小时18分
南京,苏州,G,G7069,1小时18分
南京,苏州,K,K359,2小时30分
南京,苏州,K,K8481,2小时30分
南京,苏州,K,K151,2小时25分
南京,苏州,K,K8355,3小时45分
南京,苏州,K,K1101,3小时17分
南京,苏州,K,K1149,3小时18分
南京,苏州,K,K737,2小时49分
南京,苏州,Z,Z251,1小时55分
南京,苏州,K,K187,2小时32分
南京,苏州,K,K1331,2小时36分
南京,苏州,K,K515,2小时23分
南京,苏州,K,K1805,3小时59分
南京,苏州,Z,Z175,2小时28分
南京,苏州,K,K1511,2小时21分
南京,苏州,K,K8371,2小时21分
南京,苏州,K,K8351,2小时33分
南京,苏州,K,K335,2小时21分
南京,苏州,K,K1047,2小时26分
南京,苏州,T,T135,2小时22分
南京,苏州,K,K1555,2小时32分
南京,苏州,K,K47,2小时53分
南京,苏州,Z,Z375,2小时24分
南京,苏州,K,K289,2小时34分
南京,苏州,K,K8431,2小时56分
南京,苏州,X,1461,2小时40分
南京,苏州,K,K8361,2小时53分
南京,苏州,D,D305,1小时49分
南京,苏州,D,D309,1小时49分
南京,苏州,K,K233,3小时36分
南京,苏州,D,D781,1小时56分
南京,苏州,K,K463,2小时50分
南京,苏州,G,G7029,1小时25分
南京,苏州,Z,Z281,2小时20分
南京,苏州新区,G,G7101,1小时23分
南京,苏州,K,K171,3小时25分
南京,苏州,T,T235,2小时58分
南京,苏州,D,D2281,1小时24分
南京,苏州,G,G7001,1小时12分
南京,苏州,K,K781,3小时19分
南京,苏州新区,G,G7313,1小时16分
南京,苏州,Z,Z85,1小时47分
南京,苏州,G,G7389,1小时33分
南京,苏州,K,K1327,3小时2分
南京,苏州,G,G7003,1小时12分
南京,苏州,D,D3135,1小时45分
南京,苏州,G,G7005,1小时12分
南京,苏州,Z,Z163,1小时52分
南京,苏州,Z,Z39,1小时53分
南京,苏州,G,G7107,1小时21分
南京,苏州,Z,Z267,1小时53分
南京,苏州,K,K35,2小时15分
南京,苏州,G,G7045,1小时32分
南京,苏州,T,T131,2小时17分
南京,苏州,K,K559,2小时57分
南京,苏州,K,K849,3小时1分
南京,苏州,G,G7109,1小时28分
南京,苏州,G,G7007,1小时12分
南京,苏州,Z,Z171,1小时55分
南京,苏州,K,K1155,2小时46分
南京,苏州,K,K2665,3小时31分
南京,苏州,G,G7161,1小时25分
南京,苏州,T,T115,2小时5分
南京,苏州,G,G7111,1小时25分
南京,苏州,K,K371,2小时31分
南京,苏州,G,G7009,1小时12分
南京,苏州,G,G7113,1小时12分
南京,苏州,D,D3141,1小时17分
南京,苏州,G,G7049,1小时24分
南京,苏州,G,G7011,1小时12分
南京,苏州,Z,Z215,1小时46分
南京,苏州,Z,Z303,2小时15分
南京,苏州,G,G7013,1小时12分
南京,苏州,G,G7053,1小时27分
南京,苏州,T,T111,2小时26分
南京,苏州,K,K525,2小时37分
南京,苏州,K,K2185,2小时23分
南京,苏州,G,G7127,1小时7分
南京,苏州,G,G7055,1小时23分
南京,苏州,G,G7015,1小时12分
南京,苏州,X,1227,2小时52分
南京,苏州,G,G7057,1小时24分
南京,苏州,K,K527,2小时37分
南京,苏州,G,G7117,1小时25分
南京,苏州,G,G7017,1小时12分
南京,苏州,G,G7059,1小时14分
南京,苏州,G,G7041,1小时19分
南京,苏州,G,G7019,1小时12分
南京,苏州新区,G,G7063,1小时21分
南京,苏州,G,G7119,1小时16分
南京,苏州,G,G7021,1小时12分
南京,苏州,G,G7023,1小时12分
南京,苏州,G,G7065,1小时25分
南京,苏州,K,K8401,3小时1分
南京,苏州,G,G7097,1小时27分
南京,苏州,G,G7099,1小时28分
南京,苏州,G,G7025,1小时12分
南京,苏州,K,K8365,2小时22分
南京,苏州,K,K8427,2小时28分
南京,苏州,G,G7125,1小时25分
南京,苏州,G,G7027,1小时18分
南京,苏州,G,G7069,1小时18分
南京,苏州,K,K359,2小时30分
南京,苏州,K,K8481,2小时30分
南京,苏州,K,K151,2小时25分
南京,苏州,K,K8355,3小时45分
南京,苏州,K,K1101,3小时17分
南京,苏州,K,K1149,3小时18分
南京,苏州,K,K737,2小时49分
南京,苏州,Z,Z251,1小时55分
南京,苏州,K,K187,2小时32分
南京,苏州,K,K1331,2小时36分
南京,苏州,K,K515,2小时23分
南京,苏州,K,K1805,3小时59分
南京,无锡,Z,Z175,1小时54分
南京,无锡,K,K1511,1小时50分
南京,无锡,K,K8371,1小时50分
南京,无锡,K,K8351,1小时50分
南京,无锡,K,K335,1小时50分
南京,无锡,K,K1047,1小时51分
南京,无锡,T,T135,1小时47分
南京,无锡,K,K1555,1小时59分
南京,无锡,K,K47,2小时12分
南京,无锡,Z,Z375,1小时52分
南京,无锡,K,K289,1小时53分
南京,无锡,K,K8431,1小时58分
南京,无锡,X,1461,2小时8分
南京,无锡,K,K8361,2小时15分
南京,无锡,D,D305,1小时25分
南京,无锡,D,D309,1小时25分
南京,无锡,K,K233,2小时10分
南京,无锡,K,K281,1小时44分
南京,无锡,D,D781,1小时19分
南京,无锡,K,K463,2小时18分
南京,无锡,G,G7029,1小时8分
南京,无锡,Z,Z281,1小时47分
南京,无锡新区,G,G7031,1小时11分
南京,无锡,G,G7101,1小时8分
南京,无锡,K,K171,2小时53分
南京,无锡,T,T235,2小时25分
南京,无锡,D,D2281,1小时6分
南京,无锡,G,G7001,0小时55分
南京,无锡,K,K781,2小时23分
南京,无锡,G,G7313,1小时1分
南京,无锡,Z,Z195,1小时21分
南京,无锡,Z,Z85,1小时21分
南京,惠山,G,G7389,1小时7分
南京,无锡,K,K1327,2小时8分
南京,无锡,G,G7003,0小时55分
南京,无锡新区,D,D3135,1小时32分
南京,无锡,G,G7005,0小时55分
南京,无锡,Z,Z163,1小时26分
南京,无锡,Z,Z39,1小时27分
南京,无锡,G,G7107,1小时4分
南京,无锡,Z,Z267,1小时27分
南京,惠山,G,G7045,1小时12分
南京,无锡,T,T131,1小时47分
南京,无锡,K,K559,2小时25分
南京,无锡,K,K849,2小时29分
南京,无锡,G,G7109,1小时11分
南京,无锡,G,G7007,0小时55分
南京,无锡,Z,Z171,1小时29分
南京,无锡,K,K1155,2小时14分
南京,无锡,K,K2665,2小时24分
南京,惠山,G,G7161,0小时58分
南京,无锡,T,T115,1小时36分
南京,无锡,G,G7111,1小时8分
南京,无锡,K,K371,1小时59分
南京,无锡,G,G7009,0小时55分
南京,无锡,G,G7113,0小时55分
南京,无锡,D,D3141,1小时0分
南京,无锡新区,G,G7049,1小时10分
南京,无锡,G,G7011,0小时55分
南京,无锡,Z,Z303,1小时45分
南京,无锡,G,G7013,0小时55分
南京,无锡,G,G7053,1小时10分
南京,无锡,T,T111,1小时53分
南京,无锡,K,K525,1小时58分
南京,无锡,K,K2185,1小时51分
南京,无锡,G,G7127,0小时51分
南京,无锡,G,G7055,1小时6分
南京,无锡,G,G7015,0小时55分
南京,无锡,X,1227,2小时2分
南京,惠山,G,G7057,0小时58分
南京,无锡,K,K527,2小时5分
南京,无锡新区,G,G7117,1小时13分
南京,无锡,G,G7017,0小时55分
南京,无锡,G,G7059,0小时57分
南京,无锡,G,G7041,1小时2分
南京,无锡,G,G7019,0小时55分
南京,无锡,G,G7063,1小时7分
南京,无锡,G,G7119,0小时57分
南京,无锡,G,G7021,0小时55分
南京,无锡,G,G7023,0小时55分
南京,无锡,G,G7065,1小时8分
南京,无锡,G,G7097,1小时10分
南京,无锡,G,G7099,1小时12分
南京,无锡,G,G7025,0小时55分
南京,无锡,K,K8427,1小时55分
南京,无锡,G,G7125,1小时8分
南京,无锡,G,G7027,1小时1分
南京,无锡,G,G7069,1小时1分
南京,无锡,K,K359,1小时58分
南京,无锡,K,K8481,1小时58分
南京,无锡,K,K151,1小时54分
南京,无锡,K,K8355,2小时23分
南京,无锡,K,K1101,2小时44分
南京,无锡,K,K1149,2小时45分
南京,无锡,K,K737,2小时8分
南京,无锡,Z,Z251,1小时29分
南京,无锡,K,K187,1小时59分
南京,无锡,K,K1331,2小时3分
南京,无锡,K,K515,1小时52分
南京,无锡,K,K1805,3小时24分
南京,无锡,Z,Z175,1小时54分
南京,无锡,K,K1511,1小时50分
南京,无锡,K,K8371,1小时50分
南京,无锡,K,K8351,1小时50分
南京,无锡,K,K335,1小时50分
南京,无锡,K,K1047,1小时51分
南京,无锡,T,T135,1小时47分
南京,无锡,K,K1555,1小时59分
南京,无锡,K,K47,2小时12分
南京,无锡,Z,Z375,1小时52分
南京,无锡,K,K289,1小时53分
南京,无锡,K,K8431,1小时58分
南京,无锡,X,1461,2小时8分
南京,无锡,K,K8361,2小时15分
南京,无锡,D,D305,1小时25分
南京,无锡,D,D309,1小时25分
南京,无锡,K,K233,2小时10分
南京,无锡,K,K281,1小时44分
南京,无锡,D,D781,1小时19分
南京,无锡,K,K463,2小时18分
南京,无锡,G,G7029,1小时8分
南京,无锡,Z,Z281,1小时47分
南京,无锡,G,G7031,1小时1分
南京,无锡,G,G7101,1小时8分
南京,无锡,K,K171,2小时53分
南京,无锡,T,T235,2小时25分
南京,无锡,D,D2281,1小时6分
南京,无锡,G,G7001,0小时55分
南京,无锡,K,K781,2小时23分
南京,无锡,G,G7313,1小时1分
南京,无锡,Z,Z195,1小时21分
南京,无锡,Z,Z85,1小时21分
南京,无锡,G,G7389,1小时16分
南京,无锡,K,K1327,2小时8分
南京,无锡,G,G7003,0小时55分
南京,无锡,D,D3135,1小时22分
南京,无锡,G,G7005,0小时55分
南京,无锡,Z,Z163,1小时26分
南京,无锡,Z,Z39,1小时27分
南京,无锡,G,G7107,1小时4分
南京,无锡,Z,Z267,1小时27分
南京,惠山,G,G7045,1小时12分
南京,无锡,T,T131,1小时47分
南京,无锡,K,K559,2小时25分
南京,无锡,K,K849,2小时29分
南京,无锡,G,G7109,1小时11分
南京,无锡,G,G7007,0小时55分
南京,无锡,Z,Z171,1小时29分
南京,无锡,K,K1155,2小时14分
南京,无锡,K,K2665,2小时24分
南京,无锡,G,G7161,1小时8分
南京,无锡,T,T115,1小时36分
南京,无锡,G,G7111,1小时8分
南京,无锡,K,K371,1小时59分
南京,无锡,G,G7009,0小时55分
南京,无锡,G,G7113,0小时55分
南京,无锡,D,D3141,1小时0分
南京,惠山,G,G7049,0小时55分
南京,无锡,G,G7011,0小时55分
南京,无锡,Z,Z303,1小时45分
南京,无锡,G,G7013,0小时55分
南京,无锡,G,G7053,1小时10分
南京,无锡,T,T111,1小时53分
南京,无锡,K,K525,1小时58分
南京,无锡,K,K2185,1小时51分
南京,无锡,G,G7127,0小时51分
南京,无锡,G,G7055,1小时6分
南京,无锡,G,G7015,0小时55分
南京,无锡,X,1227,2小时2分
南京,惠山,G,G7057,0小时58分
南京,无锡,K,K527,2小时5分
南京,无锡,G,G7117,1小时2分
南京,无锡,G,G7017,0小时55分
南京,无锡,G,G7059,0小时57分
南京,无锡,G,G7041,1小时2分
南京,无锡,G,G7019,0小时55分
南京,无锡,G,G7063,1小时7分
南京,无锡,G,G7119,0小时57分
南京,无锡,G,G7021,0小时55分
南京,无锡,G,G7023,0小时55分
南京,无锡,G,G7065,1小时8分
南京,无锡,G,G7097,1小时10分
南京,无锡,G,G7099,1小时12分
南京,无锡,G,G7025,0小时55分
南京,无锡,K,K8427,1小时55分
南京,无锡,G,G7125,1小时8分
南京,无锡,G,G7027,1小时1分
南京,无锡,G,G7069,1小时1分
南京,无锡,K,K359,1小时58分
南京,无锡,K,K8481,1小时58分
南京,无锡,K,K151,1小时54分
南京,无锡,K,K8355,2小时23分
南京,无锡,K,K1101,2小时44分
南京,无锡,K,K1149,2小时45分
南京,无锡,K,K737,2小时8分
南京,无锡,Z,Z251,1小时29分
南京,无锡,K,K187,1小时59分
南京,无锡,K,K1331,2小时3分
南京,无锡,K,K515,1小时52分
南京,无锡,K,K1805,3小时24分
南京,无锡,Z,Z175,1小时54分
南京,无锡,K,K1511,1小时50分
南京,无锡,K,K8371,1小时50分
南京,无锡,K,K8351,1小时50分
南京,无锡,K,K335,1小时50分
南京,无锡,K,K1047,1小时51分
南京,无锡,T,T135,1小时47分
南京,无锡,K,K1555,1小时59分
南京,无锡,K,K47,2小时12分
南京,无锡,Z,Z375,1小时52分
南京,无锡,K,K289,1小时53分
南京,无锡,K,K8431,1小时58分
南京,无锡,X,1461,2小时8分
南京,无锡,K,K8361,2小时15分
南京,无锡,D,D305,1小时25分
南京,无锡,D,D309,1小时25分
南京,无锡,K,K233,2小时10分
南京,无锡,K,K281,1小时44分
南京,无锡,D,D781,1小时19分
南京,无锡,K,K463,2小时18分
南京,无锡,G,G7029,1小时8分
南京,无锡,Z,Z281,1小时47分
南京,惠山,G,G7031,0小时52分
南京,无锡,G,G7101,1小时8分
南京,无锡,K,K171,2小时53分
南京,无锡,T,T235,2小时25分
南京,无锡,D,D2281,1小时6分
南京,无锡,G,G7001,0小时55分
南京,无锡,K,K781,2小时23分
南京,无锡,G,G7313,1小时1分
南京,无锡,Z,Z195,1小时21分
南京,无锡,Z,Z85,1小时21分
南京,惠山,G,G7389,1小时7分
南京,无锡,K,K1327,2小时8分
南京,无锡,G,G7003,0小时55分
南京,惠山,D,D3135,1小时8分
南京,无锡,G,G7005,0小时55分
南京,无锡,Z,Z163,1小时26分
南京,无锡,Z,Z39,1小时27分
南京,无锡,G,G7107,1小时4分
南京,无锡,Z,Z267,1小时27分
南京,惠山,G,G7045,1小时12分
南京,无锡,T,T131,1小时47分
南京,无锡,K,K559,2小时25分
南京,无锡,K,K849,2小时29分
南京,无锡,G,G7109,1小时11分
南京,无锡,G,G7007,0小时55分
南京,无锡,Z,Z171,1小时29分
南京,无锡,K,K1155,2小时14分
南京,无锡,K,K2665,2小时24分
南京,惠山,G,G7161,0小时58分
南京,无锡,T,T115,1小时36分
南京,无锡,G,G7111,1小时8分
南京,无锡,K,K371,1小时59分
南京,无锡,G,G7009,0小时55分
南京,无锡,G,G7113,0小时55分
南京,无锡,D,D3141,1小时0分
南京,惠山,G,G7049,0小时55分
南京,无锡,G,G7011,0小时55分
南京,无锡,Z,Z303,1小时45分
南京,无锡,G,G7013,0小时55分
南京,无锡,G,G7053,1小时10分
南京,无锡,T,T111,1小时53分
南京,无锡,K,K525,1小时58分
南京,无锡,K,K2185,1小时51分
南京,无锡,G,G7127,0小时51分
南京,无锡,G,G7055,1小时6分
南京,无锡,G,G7015,0小时55分
南京,无锡,X,1227,2小时2分
南京,惠山,G,G7057,0小时58分
南京,无锡,K,K527,2小时5分
南京,无锡,G,G7117,1小时2分
南京,无锡,G,G7017,0小时55分
南京,无锡,G,G7059,0小时57分
南京,无锡,G,G7041,1小时2分
南京,无锡,G,G7019,0小时55分
南京,无锡,G,G7063,1小时7分
南京,无锡,G,G7119,0小时57分
南京,无锡,G,G7021,0小时55分
南京,无锡,G,G7023,0小时55分
南京,无锡,G,G7065,1小时8分
南京,无锡,G,G7097,1小时10分
南京,无锡,G,G7099,1小时12分
南京,无锡,G,G7025,0小时55分
南京,无锡,K,K8427,1小时55分
南京,无锡,G,G7125,1小时8分
南京,无锡,G,G7027,1小时1分
南京,无锡,G,G7069,1小时1分
南京,无锡,K,K359,1小时58分
南京,无锡,K,K8481,1小时58分
南京,无锡,K,K151,1小时54分
南京,无锡,K,K8355,2小时23分
南京,无锡,K,K1101,2小时44分
南京,无锡,K,K1149,2小时45分
南京,无锡,K,K737,2小时8分
南京,无锡,Z,Z251,1小时29分
南京,无锡,K,K187,1小时59分
南京,无锡,K,K1331,2小时3分
南京,无锡,K,K515,1小时52分
南京,无锡,K,K1805,3小时24分
南京,常州,Z,Z175,1小时19分
南京,常州,K,K1511,1小时20分
南京,常州,K,K8371,1小时20分
南京,常州,K,K8351,1小时20分
南京,常州,K,K335,1小时20分
南京,常州,K,K1047,1小时20分
南京,常州,T,T135,1小时18分
南京,常州,K,K1555,1小时28分
南京,常州,K,K47,1小时40分
南京,常州,Z,Z375,1小时21分
南京,常州,K,K289,1小时21分
南京,常州,X,1461,1小时20分
南京,常州,K,K8361,1小时39分
南京,常州,D,D305,1小时2分
南京,常州,D,D309,1小时2分
南京,常州,K,K233,1小时39分
南京,常州,K,K463,1小时47分
南京,常州,G,G7029,0小时52分
南京,常州,Z,Z281,1小时17分
南京,常州,G,G7101,0小时52分
南京,常州,K,K171,2小时15分
南京,常州,T,T235,1小时42分
南京,常州,D,D2281,0小时50分
南京,常州,G,G7001,0小时39分
南京,常州,K,K781,1小时44分
南京,常州,G,G7313,0小时45分
南京,常州,G,G7389,0小时54分
南京,常州,K,K1327,1小时37分
南京,常州,G,G7003,0小时39分
南京,常州,D,D3135,0小时55分
南京,常州,G,G7005,0小时39分
南京,常州,Z,Z39,1小时2分
南京,常州,G,G7107,0小时46分
南京,常州,Z,Z267,1小时2分
南京,常州,K,K35,1小时20分
南京,常州,G,G7045,0小时59分
南京,常州,T,T131,1小时20分
南京,常州,K,K559,1小时49分
南京,常州,K,K849,1小时58分
南京,常州,G,G7109,0小时55分
南京,常州,G,G7007,0小时39分
南京,常州,Z,Z171,1小时4分
南京,常州,K,K1155,1小时43分
南京,常州,K,K2665,1小时53分
南京,常州,G,G7161,0小时45分
南京,常州,G,G7111,0小时52分
南京,常州,K,K371,1小时28分
南京,常州,G,G7009,0小时39分
南京,常州,G,G7113,0小时39分
南京,常州,D,D3141,0小时43分
南京,常州,G,G7049,0小时39分
南京,常州,G,G7011,0小时39分
南京,常州,K,K1331,1小时32分
南京,常州,Z,Z303,1小时19分
南京,常州,G,G7013,0小时39分
南京,常州,G,G7053,0小时53分
南京,常州,T,T111,1小时23分
南京,常州,K,K525,1小时27分
南京,常州,K,K2185,1小时20分
南京,常州,G,G7055,0小时50分
南京,常州,G,G7015,0小时39分
南京,常州,X,1227,1小时32分
南京,戚墅堰,G,G7057,0小时49分
南京,常州,K,K527,1小时35分
南京,常州,G,G7017,0小时39分
南京,戚墅堰,G,G7041,0小时50分
南京,常州,G,G7019,0小时39分
南京,常州,G,G7063,0小时49分
南京,常州,G,G7021,0小时39分
南京,常州,G,G7023,0小时39分
南京,常州,G,G7065,0小时52分
南京,常州,K,K8401,1小时52分
南京,常州,G,G7097,0小时54分
南京,常州,G,G7099,0小时55分
南京,常州,G,G7025,0小时39分
南京,常州,G,G7125,0小时52分
南京,常州,G,G7027,0小时45分
南京,常州,G,G7069,0小时45分
南京,常州,K,K359,1小时27分
南京,常州,K,K8481,1小时27分
南京,常州,K,K151,1小时23分
南京,常州,K,K8355,1小时45分
南京,常州,K,K1101,2小时13分
南京,常州,K,K1149,2小时13分
南京,常州,K,K737,1小时37分
南京,常州,Z,Z251,1小时4分
南京,常州,K,K515,1小时21分
南京,常州,K,K8365,1小时25分
南京,常州,K,K1805,2小时31分
南京,常州,Z,Z175,1小时19分
南京,常州,K,K1511,1小时20分
南京,常州,K,K8371,1小时20分
南京,常州,K,K8351,1小时20分
南京,常州,K,K335,1小时20分
南京,常州,K,K1047,1小时20分
南京,常州,T,T135,1小时18分
南京,常州,K,K1555,1小时28分
南京,常州,K,K47,1小时40分
南京,常州,Z,Z375,1小时21分
南京,常州,K,K289,1小时21分
南京,常州,X,1461,1小时20分
南京,常州,K,K8361,1小时39分
南京,常州,D,D305,1小时2分
南京,常州,D,D309,1小时2分
南京,常州,K,K233,1小时39分
南京,常州,K,K463,1小时47分
南京,常州,G,G7029,0小时52分
南京,常州,Z,Z281,1小时17分
南京,常州,G,G7101,0小时52分
南京,常州,K,K171,2小时15分
南京,常州,T,T235,1小时42分
南京,常州,D,D2281,0小时50分
南京,常州,G,G7001,0小时39分
南京,常州,K,K781,1小时44分
南京,常州,G,G7313,0小时45分
南京,常州,G,G7389,0小时54分
南京,常州,K,K1327,1小时37分
南京,常州,G,G7003,0小时39分
南京,常州,D,D3135,0小时55分
南京,常州,G,G7005,0小时39分
南京,常州,Z,Z39,1小时2分
南京,常州,G,G7107,0小时46分
南京,常州,Z,Z267,1小时2分
南京,常州,K,K35,1小时20分
南京,常州,G,G7045,0小时59分
南京,常州,T,T131,1小时20分
南京,常州,K,K559,1小时49分
南京,常州,K,K849,1小时58分
南京,常州,G,G7109,0小时55分
南京,常州,G,G7007,0小时39分
南京,常州,Z,Z171,1小时4分
南京,常州,K,K1155,1小时43分
南京,常州,K,K2665,1小时53分
南京,常州,G,G7161,0小时45分
南京,常州,G,G7111,0小时52分
南京,常州,K,K371,1小时28分
南京,常州,G,G7009,0小时39分
南京,常州,G,G7113,0小时39分
南京,常州,D,D3141,0小时43分
南京,常州,G,G7049,0小时39分
南京,常州,G,G7011,0小时39分
南京,常州,K,K1331,1小时32分
南京,常州,Z,Z303,1小时19分
南京,常州,G,G7013,0小时39分
南京,常州,G,G7053,0小时53分
南京,常州,T,T111,1小时23分
南京,常州,K,K525,1小时27分
南京,常州,K,K2185,1小时20分
南京,常州,G,G7055,0小时50分
南京,常州,G,G7015,0小时39分
南京,常州,X,1227,1小时32分
南京,戚墅堰,G,G7057,0小时49分
南京,常州,K,K527,1小时35分
南京,常州,G,G7017,0小时39分
南京,戚墅堰,G,G7041,0小时50分
南京,常州,G,G7019,0小时39分
南京,常州,G,G7063,0小时49分
南京,常州,G,G7021,0小时39分
南京,常州,G,G7023,0小时39分
南京,常州,G,G7065,0小时52分
南京,常州,K,K8401,1小时52分
南京,常州,G,G7097,0小时54分
南京,常州,G,G7099,0小时55分
南京,常州,G,G7025,0小时39分
南京,常州,G,G7125,0小时52分
南京,常州,G,G7027,0小时45分
南京,常州,G,G7069,0小时45分
南京,常州,K,K359,1小时27分
南京,常州,K,K8481,1小时27分
南京,常州,K,K151,1小时23分
南京,常州,K,K8355,1小时45分
南京,常州,K,K1101,2小时13分
南京,常州,K,K1149,2小时13分
南京,常州,K,K737,1小时37分
南京,常州,Z,Z251,1小时4分
南京,常州,K,K515,1小时21分
南京,常州,K,K8365,1小时25分
南京,常州,K,K1805,2小时31分
南京,丹阳,K,K463,1小时14分
南京,丹阳,G,G7029,0小时35分
南京,丹阳,G,G7101,0小时35分
南京,丹阳,K,K171,0小时55分
南京,丹阳,D,D2281,0小时32分
南京,丹阳,G,G7389,0小时37分
南京,丹阳,K,K1327,0小时58分
南京,丹阳,D,D3135,0小时37分
南京,丹阳,G,G7045,0小时42分
南京,丹阳,G,G7109,0小时38分
南京,丹阳,G,G7111,0小时35分
南京,丹阳,G,G7053,0小时35分
南京,丹阳,G,G7055,0小时29分
南京,丹阳,X,1227,0小时59分
南京,丹阳,K,K527,1小时1分
南京,丹阳,G,G7117,0小时35分
南京,丹阳,G,G7041,0小时29分
南京,丹阳,G,G7119,0小时29分
南京,丹阳,G,G7065,0小时35分
南京,丹阳,G,G7097,0小时38分
南京,丹阳,G,G7099,0小时39分
南京,丹阳,G,G7125,0小时35分
南京,镇江,Z,Z175,0小时36分
南京,镇江,T,T135,0小时36分
南京,镇江,K,K1555,0小时40分
南京,镇江,K,K47,0小时40分
南京,镇江,K,K233,0小时40分
南京,镇江,K,K463,0小时52分
南京,镇江,G,G7029,0小时20分
南京,镇江,Z,Z281,0小时34分
南京,镇江,G,G7031,0小时20分
南京,镇江,G,G7101,0小时20分
南京,镇江,K,K781,0小时42分
南京,镇江,G,G7313,0小时20分
南京,镇江,G,G7389,0小时22分
南京,镇江,D,D3135,0小时23分
南京,镇江,G,G7107,0小时22分
南京,镇江,G,G7045,0小时27分
南京,镇江,K,K559,0小时40分
南京,镇江,K,K849,0小时58分
南京,镇江,G,G7109,0小时20分
南京,镇江,K,K1155,0小时43分
南京,镇江,K,K2665,0小时52分
南京,镇江,G,G7161,0小时20分
南京,镇江,G,G7111,0小时20分
南京,镇江,K,K371,0小时40分
南京,镇江,Z,Z303,0小时36分
南京,镇江,G,G7053,0小时21分
南京,镇江,K,K525,0小时40分
南京,镇江,G,G7057,0小时20分
南京,镇江,K,K527,0小时40分
南京,镇江,G,G7117,0小时20分
南京,镇江,G,G7059,0小时20分
南京,镇江,G,G7063,0小时20分
南京,镇江,G,G7065,0小时20分
南京,镇江,G,G7097,0小时20分
南京,镇江,G,G7099,0小时20分
南京,镇江,G,G7125,0小时20分
南京,镇江,G,G7027,0小时20分
南京,镇江,G,G7069,0小时20分
南京,镇江,K,K359,0小时40分
南京,镇江,K,K1101,0小时42分
南京,镇江,K,K737,0小时40分
南京,镇江,K,K187,0小时40分
南京,镇江,K,K8401,0小时52分
南京,仙林,G,G7045,0小时10分
南京,昆山,Z,Z175,2小时57分
南京,昆山,K,K8371,2小时54分
南京,昆山,K,K47,3小时22分
南京,昆山,Z,Z375,2小时53分
南京,昆山,K,K8361,4小时12分
南京,昆山,K,K233,4小时4分
南京,昆山南,G,G7031,1小时32分
南京,昆山南,G,G7101,1小时46分
南京,昆山,K,K171,3小时54分
南京,昆山,T,T235,3小时33分
南京,昆山南,D,D2281,1小时38分
南京,昆山南,G,G7313,1小时39分
南京,昆山南,G,G7389,1小时47分
南京,昆山南,D,D3135,2小时5分
南京,昆山南,G,G7107,1小时36分
南京,昆山南,G,G7045,1小时46分
南京,昆山南,G,G7109,1小时42分
南京,昆山南,G,G7007,1小时26分
南京,昆山南,G,G7161,1小时39分
南京,昆山南,G,G7111,1小时39分
南京,昆山南,D,D3141,1小时32分
南京,昆山南,G,G7049,1小时38分
南京,昆山,Z,Z303,2小时42分
南京,昆山,T,T111,2小时55分
南京,昆山,K,K525,3小时5分
南京,昆山,K,K2185,2小时59分
南京,昆山南,G,G7127,1小时22分
南京,昆山南,G,G7055,1小时37分
南京,昆山南,G,G7117,1小时39分
南京,昆山南,G,G7041,1小时33分
南京,昆山南,G,G7063,1小时44分
南京,昆山南,G,G7119,1小时33分
南京,昆山南,G,G7065,1小时40分
南京,昆山南,G,G7097,1小时41分
南京,昆山南,G,G7099,1小时43分
南京,昆山,K,K8427,2小时56分
南京,昆山南,G,G7069,1小时32分
南京,昆山,K,K8355,4小时12分
南京,昆山,K,K1101,3小时45分
南京,昆山,K,K1149,4小时0分
南京,昆山,K,K515,2小时53分
南京,滁州北,K,K290,0小时38分
南京,滁州北,K,K516,0小时38分
南京,滁州北,K,K360,0小时38分
南京,滁州北,K,K1540,0小时38分
南京,滁州北,K,K2186,0小时40分
南京,滁州北,X,1462,0小时38分
南京,滁州北,K,K464,0小时38分
南京,滁州北,K,K850,0小时38分
南京,滁州北,K,K2666,0小时38分
南京,滁州北,X,1228,0小时38分
南京,滁州北,K,K8482,0小时38分
南京,滁州北,K,K8372,0小时38分
南京,滁州北,K,K8432,0小时39分
南京,滁州北,K,K348,0小时38分
南京,滁州北,Z,Z366,0小时33分
南京,滁州北,K,K172,0小时56分
南京,滁州北,K,K1102,0小时38分
南京,滁州北,K,K738,0小时38分
南京,滁州北,K,K1806,0小时53分
南京,滁州北,K,K188,0小时40分
南京,滁州北,K,K1332,0小时40分
南京,安亭西,C,C3858,3小时26分
南京,安亭西,C,C3866,3小时33分
南京,太仓,C,C3858,3小时7分
南京,太仓,C,C3774,3小时18分
南京,太仓,C,C3862,3小时15分
南京,太仓,C,C3778,3小时17分
南京,太仓南,C,C3866,3小时20分
南京,太仓,C,C3870,3小时13分
南京,太仓,C,C3858,3小时7分
南京,太仓,C,C3774,3小时18分
南京,太仓,C,C3862,3小时15分
南京,太仓,C,C3778,3小时17分
南京,太仓,C,C3866,3小时8分
南京,太仓,C,C3870,3小时13分
南京,常熟,C,C3854,2小时46分
南京,常熟,C,C3858,2小时46分
南京,常熟,C,C3774,2小时56分
南京,常熟,C,C3862,2小时54分
南京,常熟,C,C3778,2小时56分
南京,常熟,C,C3866,2小时47分
南京,常熟,C,C3870,2小时52分
南京,张家港,C,C3854,2小时35分
南京,张家港,D,D5458,2小时49分
南京,张家港,C,C3858,2小时35分
南京,张家港,C,C3774,2小时45分
南京,张家港,C,C3862,2小时43分
南京,张家港,C,C3778,2小时45分
南京,张家港,C,C3866,2小时36分
南京,张家港,C,C3870,2小时41分
南京,南通西,C,C3854,2小时18分
南京,南通西,D,D5458,2小时30分
南京,南通,D,D5414,2小时41分
南京,南通西,C,C3858,2小时18分
南京,南通西,C,C3774,2小时28分
南京,南通,D,D5418,2小时28分
南京,南通西,C,C3862,2小时26分
南京,南通西,C,C3778,2小时28分
南京,南通西,C,C3866,2小时19分
南京,南通,D,D5474,2小时36分
南京,南通,D,D5422,2小时38分
南京,南通,C,C3788,2小时15分
南京,南通,C,C3784,2小时31分
南京,南通,K,K138,4小时2分
南京,扬州,C,C3854,0小时48分
南京,扬州,D,D5458,0小时51分
南京,扬州,D,D5414,0小时51分
南京,扬州,T,T7772,1小时0分
南京,扬州,K,K8392,1小时6分
南京,扬州,C,C3858,0小时48分
南京,扬州,C,C3774,0小时48分
南京,扬州,D,D5418,0小时53分
南京,扬州,C,C3862,0小时50分
南京,扬州,C,C3778,0小时46分
南京,扬州,C,C3866,0小时48分
南京,扬州,D,D5474,0小时51分
南京,扬州,C,C3870,0小时48分
南京,扬州,C,C3784,0小时49分
南京,扬州,D,D5422,0小时53分
南京,扬州,K,K138,1小时5分
南京,扬州,C,C3854,0小时48分
南京,扬州,D,D5458,0小时51分
南京,扬州,K,K138,1小时5分
南京,扬州,T,T7772,1小时0分
南京,扬州,K,K8392,1小时6分
南京,扬州,C,C3858,0小时48分
南京,扬州,C,C3774,0小时48分
南京,扬州,D,D5418,0小时53分
南京,扬州,C,C3778,0小时46分
南京,扬州,C,C3866,0小时48分
南京,扬州,D,D5474,0小时51分
南京,扬州,C,C3870,0小时48分
南京,扬州,C,C3784,0小时49分
南京,泰州,C,C3854,1小时22分
南京,泰州,D,D5458,1小时26分
南京,泰州,D,D5414,1小时31分
南京,泰州,K,K8392,1小时50分
南京,泰州,C,C3858,1小时22分
南京,泰州,C,C3774,1小时23分
南京,泰州,D,D5418,1小时28分
南京,泰州,C,C3862,1小时30分
南京,泰州,C,C3778,1小时20分
南京,泰州,C,C3866,1小时22分
南京,泰州,D,D5474,1小时26分
南京,泰州,C,C3870,1小时22分
南京,泰州,C,C3784,1小时25分
南京,泰州,T,T152,1小时42分
南京,泰州,D,D5422,1小时33分
南京,泰州,K,K138,2小时6分
南京,泰州,C,C3854,1小时22分
南京,泰州,D,D5458,1小时26分
南京,泰州,D,D5414,1小时31分
南京,泰州,K,K8392,1小时50分
南京,泰州,C,C3858,1小时22分
南京,姜堰,C,C3774,1小时36分
南京,泰州,D,D5418,1小时28分
南京,泰州,C,C3862,1小时30分
南京,姜堰,C,C3778,1小时32分
南京,泰州,C,C3866,1小时22分
南京,泰州,D,D5474,1小时26分
南京,姜堰,C,C3870,1小时34分
南京,泰州,C,C3784,1小时25分
南京,泰州,T,T152,1小时42分
南京,泰州,D,D5422,1小时33分
南京,泰州,K,K138,2小时6分
南京,海安,C,C3854,1小时48分
南京,海安,D,D5458,1小时54分
南京,海安,D,D5414,1小时59分
南京,海安,K,K8392,2小时54分
南京,海安,C,C3858,1小时48分
南京,海安,C,C3862,1小时56分
南京,海安,C,C3778,1小时52分
南京,海安,C,C3866,1小时48分
南京,海安,D,D5474,1小时54分
南京,海安,C,C3870,1小时54分
南京,海安,D,D5422,2小时1分
南京,海安,C,C3788,1小时31分
南京,海安,C,C3784,1小时52分
南京,海安,K,K138,3小时17分
南京,如皋,D,D5458,2小时7分
南京,如皋,D,D5414,2小时13分
南京,如皋,C,C3774,2小时5分
南京,如皋,C,C3778,2小时6分
南京,如皋,D,D5474,2小时7分
南京,如皋,C,C3870,2小时8分
南京,如皋,C,C3788,1小时46分
南京,如皋,K,K138,3小时35分
南京,南通西,C,C3854,2小时18分
南京,南通西,D,D5458,2小时30分
南京,南通,D,D5414,2小时41分
南京,南通西,C,C3858,2小时18分
南京,南通西,C,C3774,2小时28分
南京,南通,D,D5418,2小时28分
南京,南通西,C,C3862,2小时26分
南京,南通西,C,C3778,2小时28分
南京,南通西,C,C3866,2小时19分
南京,南通,D,D5474,2小时36分
南京,南通,D,D5422,2小时38分
南京,南通,C,C3788,2小时15分
南京,南通,C,C3784,2小时31分
南京,南通,K,K138,4小时10分
南京,海门,D,D5414,3小时9分
南京,海门,D,D5418,2小时51分
南京,海门,D,D5422,3小时9分
南京,启东,D,D5414,3小时35分
南京,启东,D,D5418,3小时15分
南京,启东,D,D5422,3小时34分
南京,嘉善,K,K8371,5小时33分
南京,嘉善,K,K335,4小时35分
南京,嘉善,K,K47,5小时40分
南京,嘉善南,D,D2281,2小时37分
南京,嘉善南,G,G7313,2小时32分
南京,嘉善南,D,D3135,2小时57分
南京,嘉兴南,D,D2281,2小时54分
南京,嘉兴南,G,G7313,2小时45分
南京,嘉兴南,G,G7389,2小时41分
南京,嘉兴南,D,D3135,3小时20分
南京,嘉兴南,D,D3141,2小时29分
南京,嘉兴,K,K1805,6小时43分
南京,桐乡,D,D2281,3小时8分
南京,桐乡,G,G7313,2小时58分
南京,海宁,Z,Z175,4小时59分
南京,海宁,K,K8371,6小时8分
南京,海宁,K,K8351,6小时33分
南京,海宁,K,K335,5小时8分
南京,海宁,T,T135,5小时57分
南京,海宁,K,K47,6小时13分
南京,海宁,D,D781,4小时0分
南京,海宁,Z,Z281,5小时47分
南京,海宁,D,D5458,5小时1分
南京,海宁,Z,Z85,3小时32分
南京,海宁西,D,D3135,3小时39分
南京,海宁,T,T111,4小时35分
南京,海宁,K,K527,5小时50分
南京,海宁,K,K1805,7小时8分
南京,余杭,D,D3141,2小时50分
南京,杭州,Z,Z175,5小时51分
南京,杭州南,K,K1511,6小时12分
南京,杭州南,K,K8371,7小时45分
南京,杭州,K,K8351,7小时43分
南京,杭州南,K,K335,6小时7分
南京,杭州南,T,T135,7小时10分
南京,杭州,K,K47,7小时32分
南京,杭州,D,D781,4小时46分
南京,杭州,Z,Z281,6小时45分
南京,杭州东,D,D2281,3小时32分
南京,杭州东,G,G7313,3小时22分
南京,杭州,Z,Z85,4小时25分
南京,杭州东,G,G7389,3小时7分
南京,杭州东,D,D3135,4小时3分
南京,杭州东,D,D3141,3小时2分
南京,杭州,T,T111,5小时43分
南京,杭州南,K,K525,7小时14分
南京,杭州南,K,K527,6小时56分
南京,杭州,K,K347,6小时22分
南京,杭州,K,K1805,8小时4分
南京,杭州东,D,D5458,5小时41分
南京,杭州,Z,Z175,5小时51分
南京,杭州南,K,K1511,6小时12分
南京,杭州南,K,K8371,7小时45分
南京,杭州,K,K8351,7小时43分
南京,杭州南,K,K335,6小时7分
南京,杭州南,T,T135,7小时10分
南京,杭州,K,K47,7小时32分
南京,杭州,D,D781,4小时46分
南京,杭州,Z,Z281,6小时45分
南京,杭州东,D,D2281,3小时32分
南京,杭州东,G,G7313,3小时22分
南京,杭州,Z,Z85,4小时25分
南京,杭州东,G,G7389,3小时7分
南京,杭州南,D,D3135,4小时15分
南京,杭州东,D,D3141,3小时2分
南京,杭州,T,T111,5小时43分
南京,杭州南,K,K525,7小时14分
南京,杭州南,K,K527,6小时56分
南京,杭州,K,K347,6小时22分
南京,杭州,K,K1805,8小时4分
南京,杭州南,D,D5458,5小时59分
南京,诸暨,K,K8371,8小时36分
南京,诸暨,G,G7389,3小时36分
南京,诸暨,K,K525,8小时0分
南京,诸暨,K,K527,7小时38分
南京,诸暨,K,K347,8小时11分
南京,义乌,K,K1511,7小时17分
南京,义乌,K,K8371,9小时6分
南京,义乌,K,K527,8小时7分
南京,义乌,K,K347,8小时44分
南京,金华,K,K1511,8小时3分
南京,金华,K,K8371,10小时38分
南京,金华,G,G7389,4小时3分
南京,金华,K,K525,9小时22分
南京,金华,K,K527,8小时49分
南京,金华南,K,K347,9小时34分
南京,上海南,K,K1511,3小时35分
南京,上海南,K,K8371,4小时13分
南京,上海南,K,K8351,4小时36分
南京,上海南,K,K335,3小时37分
南京,上海,K,K1047,3小时53分
南京,上海南,T,T135,4小时27分
南京,上海,K,K1555,3小时53分
南京,上海南,K,K47,4小时22分
南京,上海,Z,Z375,3小时44分
南京,上海,K,K289,3小时44分
南京,上海,K,K8431,4小时35分
南京,上海,K,K359,3小时44分
南京,上海,X,1461,3小时57分
南京,上海,K,K8361,4小时54分
南京,上海,D,D305,2小时47分
南京,上海,D,D309,2小时47分
南京,上海,K,K233,5小时19分
南京,上海,K,K281,3小时15分
南京,上海虹桥,D,D781,2小时48分
南京,上海,K,K463,4小时49分
南京,上海,G,G7029,1小时54分
南京,上海南,Z,Z281,4小时16分
南京,上海,G,G7031,1小时54分
南京,上海虹桥,G,G7101,2小时7分
南京,上海,K,K171,5小时4分
南京,上海虹桥,D,D2281,2小时9分
南京,上海,G,G7001,1小时39分
南京,上海,K,K781,4小时41分
南京,上海虹桥,G,G7313,2小时0分
南京,上海,Z,Z195,2小时40分
南京,上海虹桥,G,G7389,2小时10分
南京,上海,K,K737,4小时54分
南京,上海,G,G7003,1小时39分
南京,上海虹桥,D,D3135,2小时28分
南京,上海,G,G7005,1小时39分
南京,上海,Z,Z163,2小时50分
南京,上海,Z,Z39,2小时52分
南京,上海虹桥,G,G7107,1小时56分
南京,上海,Z,Z267,2小时52分
南京,上海,G,G7045,2小时7分
南京,上海,T,T131,3小时14分
南京,上海,K,K559,4小时3分
南京,上海,K,K849,4小时4分
南京,上海虹桥,G,G7109,2小时5分
南京,上海,G,G7007,1小时47分
南京,上海,Z,Z251,2小时50分
南京,上海,Z,Z171,2小时50分
南京,上海,K,K1155,4小时28分
南京,上海虹桥,G,G7161,1小时59分
南京,上海,T,T115,3小时5分
南京,上海虹桥,G,G7111,2小时1分
南京,上海,K,K371,4小时9分
南京,上海,G,G7009,1小时39分
南京,上海虹桥,G,G7113,1小时47分
南京,上海虹桥,D,D3141,1小时54分
南京,上海,G,G7049,2小时5分
南京,上海,G,G7011,1小时40分
南京,上海,Z,Z215,2小时43分
南京,上海,K,K187,3小时40分
南京,上海,K,K1331,3小时52分
南京,上海,Z,Z303,3小时19分
南京,上海,G,G7013,1小时39分
南京,上海,G,G7053,2小时7分
南京,上海南,K,K525,4小时31分
南京,上海,K,K2185,4小时14分
南京,上海虹桥,G,G7127,1小时42分
南京,上海,G,G7055,1小时57分
南京,上海,G,G7015,1小时40分
南京,上海,X,1227,4小时10分
南京,上海,G,G7057,2小时0分
南京,上海南,K,K527,4小时10分
南京,上海虹桥,G,G7117,2小时3分
南京,上海,G,G7017,1小时40分
南京,上海,G,G7059,1小时54分
南京,上海,G,G7041,2小时3分
南京,上海,G,G7019,1小时40分
南京,上海,G,G7063,2小时7分
南京,上海虹桥,G,G7119,1小时56分
南京,上海,G,G7021,1小时39分
南京,上海,G,G7023,1小时40分
南京,上海,G,G7065,2小时5分
南京,上海,G,G7097,2小时4分
南京,上海,G,G7099,2小时5分
南京,上海,G,G7025,1小时40分
南京,上海,K,K8365,3小时28分
南京,上海,K,K8427,3小时39分
南京,上海虹桥,G,G7125,1小时53分
南京,上海,G,G7027,1小时49分
南京,上海,G,G7069,1小时54分
南京,上海,K,K8481,3小时45分
南京,上海,K,K151,3小时50分
南京,上海,K,K8355,5小时8分
南京,上海,K,K1101,4小时31分
南京,上海,C,C3854,3小时39分
南京,上海虹桥,D,D5458,3小时52分
南京,上海,C,C3858,3小时52分
南京,上海虹桥,C,C3774,3小时54分
南京,上海,C,C3862,3小时54分
南京,上海,K,K515,3小时54分
南京,上海虹桥,C,C3778,3小时54分
南京,上海,C,C3866,4小时0分
南京,上海,C,C3870,3小时52分
南京,上海南,K,K1805,5小时26分
南京,松江,K,K8371,5小时7分
南京,松江,K,K47,5小时15分
南京,松江,K,K525,5小时22分
南京,嘉善,K,K8371,5小时33分
南京,嘉善,K,K335,4小时35分
南京,嘉善,K,K47,5小时40分
南京,嘉善南,D,D2281,2小时37分
南京,嘉善南,G,G7313,2小时32分
南京,嘉善南,D,D3135,2小时57分
南京,海宁,Z,Z175,4小时59分
南京,海宁,K,K8371,6小时8分
南京,海宁,K,K8351,6小时33分
南京,海宁,K,K335,5小时8分
南京,海宁,T,T135,5小时57分
南京,海宁,K,K47,6小时13分
南京,海宁,D,D781,4小时0分
南京,海宁,Z,Z281,5小时47分
南京,海宁,D,D5458,5小时1分
南京,海宁,Z,Z85,3小时32分
南京,海宁西,D,D3135,3小时39分
南京,海宁,T,T111,4小时35分
南京,海宁,K,K527,5小时50分
南京,海宁,K,K1805,7小时8分
南京,杭州,Z,Z175,5小时51分
南京,杭州南,K,K1511,6小时12分
南京,杭州南,K,K8371,7小时45分
南京,杭州,K,K8351,7小时43分
南京,杭州南,K,K335,6小时7分
南京,杭州南,T,T135,7小时10分
南京,杭州,K,K47,7小时32分
南京,杭州,D,D781,4小时46分
南京,杭州,Z,Z281,6小时45分
南京,杭州东,D,D2281,3小时32分
南京,杭州东,G,G7313,3小时22分
南京,杭州,Z,Z85,4小时25分
南京,杭州东,G,G7389,3小时7分
南京,杭州东,D,D3135,4小时3分
南京,杭州东,D,D3141,3小时2分
南京,杭州,T,T111,5小时43分
南京,杭州南,K,K525,7小时14分
南京,杭州南,K,K527,6小时56分
南京,杭州,K,K347,6小时22分
南京,杭州,K,K1805,8小时4分
南京,杭州南,D,D5458,5小时59分
南京,绍兴,K,K335,6小时42分
南京,绍兴,T,T135,7小时44分
南京,上虞,K,K335,7小时7分
南京,上虞,T,T135,8小时9分
南京,绍兴东,D,D2281,4小时4分
南京,余姚,T,T135,8小时42分
南京,余姚北,D,D2281,4小时17分
南京,余姚北,D,D3135,4小时46分
南京,余姚北,D,D3141,3小时42分
南京,宁波,K,K335,8小时34分
南京,宁波,T,T135,9小时45分
南京,宁波,D,D2281,4小时41分
南京,宁波,D,D3135,5小时9分
南京,宁波,D,D3141,4小时7分
南京,宁波,K,K335,8小时34分
南京,宁波,T,T135,9小时45分
南京,宁波,D,D2281,4小时41分
南京,宁波,D,D3135,5小时9分
南京,宁波,D,D3141,4小时7分
南京,绍兴,K,K335,6小时42分
南京,绍兴,T,T135,7小时44分
南京,上虞,K,K335,7小时7分
南京,上虞,T,T135,8小时9分
南京,绍兴东,D,D2281,4小时4分
南京,余姚,T,T135,8小时42分
南京,余姚北,D,D2281,4小时17分
南京,余姚北,D,D3135,4小时46分
南京,余姚北,D,D3141,3小时42分
南京,宁海,D,D3135,5小时44分
南京,宁海,D,D3141,4小时39分
南京,台州,D,D2281,5小时42分
南京,台州,D,D3135,6小时16分
南京,台州,D,D3141,5小时11分
南京,温岭,D,D2281,5小时55分
南京,雁荡山,D,D3135,6小时36分
南京,乐清,D,D2281,6小时21分
南京,永嘉,D,D3141,5小时49分
南京,温州南,D,D2281,6小时38分
南京,温州南,D,D3135,7小时8分
南京,温州南,D,D3141,6小时6分
南京,温州,K,K347,15小时8分
南京,瑞安,D,D2281,6小时51分
南京,瑞安,D,D3135,7小时21分
南京,苍南,D,D2281,7小时9分
南京,苍南,D,D3135,7小时39分
南京,苍南,D,D3141,6小时32分
南京,金华,K,K1511,8小时3分
南京,金华,K,K8371,10小时38分
南京,金华,G,G7389,4小时3分
南京,金华,K,K525,9小时22分
南京,金华,K,K527,8小时49分
南京,金华南,K,K347,9小时34分
南京,武义,K,K347,10小时31分
南京,永康,K,K347,10小时55分
南京,武义,K,K347,10小时31分
南京,永康,K,K347,10小时55分
南京,温州南,D,D2281,6小时38分
南京,温州南,D,D3135,7小时8分
南京,温州南,D,D3141,6小时6分
南京,温州,K,K347,15小时8分
南京,建德,G,G7313,4小时6分
南京,绩溪县,T,T151,6小时4分
南京,盐城,T,T7772,3小时30分
南京,盐城,T,T7782,2小时59分
南京,盐城,T,T7776,3小时11分
南京,东台,T,T7772,2小时31分
南京,东台,T,T7776,2小时19分
南京,合肥,K,K8363,3小时44分
南京,合肥,K,K1157,3小时51分
南京,合肥,T,T237,4小时9分
南京,合肥,K,K8363,3小时44分
南京,合肥,K,K1157,3小时51分
南京,合肥,T,T237,4小时9分
南京,马鞍山,K,K1557,1小时7分
南京,马鞍山,K,K1157,1小时13分
南京,马鞍山,K,K783,1小时12分
南京,马鞍山,T,T237,1小时18分
南京,芜湖,T,T151,1小时51分
南京,芜湖,K,K1557,1小时55分
南京,芜湖,K,K1157,1小时54分
南京,芜湖,K,K33,3小时24分
南京,芜湖,K,K347,2小时20分
南京,芜湖,K,K137,1小时51分
南京,芜湖,K,K8363,1小时42分
南京,芜湖,T,T237,2小时8分
南京,芜湖,K,K783,2小时29分
南京,芜湖,K,K1325,2小时7分
南京,芜湖,T,T151,1小时51分
南京,芜湖,K,K1557,1小时55分
南京,芜湖,K,K1157,1小时54分
南京,芜湖,K,K33,3小时24分
南京,芜湖,K,K347,2小时20分
南京,芜湖,K,K137,1小时51分
南京,芜湖,K,K8363,1小时42分
南京,芜湖,T,T237,2小时8分
南京,芜湖,K,K783,2小时29分
南京,芜湖,K,K1325,2小时7分
南京,铜陵,K,K1557,3小时27分
南京,铜陵,K,K783,4小时5分
南京,铜陵,K,K1325,3小时47分
南京,铜陵,K,K137,3小时19分
南京,池州,K,K1557,4小时22分
南京,池州,K,K137,4小时24分
南京,池州,K,K783,4小时50分
南京,池州,K,K1325,4小时53分
南京,东至,K,K33,6小时33分
南京,东至,K,K1557,5小时50分
南京,巢湖,K,K8363,2小时51分
南京,铜陵,K,K1557,3小时27分
南京,铜陵,K,K137,3小时19分
南京,铜陵,K,K783,4小时5分
南京,铜陵,K,K1325,3小时47分
南京,合肥,K,K8363,3小时44分
南京,合肥,K,K1157,3小时51分
南京,合肥,T,T237,4小时9分
南京,芜湖,T,T151,1小时51分
南京,芜湖,K,K1557,1小时55分
南京,芜湖,K,K1157,1小时54分
南京,芜湖,K,K33,3小时24分
南京,芜湖,K,K347,2小时20分
南京,芜湖,K,K137,1小时51分
南京,芜湖,K,K8363,1小时42分
南京,芜湖,T,T237,2小时8分
南京,芜湖,K,K783,2小时29分
南京,芜湖,K,K1325,2小时7分
南京,宣城,T,T151,2小时53分
南京,宣城,K,K347,3小时16分
南京,马鞍山,K,K1557,1小时7分
南京,马鞍山,K,K1157,1小时13分
南京,马鞍山,K,K783,1小时12分
南京,马鞍山,T,T237,1小时18分
南京,巢湖,K,K8363,2小时51分
