安亭北,上海,G,G7215,0小时14分
安亭北,上海,G,G7033,0小时16分
安亭北,上海,G,G7205,0小时13分
安亭北,上海,G,G7255,0小时13分
安亭北,上海,G,G7059,0小时18分
安亭北,上海,G,G7041,0小时14分
安亭北,上海虹桥,D,D3005,0小时15分
安亭北,昆山南,D,D3068,0小时9分
安亭北,阳澄湖,G,G7056,0小时12分
安亭北,苏州,D,D3068,0小时24分
安亭北,苏州,G,G7248,0小时17分
安亭北,苏州,G,G7056,0小时25分
安亭北,苏州,G,G7586,0小时17分
安亭北,无锡,D,D3068,0小时41分
安亭北,无锡,G,G7248,0小时34分
安亭北,无锡,G,G7056,0小时41分
安亭北,无锡,G,G7586,0小时34分
安亭北,常州,D,D3068,0小时58分
安亭北,戚墅堰,G,G7248,0小时48分
安亭北,常州,G,G7056,1小时4分
安亭北,常州,G,G7586,0小时51分
安亭北,丹阳,D,D3068,1小时16分
安亭北,丹阳,G,G7248,1小时8分
安亭北,丹阳,G,G7056,1小时21分
安亭北,镇江,D,D3068,1小时30分
安亭北,上海,G,G7215,0小时14分
安亭北,上海,G,G7033,0小时16分
安亭北,上海,G,G7205,0小时13分
安亭北,上海,G,G7255,0小时13分
安亭北,上海,G,G7059,0小时18分
安亭北,上海,G,G7041,0小时14分
安亭北,上海虹桥,D,D3005,0小时15分
安亭北,上海,G,G7215,0小时14分
安亭北,上海,G,G7033,0小时16分
安亭北,上海,G,G7205,0小时13分
安亭北,上海,G,G7255,0小时13分
安亭北,上海西,G,G7059,0小时11分
安亭北,上海,G,G7041,0小时14分
安亭北,上海虹桥,D,D3005,0小时15分
安亭北,昆山南,D,D3068,0小时9分
安亭北,阳澄湖,G,G7056,0小时12分
安亭北,苏州,D,D3068,0小时24分
安亭北,苏州,G,G7248,0小时17分
安亭北,苏州,G,G7056,0小时25分
安亭北,苏州,G,G7586,0小时17分
安亭北,苏州,D,D3068,0小时24分
安亭北,苏州,G,G7248,0小时17分
安亭北,苏州,G,G7056,0小时25分
安亭北,苏州,G,G7586,0小时17分
安亭北,苏州,D,D3068,0小时24分
安亭北,苏州,G,G7248,0小时17分
安亭北,苏州,G,G7056,0小时25分
安亭北,苏州,G,G7586,0小时17分
安亭北,无锡,D,D3068,0小时41分
安亭北,无锡,G,G7248,0小时34分
安亭北,无锡,G,G7056,0小时41分
安亭北,无锡,G,G7586,0小时34分
安亭北,无锡,D,D3068,0小时41分
安亭北,无锡,G,G7248,0小时34分
安亭北,无锡,G,G7056,0小时41分
安亭北,无锡,G,G7586,0小时34分
安亭北,无锡,D,D3068,0小时41分
安亭北,无锡,G,G7248,0小时34分
安亭北,惠山,G,G7056,0小时52分
安亭北,无锡,G,G7586,0小时34分
安亭北,常州,D,D3068,0小时58分
安亭北,戚墅堰,G,G7248,0小时48分
安亭北,常州,G,G7056,1小时4分
安亭北,常州,G,G7586,0小时51分
安亭北,常州,D,D3068,0小时58分
安亭北,戚墅堰,G,G7248,0小时48分
安亭北,常州,G,G7056,1小时4分
安亭北,常州,G,G7586,0小时51分
安亭北,丹阳,D,D3068,1小时16分
安亭北,丹阳,G,G7248,1小时8分
安亭北,丹阳,G,G7056,1小时21分
安亭北,镇江,D,D3068,1小时30分
安亭北,南京南,D,D3068,2小时1分
安亭北,南京南,G,G7248,1小时45分
安亭北,南京,G,G7056,1小时51分
安亭北,南京南,D,D3068,2小时1分
安亭北,南京南,G,G7248,1小时45分
安亭北,南京,G,G7056,1小时51分
安亭北,昆山南,D,D3068,0小时9分
安亭北,阳澄湖,G,G7056,0小时12分
安亭北,上海,G,G7215,0小时14分
安亭北,上海,G,G7033,0小时16分
安亭北,上海,G,G7205,0小时13分
安亭北,上海,G,G7255,0小时13分
安亭北,上海,G,G7059,0小时18分
安亭北,上海,G,G7041,0小时14分
安亭北,上海虹桥,D,D3005,0小时15分
安亭北,合肥南,D,D3068,2小时53分
安亭北,合肥南,G,G7248,2小时38分
安亭北,合肥南,D,D3068,2小时53分
安亭北,合肥南,G,G7248,2小时38分
安亭北,合肥南,D,D3068,2小时53分
安亭北,合肥南,G,G7248,2小时38分
