常熟,上海,C,C3801,0小时56分
常熟,上海,C,C3805,1小时1分
常熟,上海虹桥,G,G7325,0小时54分
常熟,上海,C,C3893,1小时8分
常熟,上海虹桥,C,C3705,0小时55分
常熟,上海,C,C3851,0小时51分
常熟,上海,C,C3813,1小时3分
常熟,上海虹桥,C,C3795,0小时57分
常熟,上海虹桥,C,C3713,0小时57分
常熟,上海虹桥,D,D5461,1小时4分
常熟,上海,C,C3855,1小时4分
常熟,上海虹桥,C,C3717,1小时2分
常熟,上海虹桥,C,C3721,0小时53分
常熟,上海,D,D5591,0小时58分
常熟,上海虹桥,C,C3725,0小时53分
常熟,上海,C,C3895,1小时13分
常熟,上海虹桥,C,C3771,0小时55分
常熟,上海虹桥,G,G7579,1小时0分
常熟,上海,C,C3859,0小时58分
常熟,上海虹桥,C,C3775,0小时56分
常熟,上海,C,C3863,1小时11分
常熟,上海虹桥,C,C3729,0小时54分
常熟,上海虹桥,C,C3733,0小时54分
常熟,上海虹桥,D,D915,1小时6分
常熟,上海虹桥,D,D5465,1小时4分
常熟,上海虹桥,C,C3737,0小时56分
常熟,上海虹桥,D,D2215,0小时56分
常熟,上海,C,C3867,0小时58分
常熟,上海虹桥,D,D3063,0小时57分
常熟,上海虹桥,D,D3089,0小时58分
常熟,南京,C,C3856,3小时0分
常熟,南京,C,C3860,2小时53分
常熟,南京,C,C3864,2小时52分
常熟,南京,C,C3868,2小时54分
常熟,南京,C,C3772,3小时3分
常熟,南京,C,C3872,2小时51分
常熟,上海,C,C3801,0小时56分
常熟,上海,C,C3805,1小时1分
常熟,上海虹桥,G,G7325,0小时54分
常熟,上海,C,C3893,1小时8分
常熟,上海虹桥,C,C3705,0小时55分
常熟,上海,C,C3851,0小时51分
常熟,上海,C,C3813,1小时3分
常熟,上海虹桥,C,C3795,0小时57分
常熟,上海虹桥,C,C3713,0小时57分
常熟,上海虹桥,D,D5461,1小时4分
常熟,上海,C,C3855,1小时4分
常熟,上海虹桥,C,C3717,1小时2分
常熟,上海虹桥,C,C3721,0小时53分
常熟,上海,D,D5591,0小时58分
常熟,上海虹桥,C,C3725,0小时53分
常熟,上海西,C,C3895,0小时59分
常熟,上海虹桥,C,C3771,0小时55分
常熟,上海虹桥,G,G7579,1小时0分
常熟,上海,C,C3859,0小时58分
常熟,上海虹桥,C,C3775,0小时56分
常熟,上海,C,C3863,1小时11分
常熟,上海虹桥,C,C3729,0小时54分
常熟,上海虹桥,C,C3733,0小时54分
常熟,上海虹桥,D,D915,1小时6分
常熟,上海虹桥,D,D5465,1小时4分
常熟,上海虹桥,C,C3737,0小时56分
常熟,上海虹桥,D,D2215,0小时56分
常熟,上海,C,C3867,0小时58分
常熟,上海虹桥,D,D3063,0小时57分
常熟,上海虹桥,D,D3089,0小时58分
常熟,南京,C,C3856,3小时0分
常熟,南京,C,C3860,2小时53分
常熟,南京,C,C3864,2小时52分
常熟,南京,C,C3868,2小时54分
常熟,南京,C,C3772,3小时3分
常熟,南京,C,C3872,2小时51分
常熟,南京,C,C3856,3小时0分
常熟,南京,C,C3860,2小时53分
常熟,南京,C,C3864,2小时52分
常熟,南京,C,C3868,2小时54分
常熟,南京,C,C3772,3小时3分
常熟,南京,C,C3872,2小时51分
常熟,安亭西,C,C3805,0小时37分
常熟,安亭西,C,C3893,0小时43分
常熟,安亭西,C,C3813,0小时39分
常熟,安亭西,C,C3855,0小时38分
常熟,安亭西,C,C3895,0小时43分
常熟,安亭西,G,G7579,0小时38分
常熟,安亭西,C,C3863,0小时44分
常熟,太仓,C,C3801,0小时19分
常熟,太仓,C,C3805,0小时19分
常熟,太仓,G,G7325,0小时19分
常熟,太仓南,C,C3893,0小时30分
常熟,太仓,C,C3705,0小时19分
常熟,太仓,C,C3813,0小时19分
常熟,太仓,C,C3795,0小时20分
常熟,太仓,C,C3713,0小时19分
常熟,太仓南,D,D5461,0小时35分
常熟,太仓,C,C3855,0小时19分
常熟,太仓南,C,C3717,0小时32分
常熟,太仓,C,C3721,0小时19分
常熟,太仓,D,D5591,0小时19分
常熟,太仓,C,C3725,0小时19分
常熟,太仓南,C,C3895,0小时30分
常熟,太仓,C,C3771,0小时19分
常熟,太仓,G,G7579,0小时20分
常熟,太仓,C,C3859,0小时19分
常熟,太仓,C,C3775,0小时19分
常熟,太仓南,C,C3863,0小时31分
常熟,太仓,C,C3729,0小时19分
常熟,太仓,C,C3733,0小时19分
常熟,太仓南,D,D915,0小时35分
常熟,太仓,D,D5465,0小时23分
常熟,太仓,C,C3737,0小时19分
常熟,太仓,D,D2215,0小时19分
常熟,太仓,C,C3867,0小时19分
常熟,太仓,D,D3063,0小时19分
常熟,太仓,D,D3089,0小时19分
常熟,太仓,C,C3801,0小时19分
常熟,太仓,C,C3805,0小时19分
常熟,太仓,G,G7325,0小时19分
常熟,太仓,C,C3893,0小时19分
常熟,太仓,C,C3705,0小时19分
常熟,太仓,C,C3813,0小时19分
常熟,太仓,C,C3795,0小时20分
常熟,太仓,C,C3713,0小时19分
常熟,太仓,D,D5461,0小时23分
常熟,太仓,C,C3855,0小时19分
常熟,太仓,C,C3717,0小时19分
常熟,太仓,C,C3721,0小时19分
常熟,太仓,D,D5591,0小时19分
常熟,太仓,C,C3725,0小时19分
常熟,太仓,C,C3895,0小时19分
常熟,太仓,C,C3771,0小时19分
常熟,太仓,G,G7579,0小时20分
常熟,太仓,C,C3859,0小时19分
常熟,太仓,C,C3775,0小时19分
常熟,太仓,C,C3863,0小时19分
常熟,太仓,C,C3729,0小时19分
常熟,太仓,C,C3733,0小时19分
常熟,太仓,D,D915,0小时19分
常熟,太仓,D,D5465,0小时23分
常熟,太仓,C,C3737,0小时19分
常熟,太仓,D,D2215,0小时19分
常熟,太仓,C,C3867,0小时19分
常熟,太仓,D,D3063,0小时19分
常熟,太仓,D,D3089,0小时19分
常熟,张家港,D,D2216,0小时10分
常熟,张家港,D,D3090,0小时10分
常熟,张家港,C,C3856,0小时10分
常熟,张家港,D,D3064,0小时10分
常熟,张家港,G,G7580,0小时10分
常熟,张家港,C,C3860,0小时10分
常熟,张家港,C,C3702,0小时10分
常熟,张家港,C,C3864,0小时10分
常熟,张家港,C,C3798,0小时10分
常熟,张家港,C,C3706,0小时10分
常熟,张家港,C,C3710,0小时10分
常熟,张家港,C,C3714,0小时10分
常熟,张家港,C,C3772,0小时10分
常熟,张家港,D,D5462,0小时11分
常熟,张家港,C,C3802,0小时10分
常熟,张家港,C,C3806,0小时10分
常熟,张家港,D,D5562,0小时10分
常熟,张家港,C,C3810,0小时10分
常熟,张家港,C,C3872,0小时10分
常熟,张家港,C,C3894,0小时10分
常熟,张家港,C,C3722,0小时10分
常熟,张家港,C,C3726,0小时10分
常熟,张家港,G,G7524,0小时11分
常熟,张家港,C,C3730,0小时10分
常熟,张家港,C,C3818,0小时10分
常熟,张家港,C,C3734,0小时10分
常熟,张家港,C,C3868,0小时10分
常熟,南通西,D,D3090,0小时27分
常熟,南通西,C,C3856,0小时27分
常熟,南通西,D,D3064,0小时27分
常熟,南通西,G,G7580,0小时27分
常熟,南通西,C,C3860,0小时26分
常熟,南通,C,C3702,0小时37分
常熟,南通西,C,C3864,0小时26分
常熟,南通西,C,C3798,0小时27分
常熟,南通,C,C3706,0小时37分
常熟,南通,C,C3710,0小时37分
常熟,南通西,C,C3868,0小时26分
常熟,南通,C,C3714,0小时37分
常熟,南通西,C,C3772,0小时27分
常熟,南通,D,D5462,0小时39分
常熟,南通,C,C3802,0小时37分
常熟,南通,C,C3806,0小时37分
常熟,南通西,D,D5562,0小时27分
常熟,南通,C,C3810,0小时38分
常熟,南通西,C,C3872,0小时26分
常熟,南通西,C,C3894,0小时26分
常熟,南通,C,C3722,0小时37分
常熟,南通,C,C3726,0小时38分
常熟,南通,C,C3730,0小时37分
常熟,南通,C,C3818,0小时37分
常熟,南通,C,C3734,0小时37分
常熟,扬州,D,D2216,1小时59分
常熟,扬州,D,D3090,2小时15分
常熟,扬州,C,C3856,2小时3分
常熟,扬州,D,D3064,1小时58分
常熟,扬州,G,G7580,2小时13分
常熟,扬州,C,C3860,2小时2分
常熟,扬州,C,C3868,2小时2分
常熟,扬州,C,C3772,2小时8分
常熟,扬州,D,D5562,2小时2分
常熟,扬州,C,C3872,1小时58分
常熟,扬州,D,D2216,1小时59分
常熟,扬州,D,D3090,2小时15分
常熟,扬州,D,D3064,1小时58分
常熟,扬州,G,G7580,2小时13分
常熟,扬州,C,C3860,2小时2分
常熟,扬州,C,C3868,2小时2分
常熟,扬州,D,D5562,2小时2分
常熟,泰州,D,D2216,1小时23分
常熟,泰州,D,D3090,1小时38分
常熟,泰州,C,C3856,1小时23分
常熟,泰州,D,D3064,1小时23分
常熟,泰州,G,G7580,1小时35分
常熟,泰州,C,C3860,1小时28分
常熟,泰州,C,C3864,1小时31分
常熟,泰州,C,C3798,1小时31分
常熟,泰州,C,C3868,1小时28分
常熟,泰州,C,C3772,1小时29分
常熟,泰州,D,D5562,1小时25分
常熟,泰州,C,C3894,1小时29分
常熟,泰州,D,D2216,1小时23分
常熟,姜堰,D,D3090,1小时24分
常熟,泰州,C,C3856,1小时23分
常熟,泰州,D,D3064,1小时23分
常熟,姜堰,G,G7580,1小时22分
常熟,泰州,C,C3860,1小时28分
常熟,泰州,C,C3864,1小时31分
常熟,姜堰,C,C3798,1小时17分
常熟,泰州,C,C3868,1小时28分
常熟,泰州,C,C3772,1小时29分
常熟,泰州,D,D5562,1小时25分
常熟,泰州,C,C3894,1小时29分
常熟,海安,D,D2216,0小时56分
常熟,海安,D,D3090,1小时3分
常熟,海安,D,D3064,0小时56分
常熟,海安,G,G7580,1小时2分
常熟,海安,C,C3860,1小时2分
常熟,海安,C,C3864,1小时2分
常熟,海安,C,C3798,0小时57分
常熟,海安,C,C3868,1小时2分
常熟,海安,C,C3772,1小时2分
常熟,海安,D,D5562,0小时56分
常熟,海安,C,C3872,0小时56分
常熟,海安,C,C3894,1小时2分
常熟,如皋,D,D2216,0小时43分
常熟,如皋,D,D3090,0小时49分
常熟,如皋,C,C3856,0小时49分
常熟,如皋,G,G7580,0小时49分
常熟,如皋,C,C3860,0小时48分
常熟,如皋,C,C3864,0小时48分
常熟,如皋,C,C3868,0小时48分
常熟,如皋,C,C3772,0小时49分
常熟,如皋,C,C3894,0小时48分
常熟,南通西,D,D3090,0小时27分
常熟,南通西,C,C3856,0小时27分
常熟,南通西,D,D3064,0小时27分
常熟,南通西,G,G7580,0小时27分
常熟,南通西,C,C3860,0小时26分
常熟,南通,C,C3702,0小时37分
常熟,南通西,C,C3864,0小时26分
常熟,南通西,C,C3798,0小时27分
常熟,南通,C,C3706,0小时37分
常熟,南通,C,C3710,0小时37分
常熟,南通西,C,C3868,0小时26分
常熟,南通,C,C3714,0小时37分
常熟,南通西,C,C3772,0小时27分
常熟,南通,D,D5462,0小时39分
常熟,南通,C,C3802,0小时37分
常熟,南通,C,C3806,0小时37分
常熟,南通西,D,D5562,0小时27分
常熟,南通,C,C3810,0小时38分
常熟,南通西,C,C3872,0小时26分
常熟,南通西,C,C3894,0小时26分
常熟,南通,C,C3722,0小时37分
常熟,南通,C,C3726,0小时38分
常熟,南通,C,C3730,0小时37分
常熟,南通,C,C3818,0小时37分
常熟,南通,C,C3734,0小时37分
常熟,海门,D,D5462,1小时3分
常熟,启东,D,D5462,1小时29分
常熟,松江南,G,G7325,1小时14分
常熟,嘉兴南,G,G7325,1小时44分
常熟,嘉兴南,G,G7579,1小时31分
常熟,桐乡,G,G7579,1小时44分
常熟,海宁西,G,G7325,2小时8分
常熟,海宁,D,D5461,2小时15分
常熟,杭州东,G,G7325,2小时27分
常熟,杭州东,D,D5461,2小时55分
常熟,杭州东,G,G7579,2小时5分
常熟,杭州东,D,D915,2小时10分
常熟,杭州东,G,G7325,2小时27分
常熟,杭州南,D,D5461,3小时13分
常熟,杭州东,G,G7579,2小时5分
常熟,杭州东,D,D915,2小时10分
常熟,诸暨,G,G7325,2小时56分
常熟,义乌,G,G7325,3小时16分
常熟,上海,C,C3801,0小时56分
常熟,上海,C,C3805,1小时1分
常熟,上海虹桥,G,G7325,0小时54分
常熟,上海,C,C3893,1小时8分
常熟,上海虹桥,C,C3705,0小时55分
常熟,上海,C,C3851,0小时51分
常熟,上海,C,C3813,1小时3分
常熟,上海虹桥,C,C3795,0小时57分
常熟,上海虹桥,C,C3713,0小时57分
常熟,上海虹桥,D,D5461,1小时4分
常熟,上海,C,C3855,1小时4分
常熟,上海虹桥,C,C3717,1小时2分
常熟,上海虹桥,C,C3721,0小时53分
常熟,上海,D,D5591,0小时58分
常熟,上海虹桥,C,C3725,0小时53分
常熟,上海,C,C3895,1小时13分
常熟,上海虹桥,C,C3771,0小时55分
常熟,上海虹桥,G,G7579,1小时0分
常熟,上海,C,C3859,0小时58分
常熟,上海虹桥,C,C3775,0小时56分
常熟,上海,C,C3863,1小时11分
常熟,上海虹桥,C,C3729,0小时54分
常熟,上海虹桥,C,C3733,0小时54分
常熟,上海虹桥,D,D915,1小时6分
常熟,上海虹桥,D,D5465,1小时4分
常熟,上海虹桥,C,C3737,0小时56分
常熟,上海虹桥,D,D2215,0小时56分
常熟,上海,C,C3867,0小时58分
常熟,上海虹桥,D,D3063,0小时57分
常熟,上海虹桥,D,D3089,0小时58分
常熟,海宁西,G,G7325,2小时8分
常熟,海宁,D,D5461,2小时15分
常熟,杭州东,G,G7325,2小时27分
常熟,杭州南,D,D5461,3小时13分
常熟,杭州东,G,G7579,2小时5分
常熟,杭州东,D,D915,2小时10分
常熟,宁波,D,D915,3小时11分
常熟,宁波,D,D915,3小时11分
常熟,温州南,G,G7325,5小时3分
常熟,武义北,G,G7325,3小时44分
常熟,永康南,G,G7325,3小时58分
常熟,武义北,G,G7325,3小时44分
常熟,永康南,G,G7325,3小时58分
常熟,温州南,G,G7325,5小时3分
常熟,富阳,G,G7579,2小时32分
常熟,桐庐,G,G7579,2小时48分
常熟,建德,G,G7579,3小时4分
常熟,千岛湖,G,G7579,3小时17分
常熟,绩溪北,G,G7579,3小时43分
常熟,全椒,D,D3064,2小时56分
常熟,合肥南,D,D2216,3小时29分
常熟,合肥南,D,D3090,3小时46分
常熟,合肥南,D,D3064,3小时40分
常熟,合肥,D,D5562,3小时32分
常熟,合肥南,D,D2216,3小时29分
常熟,合肥南,D,D3090,3小时46分
常熟,合肥南,D,D3064,3小时40分
常熟,合肥,D,D5562,3小时32分
常熟,合肥南,D,D2216,3小时29分
常熟,合肥南,D,D3090,3小时46分
常熟,合肥南,D,D3064,3小时40分
常熟,合肥,D,D5562,3小时32分
