庄桥,南京南,G,G7690,2小时23分
庄桥,南京南,G,G7582,2小时39分
庄桥,南京南,G,G7690,2小时23分
庄桥,南京南,G,G7582,2小时39分
庄桥,南京南,G,G7690,2小时23分
庄桥,南京南,G,G7582,2小时39分
庄桥,杭州东,G,G7690,1小时3分
庄桥,杭州东,G,G7582,0小时56分
庄桥,杭州南,G,G7690,0小时49分
庄桥,杭州东,G,G7582,0小时56分
庄桥,杭州南,G,G7690,0小时49分
庄桥,杭州东,G,G7582,0小时56分
庄桥,溧阳,G,G7582,2小时7分
庄桥,宜兴,G,G7690,1小时48分
庄桥,宜兴,G,G7582,1小时54分
庄桥,湖州,G,G7690,1小时29分
庄桥,湖州,G,G7582,1小时35分
庄桥,德清,G,G7582,1小时16分
庄桥,绍兴北,G,G7582,0小时34分
庄桥,绍兴东,G,G7690,0小时29分
庄桥,余姚北,G,G7690,0小时14分
庄桥,余姚北,G,G7582,0小时14分
庄桥,宁波,G,G7659,0小时10分
庄桥,宁波,D,D3101,0小时10分
庄桥,绍兴北,G,G7582,0小时34分
庄桥,绍兴东,G,G7690,0小时29分
庄桥,余姚北,G,G7690,0小时14分
庄桥,余姚北,G,G7582,0小时14分
庄桥,宁海,G,G7659,0小时40分
庄桥,宁海,D,D3101,0小时45分
庄桥,临海,G,G7659,1小时4分
庄桥,临海,D,D3101,1小时9分
庄桥,台州,G,G7659,1小时18分
庄桥,台州,D,D3101,1小时23分
庄桥,雁荡山,G,G7659,1小时40分
庄桥,乐清,G,G7659,1小时59分
庄桥,温州南,G,G7659,2小时18分
庄桥,温州南,D,D3101,2小时8分
庄桥,瑞安,D,D3101,2小时22分
庄桥,温州南,G,G7659,2小时18分
庄桥,温州南,D,D3101,2小时8分
庄桥,德清,G,G7582,1小时16分
