无锡东,上海虹桥,G,G1509,0小时36分
无锡东,上海虹桥,G,G7505,0小时43分
无锡东,上海虹桥,G,G7349,0小时38分
无锡东,上海虹桥,G,G1377,0小时43分
无锡东,上海虹桥,G,G7787,0小时28分
无锡东,上海虹桥,G,G2661,0小时31分
无锡东,上海虹桥,G,G297,0小时39分
无锡东,上海虹桥,G,G7791,0小时36分
无锡东,上海虹桥,G,G1763,0小时46分
无锡东,上海虹桥,G,G7375,0小时50分
无锡东,上海虹桥,G,G7181,0小时37分
无锡东,上海虹桥,G,G7193,0小时37分
无锡东,上海虹桥,G,G7595,0小时46分
无锡东,上海虹桥,G,G1735,0小时47分
无锡东,上海虹桥,G,G105,0小时29分
无锡东,上海虹桥,G,G221,0小时31分
无锡东,上海虹桥,G,G1775,0小时55分
无锡东,上海虹桥,G,G211,0小时36分
无锡东,上海虹桥,G,G2811,0小时30分
无锡东,上海虹桥,G,G119,0小时29分
无锡东,上海虹桥,G,G1583,0小时36分
无锡东,上海虹桥,G,G3251,0小时38分
无锡东,上海虹桥,G,G1955,0小时38分
无锡东,上海虹桥,G,G3151,0小时37分
无锡东,上海虹桥,G,G135,0小时31分
无锡东,上海虹桥,G,G1825,0小时36分
无锡东,上海虹桥,G,G1923,0小时29分
无锡东,上海虹桥,G,G1251,0小时36分
无锡东,上海虹桥,G,G225,0小时45分
无锡东,上海虹桥,G,G1951,0小时36分
无锡东,上海虹桥,G,G155,0小时38分
无锡东,上海虹桥,G,G1935,0小时35分
无锡东,上海虹桥,G,G1973,0小时35分
无锡东,上海虹桥,G,G1231,0小时36分
无锡东,上海虹桥,G,G169,0小时36分
无锡东,上海虹桥,G,G3179,0小时39分
无锡东,上海,G,G233,0小时33分
无锡东,上海虹桥,G,G153,0小时29分
无锡东,上海虹桥,G,G1939,0小时29分
无锡东,上海虹桥,G,G7507,0小时43分
无锡东,上海虹桥,G,G7599,0小时29分
无锡东,上海,G,G7299,0小时43分
无锡东,上海虹桥,G,G1919,0小时38分
无锡东,上海虹桥,G,G1203,0小时36分
无锡东,昆山南,G,G7505,0小时24分
无锡东,昆山南,G,G1377,0小时24分
无锡东,昆山南,G,G7375,0小时24分
无锡东,昆山南,G,G7595,0小时27分
无锡东,昆山南,G,G1775,0小时28分
无锡东,昆山南,G,G1251,0小时17分
无锡东,昆山南,G,G225,0小时23分
无锡东,昆山南,G,G7507,0小时24分
无锡东,昆山南,G,G1763,0小时27分
无锡东,昆山南,G,G1825,0小时17分
无锡东,苏州北,G,G1509,0小时11分
无锡东,苏州北,G,G7505,0小时11分
无锡东,苏州北,G,G7349,0小时11分
无锡东,苏州北,G,G1377,0小时11分
无锡东,苏州北,G,G7507,0小时11分
无锡东,苏州北,G,G297,0小时10分
无锡东,苏州北,G,G7791,0小时11分
无锡东,苏州北,G,G7375,0小时11分
无锡东,苏州北,G,G7181,0小时11分
无锡东,苏州北,G,G7193,0小时12分
无锡东,苏州北,G,G7595,0小时11分
无锡东,苏州北,G,G1735,0小时11分
无锡东,苏州北,G,G1775,0小时11分
无锡东,苏州北,G,G211,0小时10分
无锡东,苏州北,G,G1583,0小时10分
无锡东,苏州北,G,G1955,0小时11分
无锡东,苏州北,G,G3151,0小时11分
无锡东,苏州北,G,G225,0小时10分
无锡东,苏州北,G,G1951,0小时11分
无锡东,苏州北,G,G155,0小时11分
无锡东,苏州北,G,G1935,0小时10分
无锡东,苏州北,G,G1973,0小时10分
无锡东,苏州北,G,G1231,0小时11分
无锡东,苏州北,G,G169,0小时11分
无锡东,苏州北,G,G1763,0小时11分
无锡东,苏州北,G,G7299,0小时11分
无锡东,苏州北,G,G3251,0小时11分
无锡东,苏州北,G,G1919,0小时11分
无锡东,苏州北,G,G1203,0小时10分
无锡东,苏州北,G,G3179,0小时11分
无锡东,常州北,G,G102,0小时17分
无锡东,常州北,G,G1974,0小时17分
无锡东,常州北,G,G120,0小时17分
无锡东,常州北,G,G676,0小时17分
无锡东,常州北,G,G230,0小时17分
无锡东,常州北,G,G1236,0小时17分
无锡东,常州北,G,G1806,0小时17分
无锡东,常州北,G,G1920,0小时17分
无锡东,常州北,G,G3164,0小时17分
无锡东,常州北,G,G7180,0小时16分
无锡东,常州北,G,G7194,0小时17分
无锡东,常州北,G,G2664,0小时17分
无锡东,常州北,G,G460,0小时17分
无锡东,常州北,G,G1716,0小时17分
无锡东,常州北,G,G7182,0小时17分
无锡东,常州北,G,G7292,0小时16分
无锡东,常州北,G,G1826,0小时17分
无锡东,常州北,G,G7788,0小时17分
无锡东,常州北,G,G7792,0小时17分
无锡东,常州北,G,G1764,0小时17分
无锡东,常州北,G,G7590,0小时17分
无锡东,常州北,G,G1510,0小时17分
无锡东,常州北,G,G1378,0小时17分
无锡东,常州北,G,G7596,0小时17分
无锡东,常州北,G,G1822,0小时17分
无锡东,常州北,G,G7196,0小时17分
无锡东,常州北,G,G7190,0小时17分
无锡东,丹阳北,G,G1802,0小时24分
无锡东,丹阳北,G,G104,0小时24分
无锡东,丹阳北,G,G1232,0小时26分
无锡东,丹阳北,G,G214,0小时24分
无锡东,丹阳北,G,G7192,0小时24分
无锡东,镇江南,G,G456,0小时37分
无锡东,镇江南,G,G576,0小时30分
无锡东,镇江南,G,G676,0小时42分
无锡东,镇江南,G,G230,0小时37分
无锡东,镇江南,G,G1214,0小时29分
无锡东,镇江南,G,G2664,0小时37分
无锡东,镇江南,G,G7296,0小时30分
无锡东,镇江南,G,G1716,0小时37分
无锡东,镇江南,G,G7182,0小时37分
无锡东,镇江南,G,G1932,0小时29分
无锡东,镇江南,G,G44,0小时30分
无锡东,镇江南,G,G7192,0小时40分
无锡东,镇江南,G,G298,0小时31分
无锡东,镇江南,G,G7792,0小时42分
无锡东,镇江南,G,G1764,0小时43分
无锡东,镇江南,G,G7590,0小时37分
无锡东,镇江南,G,G1510,0小时37分
无锡东,镇江南,G,G1378,0小时37分
无锡东,镇江南,G,G7300,0小时29分
无锡东,镇江南,G,G7196,0小时41分
无锡东,南京南,G,G456,0小时57分
无锡东,南京南,G,G1802,0小时50分
无锡东,南京南,G,G102,0小时50分
无锡东,南京南,G,G104,0小时50分
无锡东,南京南,G,G1974,0小时51分
无锡东,南京南,G,G120,0小时54分
无锡东,南京南,G,G1232,0小时53分
无锡东,南京南,G,G1952,0小时47分
无锡东,南京南,G,G576,0小时52分
无锡东,南京南,G,G676,1小时9分
无锡东,南京南,G,G230,0小时57分
无锡东,南京南,G,G1236,0小时52分
无锡东,南京南,G,G1806,0小时51分
无锡东,南京南,G,G1920,0小时51分
无锡东,南京南,G,G3164,0小时53分
无锡东,南京南,G,G7180,0小时51分
无锡东,南京南,G,G1214,0小时50分
无锡东,南京南,G,G2664,0小时58分
无锡东,南京南,G,G460,0小时51分
无锡东,南京南,G,G7296,0小时51分
无锡东,南京南,G,G1716,1小时2分
无锡东,南京南,G,G7182,1小时4分
无锡东,南京南,G,G1932,1小时1分
无锡东,南京南,G,G214,0小时52分
无锡东,南京南,G,G234,0小时43分
无锡东,南京南,G,G2812,0小时45分
无锡东,南京南,G,G1940,0小时43分
无锡东,南京南,G,G44,0小时50分
无锡东,南京南,G,G7292,0小时51分
无锡东,南京南,G,G7192,1小时10分
无锡东,南京南,G,G298,0小时52分
无锡东,南京南,G,G1826,0小时52分
无锡东,南京南,G,G7788,0小时54分
无锡东,南京南,G,G7792,1小时4分
无锡东,南京南,G,G1764,1小时5分
无锡东,南京南,G,G7590,0小时58分
无锡东,南京南,G,G1510,0小时59分
无锡东,南京南,G,G1378,0小时59分
无锡东,南京南,G,G7300,0小时50分
无锡东,南京南,G,G7596,0小时52分
无锡东,南京南,G,G1822,0小时50分
无锡东,南京南,G,G7196,1小时3分
无锡东,南京南,G,G7190,0小时50分
无锡东,滁州,G,G102,1小时10分
无锡东,滁州,G,G1232,1小时16分
无锡东,滁州,G,G1214,1小时10分
无锡东,滁州,G,G2664,1小时22分
无锡东,滁州,G,G460,1小时13分
无锡东,滁州,G,G1932,1小时21分
无锡东,滁州,G,G7192,1小时33分
无锡东,滁州,G,G7792,1小时27分
无锡东,滁州,G,G7590,1小时18分
无锡东,滁州,G,G1822,1小时10分
无锡东,定远,G,G1802,1小时23分
无锡东,定远,G,G2664,1小时42分
无锡东,定远,G,G298,1小时26分
无锡东,上海虹桥,G,G1509,0小时36分
无锡东,上海虹桥,G,G7505,0小时43分
无锡东,上海虹桥,G,G7349,0小时38分
无锡东,上海虹桥,G,G1377,0小时43分
无锡东,上海虹桥,G,G7787,0小时28分
无锡东,上海虹桥,G,G2661,0小时31分
无锡东,上海虹桥,G,G297,0小时39分
无锡东,上海虹桥,G,G7791,0小时36分
无锡东,上海虹桥,G,G1763,0小时46分
无锡东,上海虹桥,G,G7375,0小时50分
无锡东,上海虹桥,G,G7181,0小时37分
无锡东,上海虹桥,G,G7193,0小时37分
无锡东,上海虹桥,G,G7595,0小时46分
无锡东,上海虹桥,G,G1735,0小时47分
无锡东,上海虹桥,G,G105,0小时29分
无锡东,上海虹桥,G,G221,0小时31分
无锡东,上海虹桥,G,G1775,0小时55分
无锡东,上海虹桥,G,G211,0小时36分
无锡东,上海虹桥,G,G2811,0小时30分
无锡东,上海虹桥,G,G119,0小时29分
无锡东,上海虹桥,G,G1583,0小时36分
无锡东,上海虹桥,G,G3251,0小时38分
无锡东,上海虹桥,G,G1955,0小时38分
无锡东,上海虹桥,G,G3151,0小时37分
无锡东,上海虹桥,G,G135,0小时31分
无锡东,上海虹桥,G,G1825,0小时36分
无锡东,上海虹桥,G,G1923,0小时29分
无锡东,上海虹桥,G,G1251,0小时36分
无锡东,上海虹桥,G,G225,0小时45分
无锡东,上海虹桥,G,G1951,0小时36分
无锡东,上海虹桥,G,G155,0小时38分
无锡东,上海虹桥,G,G1935,0小时35分
无锡东,上海虹桥,G,G1973,0小时35分
无锡东,上海虹桥,G,G1231,0小时36分
无锡东,上海虹桥,G,G169,0小时36分
无锡东,上海虹桥,G,G3179,0小时39分
无锡东,上海,G,G233,0小时33分
无锡东,上海虹桥,G,G153,0小时29分
无锡东,上海虹桥,G,G1939,0小时29分
无锡东,上海虹桥,G,G7507,0小时43分
无锡东,上海虹桥,G,G7599,0小时29分
无锡东,上海,G,G7299,0小时43分
无锡东,上海虹桥,G,G1919,0小时38分
无锡东,上海虹桥,G,G1203,0小时36分
无锡东,上海虹桥,G,G1509,0小时36分
无锡东,上海虹桥,G,G7505,0小时43分
无锡东,上海虹桥,G,G7349,0小时38分
无锡东,上海虹桥,G,G1377,0小时43分
无锡东,上海虹桥,G,G7787,0小时28分
无锡东,上海虹桥,G,G2661,0小时31分
无锡东,上海虹桥,G,G297,0小时39分
无锡东,上海虹桥,G,G7791,0小时36分
无锡东,上海虹桥,G,G1763,0小时46分
无锡东,上海虹桥,G,G7375,0小时50分
无锡东,上海虹桥,G,G7181,0小时37分
无锡东,上海虹桥,G,G7193,0小时37分
无锡东,上海虹桥,G,G7595,0小时46分
无锡东,上海虹桥,G,G1735,0小时47分
无锡东,上海虹桥,G,G105,0小时29分
无锡东,上海虹桥,G,G221,0小时31分
无锡东,上海虹桥,G,G1775,0小时55分
无锡东,上海虹桥,G,G211,0小时36分
无锡东,上海虹桥,G,G2811,0小时30分
无锡东,上海虹桥,G,G119,0小时29分
无锡东,上海虹桥,G,G1583,0小时36分
无锡东,上海虹桥,G,G3251,0小时38分
无锡东,上海虹桥,G,G1955,0小时38分
无锡东,上海虹桥,G,G3151,0小时37分
无锡东,上海虹桥,G,G135,0小时31分
无锡东,上海虹桥,G,G1825,0小时36分
无锡东,上海虹桥,G,G1923,0小时29分
无锡东,上海虹桥,G,G1251,0小时36分
无锡东,上海虹桥,G,G225,0小时45分
无锡东,上海虹桥,G,G1951,0小时36分
无锡东,上海虹桥,G,G155,0小时38分
无锡东,上海虹桥,G,G1935,0小时35分
无锡东,上海虹桥,G,G1973,0小时35分
无锡东,上海虹桥,G,G1231,0小时36分
无锡东,上海虹桥,G,G169,0小时36分
无锡东,上海虹桥,G,G3179,0小时39分
无锡东,上海,G,G233,0小时33分
无锡东,上海虹桥,G,G153,0小时29分
无锡东,上海虹桥,G,G1939,0小时29分
无锡东,上海虹桥,G,G7507,0小时43分
无锡东,上海虹桥,G,G7599,0小时29分
无锡东,上海,G,G7299,0小时43分
无锡东,上海虹桥,G,G1919,0小时38分
无锡东,上海虹桥,G,G1203,0小时36分
无锡东,昆山南,G,G7505,0小时24分
无锡东,昆山南,G,G1377,0小时24分
无锡东,昆山南,G,G7375,0小时24分
无锡东,昆山南,G,G7595,0小时27分
无锡东,昆山南,G,G1775,0小时28分
无锡东,昆山南,G,G1251,0小时17分
无锡东,昆山南,G,G225,0小时23分
无锡东,昆山南,G,G7507,0小时24分
无锡东,昆山南,G,G1763,0小时27分
无锡东,昆山南,G,G1825,0小时17分
无锡东,苏州北,G,G1509,0小时11分
无锡东,苏州北,G,G7505,0小时11分
无锡东,苏州北,G,G7349,0小时11分
无锡东,苏州北,G,G1377,0小时11分
无锡东,苏州北,G,G7507,0小时11分
无锡东,苏州北,G,G297,0小时10分
无锡东,苏州北,G,G7791,0小时11分
无锡东,苏州北,G,G7375,0小时11分
无锡东,苏州北,G,G7181,0小时11分
无锡东,苏州北,G,G7193,0小时12分
无锡东,苏州北,G,G7595,0小时11分
无锡东,苏州北,G,G1735,0小时11分
无锡东,苏州北,G,G1775,0小时11分
无锡东,苏州北,G,G211,0小时10分
无锡东,苏州北,G,G1583,0小时10分
无锡东,苏州北,G,G1955,0小时11分
无锡东,苏州北,G,G3151,0小时11分
无锡东,苏州北,G,G225,0小时10分
无锡东,苏州北,G,G1951,0小时11分
无锡东,苏州北,G,G155,0小时11分
无锡东,苏州北,G,G1935,0小时10分
无锡东,苏州北,G,G1973,0小时10分
无锡东,苏州北,G,G1231,0小时11分
无锡东,苏州北,G,G169,0小时11分
无锡东,苏州北,G,G1763,0小时11分
无锡东,苏州北,G,G7299,0小时11分
无锡东,苏州北,G,G3251,0小时11分
无锡东,苏州北,G,G1919,0小时11分
无锡东,苏州北,G,G1203,0小时10分
无锡东,苏州北,G,G3179,0小时11分
无锡东,苏州北,G,G1509,0小时11分
无锡东,苏州北,G,G7505,0小时11分
无锡东,苏州北,G,G7349,0小时11分
无锡东,苏州北,G,G1377,0小时11分
无锡东,苏州北,G,G7507,0小时11分
无锡东,苏州北,G,G297,0小时10分
无锡东,苏州北,G,G7791,0小时11分
无锡东,苏州北,G,G7375,0小时11分
无锡东,苏州北,G,G7181,0小时11分
无锡东,苏州北,G,G7193,0小时12分
无锡东,苏州北,G,G7595,0小时11分
无锡东,苏州北,G,G1735,0小时11分
无锡东,苏州北,G,G1775,0小时11分
无锡东,苏州北,G,G211,0小时10分
无锡东,苏州北,G,G1583,0小时10分
无锡东,苏州北,G,G1955,0小时11分
无锡东,苏州北,G,G3151,0小时11分
无锡东,苏州北,G,G225,0小时10分
无锡东,苏州北,G,G1951,0小时11分
无锡东,苏州北,G,G155,0小时11分
无锡东,苏州北,G,G1935,0小时10分
无锡东,苏州北,G,G1973,0小时10分
无锡东,苏州北,G,G1231,0小时11分
无锡东,苏州北,G,G169,0小时11分
无锡东,苏州北,G,G1763,0小时11分
无锡东,苏州北,G,G7299,0小时11分
无锡东,苏州北,G,G3251,0小时11分
无锡东,苏州北,G,G1919,0小时11分
无锡东,苏州北,G,G1203,0小时10分
无锡东,苏州北,G,G3179,0小时11分
无锡东,苏州北,G,G1509,0小时11分
无锡东,苏州北,G,G7505,0小时11分
无锡东,苏州北,G,G7349,0小时11分
无锡东,苏州北,G,G1377,0小时11分
无锡东,苏州北,G,G7507,0小时11分
无锡东,苏州北,G,G297,0小时10分
无锡东,苏州北,G,G7791,0小时11分
无锡东,苏州北,G,G7375,0小时11分
无锡东,苏州北,G,G7181,0小时11分
无锡东,苏州北,G,G7193,0小时12分
无锡东,苏州北,G,G7595,0小时11分
无锡东,苏州北,G,G1735,0小时11分
无锡东,苏州北,G,G1775,0小时11分
无锡东,苏州北,G,G211,0小时10分
无锡东,苏州北,G,G1583,0小时10分
无锡东,苏州北,G,G1955,0小时11分
无锡东,苏州北,G,G3151,0小时11分
无锡东,苏州北,G,G225,0小时10分
无锡东,苏州北,G,G1951,0小时11分
无锡东,苏州北,G,G155,0小时11分
无锡东,苏州北,G,G1935,0小时10分
无锡东,苏州北,G,G1973,0小时10分
无锡东,苏州北,G,G1231,0小时11分
无锡东,苏州北,G,G169,0小时11分
无锡东,苏州北,G,G1763,0小时11分
无锡东,苏州北,G,G7299,0小时11分
无锡东,苏州北,G,G3251,0小时11分
无锡东,苏州北,G,G1919,0小时11分
无锡东,苏州北,G,G1203,0小时10分
无锡东,苏州北,G,G3179,0小时11分
无锡东,常州北,G,G456,0小时17分
无锡东,常州北,G,G102,0小时17分
无锡东,常州北,G,G1974,0小时17分
无锡东,常州北,G,G120,0小时17分
无锡东,常州北,G,G676,0小时17分
无锡东,常州北,G,G230,0小时17分
无锡东,常州北,G,G1236,0小时17分
无锡东,常州北,G,G1806,0小时17分
无锡东,常州北,G,G1920,0小时17分
无锡东,常州北,G,G3164,0小时17分
无锡东,常州北,G,G7180,0小时16分
无锡东,常州北,G,G7194,0小时17分
无锡东,常州北,G,G2664,0小时17分
无锡东,常州北,G,G460,0小时17分
无锡东,常州北,G,G1716,0小时17分
无锡东,常州北,G,G7182,0小时17分
无锡东,常州北,G,G7292,0小时16分
无锡东,常州北,G,G1826,0小时17分
无锡东,常州北,G,G7788,0小时17分
无锡东,常州北,G,G7792,0小时17分
无锡东,常州北,G,G1764,0小时17分
无锡东,常州北,G,G7590,0小时17分
无锡东,常州北,G,G1510,0小时17分
无锡东,常州北,G,G1378,0小时17分
无锡东,常州北,G,G7596,0小时17分
无锡东,常州北,G,G1822,0小时17分
无锡东,常州北,G,G7196,0小时17分
无锡东,常州北,G,G7190,0小时17分
无锡东,常州北,G,G456,0小时17分
无锡东,常州北,G,G102,0小时17分
无锡东,常州北,G,G1974,0小时17分
无锡东,常州北,G,G120,0小时17分
无锡东,常州北,G,G676,0小时17分
无锡东,常州北,G,G230,0小时17分
无锡东,常州北,G,G1236,0小时17分
无锡东,常州北,G,G1806,0小时17分
无锡东,常州北,G,G1920,0小时17分
无锡东,常州北,G,G3164,0小时17分
无锡东,常州北,G,G7180,0小时16分
无锡东,常州北,G,G7194,0小时17分
无锡东,常州北,G,G2664,0小时17分
无锡东,常州北,G,G460,0小时17分
无锡东,常州北,G,G1716,0小时17分
无锡东,常州北,G,G7182,0小时17分
无锡东,常州北,G,G7292,0小时16分
无锡东,常州北,G,G1826,0小时17分
无锡东,常州北,G,G7788,0小时17分
无锡东,常州北,G,G7792,0小时17分
无锡东,常州北,G,G1764,0小时17分
无锡东,常州北,G,G7590,0小时17分
无锡东,常州北,G,G1510,0小时17分
无锡东,常州北,G,G1378,0小时17分
无锡东,常州北,G,G7596,0小时17分
无锡东,常州北,G,G1822,0小时17分
无锡东,常州北,G,G7196,0小时17分
无锡东,常州北,G,G7190,0小时17分
无锡东,丹阳北,G,G1802,0小时24分
无锡东,丹阳北,G,G104,0小时24分
无锡东,丹阳北,G,G1232,0小时26分
无锡东,丹阳北,G,G214,0小时24分
无锡东,丹阳北,G,G7192,0小时24分
无锡东,镇江南,G,G456,0小时37分
无锡东,镇江南,G,G576,0小时30分
无锡东,镇江南,G,G676,0小时42分
无锡东,镇江南,G,G230,0小时37分
无锡东,镇江南,G,G1214,0小时29分
无锡东,镇江南,G,G2664,0小时37分
无锡东,镇江南,G,G7296,0小时30分
无锡东,镇江南,G,G1716,0小时37分
无锡东,镇江南,G,G7182,0小时37分
无锡东,镇江南,G,G1932,0小时29分
无锡东,镇江南,G,G44,0小时30分
无锡东,镇江南,G,G7192,0小时40分
无锡东,镇江南,G,G298,0小时31分
无锡东,镇江南,G,G7792,0小时42分
无锡东,镇江南,G,G1764,0小时43分
无锡东,镇江南,G,G7590,0小时37分
无锡东,镇江南,G,G1510,0小时37分
无锡东,镇江南,G,G1378,0小时37分
无锡东,镇江南,G,G7300,0小时29分
无锡东,镇江南,G,G7196,0小时41分
无锡东,南京南,G,G456,0小时57分
无锡东,南京南,G,G1802,0小时50分
无锡东,南京南,G,G102,0小时50分
无锡东,南京南,G,G104,0小时50分
无锡东,南京南,G,G1974,0小时51分
无锡东,南京南,G,G120,0小时54分
无锡东,南京南,G,G1232,0小时53分
无锡东,南京南,G,G1952,0小时47分
无锡东,南京南,G,G576,0小时52分
无锡东,南京南,G,G676,1小时9分
无锡东,南京南,G,G230,0小时57分
无锡东,南京南,G,G1236,0小时52分
无锡东,南京南,G,G1806,0小时51分
无锡东,南京南,G,G1920,0小时51分
无锡东,南京南,G,G3164,0小时53分
无锡东,南京南,G,G7180,0小时51分
无锡东,南京南,G,G1214,0小时50分
无锡东,南京南,G,G2664,0小时58分
无锡东,南京南,G,G460,0小时51分
无锡东,南京南,G,G7296,0小时51分
无锡东,南京南,G,G1716,1小时2分
无锡东,南京南,G,G7182,1小时4分
无锡东,南京南,G,G1932,1小时1分
无锡东,南京南,G,G214,0小时52分
无锡东,南京南,G,G234,0小时43分
无锡东,南京南,G,G2812,0小时45分
无锡东,南京南,G,G1940,0小时43分
无锡东,南京南,G,G44,0小时50分
无锡东,南京南,G,G7292,0小时51分
无锡东,南京南,G,G7192,1小时10分
无锡东,南京南,G,G298,0小时52分
无锡东,南京南,G,G1826,0小时52分
无锡东,南京南,G,G7788,0小时54分
无锡东,南京南,G,G7792,1小时4分
无锡东,南京南,G,G1764,1小时5分
无锡东,南京南,G,G7590,0小时58分
无锡东,南京南,G,G1510,0小时59分
无锡东,南京南,G,G1378,0小时59分
无锡东,南京南,G,G7300,0小时50分
无锡东,南京南,G,G7596,0小时52分
无锡东,南京南,G,G1822,0小时50分
无锡东,南京南,G,G7196,1小时3分
无锡东,南京南,G,G7190,0小时50分
无锡东,南京南,G,G456,0小时57分
无锡东,南京南,G,G1802,0小时50分
无锡东,南京南,G,G102,0小时50分
无锡东,南京南,G,G104,0小时50分
无锡东,南京南,G,G1974,0小时51分
无锡东,南京南,G,G120,0小时54分
无锡东,南京南,G,G1232,0小时53分
无锡东,南京南,G,G1952,0小时47分
无锡东,南京南,G,G576,0小时52分
无锡东,南京南,G,G676,1小时9分
无锡东,南京南,G,G230,0小时57分
无锡东,南京南,G,G1236,0小时52分
无锡东,南京南,G,G1806,0小时51分
无锡东,南京南,G,G1920,0小时51分
无锡东,南京南,G,G3164,0小时53分
无锡东,南京南,G,G7180,0小时51分
无锡东,南京南,G,G1214,0小时50分
无锡东,南京南,G,G2664,0小时58分
无锡东,南京南,G,G460,0小时51分
无锡东,南京南,G,G7296,0小时51分
无锡东,南京南,G,G1716,1小时2分
无锡东,南京南,G,G7182,1小时4分
无锡东,南京南,G,G1932,1小时1分
无锡东,南京南,G,G214,0小时52分
无锡东,南京南,G,G234,0小时43分
无锡东,南京南,G,G2812,0小时45分
无锡东,南京南,G,G1940,0小时43分
无锡东,南京南,G,G44,0小时50分
无锡东,南京南,G,G7292,0小时51分
无锡东,南京南,G,G7192,1小时10分
无锡东,南京南,G,G298,0小时52分
无锡东,南京南,G,G1826,0小时52分
无锡东,南京南,G,G7788,0小时54分
无锡东,南京南,G,G7792,1小时4分
无锡东,南京南,G,G1764,1小时5分
无锡东,南京南,G,G7590,0小时58分
无锡东,南京南,G,G1510,0小时59分
无锡东,南京南,G,G1378,0小时59分
无锡东,南京南,G,G7300,0小时50分
无锡东,南京南,G,G7596,0小时52分
无锡东,南京南,G,G1822,0小时50分
无锡东,南京南,G,G7196,1小时3分
无锡东,南京南,G,G7190,0小时50分
无锡东,昆山南,G,G7505,0小时24分
无锡东,昆山南,G,G1377,0小时24分
无锡东,昆山南,G,G7507,0小时24分
无锡东,昆山南,G,G7375,0小时24分
无锡东,昆山南,G,G7595,0小时27分
无锡东,昆山南,G,G1775,0小时28分
无锡东,昆山南,G,G1251,0小时17分
无锡东,昆山南,G,G225,0小时23分
无锡东,昆山南,G,G1763,0小时27分
无锡东,昆山南,G,G1825,0小时17分
无锡东,滁州,G,G102,1小时10分
无锡东,滁州,G,G1232,1小时16分
无锡东,滁州,G,G1214,1小时10分
无锡东,滁州,G,G2664,1小时22分
无锡东,滁州,G,G460,1小时13分
无锡东,滁州,G,G1932,1小时21分
无锡东,滁州,G,G7192,1小时33分
无锡东,滁州,G,G7792,1小时27分
无锡东,滁州,G,G7590,1小时18分
无锡东,滁州,G,G1822,1小时10分
无锡东,松江南,G,G7193,0小时57分
无锡东,金山北,G,G1377,1小时7分
无锡东,金山北,G,G7375,1小时26分
无锡东,嘉善南,G,G1951,1小时22分
无锡东,嘉兴南,G,G7505,1小时15分
无锡东,嘉兴南,G,G7349,1小时8分
无锡东,嘉兴南,G,G1377,1小时23分
无锡东,嘉兴南,G,G7507,1小时26分
无锡东,嘉兴南,G,G7791,1小时7分
无锡东,嘉兴南,G,G7375,1小时42分
无锡东,嘉兴南,G,G7193,1小时21分
无锡东,嘉兴南,G,G7595,1小时20分
无锡东,嘉兴南,G,G1583,1小时8分
无锡东,嘉兴南,G,G1951,1小时33分
无锡东,嘉兴南,G,G155,1小时24分
无锡东,嘉兴南,G,G7599,1小时2分
无锡东,杭州东,G,G1509,1小时33分
无锡东,杭州东,G,G7505,1小时42分
无锡东,杭州东,G,G7349,1小时35分
无锡东,杭州东,G,G1377,1小时48分
无锡东,杭州东,G,G7507,1小时52分
无锡东,杭州东,G,G7791,1小时36分
无锡东,杭州东,G,G7375,2小时7分
无锡东,杭州东,G,G7193,1小时47分
无锡东,杭州东,G,G7595,1小时46分
无锡东,杭州东,G,G1583,1小时34分
无锡东,杭州东,G,G7599,1小时28分
无锡东,杭州东,G,G1509,1小时33分
无锡东,杭州东,G,G7505,1小时42分
无锡东,杭州东,G,G7349,1小时35分
无锡东,杭州东,G,G1377,1小时48分
无锡东,杭州东,G,G7507,1小时52分
无锡东,杭州东,G,G7791,1小时36分
无锡东,杭州东,G,G7375,2小时7分
无锡东,杭州东,G,G7193,1小时47分
无锡东,杭州东,G,G7595,1小时46分
无锡东,杭州东,G,G1583,1小时34分
无锡东,杭州东,G,G7599,1小时28分
无锡东,诸暨,G,G7375,2小时33分
无锡东,诸暨,G,G1583,1小时59分
无锡东,义乌,G,G7349,2小时13分
无锡东,义乌,G,G1377,2小时23分
无锡东,义乌,G,G7375,2小时53分
无锡东,金华,G,G1377,2小时45分
无锡东,金华,G,G1583,2小时28分
无锡东,上海虹桥,G,G1509,0小时36分
无锡东,上海虹桥,G,G7505,0小时43分
无锡东,上海虹桥,G,G7349,0小时38分
无锡东,上海虹桥,G,G1377,0小时43分
无锡东,上海虹桥,G,G7787,0小时28分
无锡东,上海虹桥,G,G2661,0小时31分
无锡东,上海虹桥,G,G297,0小时39分
无锡东,上海虹桥,G,G7791,0小时36分
无锡东,上海虹桥,G,G1763,0小时46分
无锡东,上海虹桥,G,G7375,0小时50分
无锡东,上海虹桥,G,G7181,0小时37分
无锡东,上海虹桥,G,G7193,0小时37分
无锡东,上海虹桥,G,G7595,0小时46分
无锡东,上海虹桥,G,G1735,0小时47分
无锡东,上海虹桥,G,G105,0小时29分
无锡东,上海虹桥,G,G221,0小时31分
无锡东,上海虹桥,G,G1775,0小时55分
无锡东,上海虹桥,G,G211,0小时36分
无锡东,上海虹桥,G,G2811,0小时30分
无锡东,上海虹桥,G,G119,0小时29分
无锡东,上海虹桥,G,G1583,0小时36分
无锡东,上海虹桥,G,G3251,0小时38分
无锡东,上海虹桥,G,G1955,0小时38分
无锡东,上海虹桥,G,G3151,0小时37分
无锡东,上海虹桥,G,G135,0小时31分
无锡东,上海虹桥,G,G1825,0小时36分
无锡东,上海虹桥,G,G1923,0小时29分
无锡东,上海虹桥,G,G1251,0小时36分
无锡东,上海虹桥,G,G225,0小时45分
无锡东,上海虹桥,G,G1951,0小时36分
无锡东,上海虹桥,G,G155,0小时38分
无锡东,上海虹桥,G,G1935,0小时35分
无锡东,上海虹桥,G,G1973,0小时35分
无锡东,上海虹桥,G,G1231,0小时36分
无锡东,上海虹桥,G,G169,0小时36分
无锡东,上海虹桥,G,G3179,0小时39分
无锡东,上海,G,G233,0小时33分
无锡东,上海虹桥,G,G153,0小时29分
无锡东,上海虹桥,G,G1939,0小时29分
无锡东,上海虹桥,G,G7507,0小时43分
无锡东,上海虹桥,G,G7599,0小时29分
无锡东,上海,G,G7299,0小时43分
无锡东,上海虹桥,G,G1919,0小时38分
无锡东,上海虹桥,G,G1203,0小时36分
无锡东,嘉善南,G,G1951,1小时22分
无锡东,杭州东,G,G1509,1小时33分
无锡东,杭州东,G,G7505,1小时42分
无锡东,杭州东,G,G7349,1小时35分
无锡东,杭州东,G,G1377,1小时48分
无锡东,杭州东,G,G7507,1小时52分
无锡东,杭州东,G,G7791,1小时36分
无锡东,杭州东,G,G7375,2小时7分
无锡东,杭州东,G,G7193,1小时47分
无锡东,杭州东,G,G7595,1小时46分
无锡东,杭州东,G,G1583,1小时34分
无锡东,杭州东,G,G7599,1小时28分
无锡东,绍兴北,G,G7505,2小时5分
无锡东,绍兴北,G,G7507,2小时13分
无锡东,绍兴北,G,G7595,2小时18分
无锡东,绍兴北,G,G7599,1小时49分
无锡东,余姚北,G,G7505,2小时25分
无锡东,余姚北,G,G7507,2小时33分
无锡东,余姚北,G,G7599,2小时9分
无锡东,宁波,G,G7505,2小时47分
无锡东,宁波,G,G7507,2小时54分
无锡东,宁波,G,G7595,2小时55分
无锡东,宁波,G,G7599,2小时30分
无锡东,宁波,G,G7505,2小时47分
无锡东,宁波,G,G7507,2小时54分
无锡东,宁波,G,G7595,2小时55分
无锡东,宁波,G,G7599,2小时30分
无锡东,余姚北,G,G7505,2小时25分
无锡东,余姚北,G,G7507,2小时33分
无锡东,余姚北,G,G7599,2小时9分
无锡东,临海,G,G7599,3小时23分
无锡东,台州,G,G7599,3小时37分
无锡东,温州南,G,G7349,3小时54分
无锡东,温州南,G,G7599,4小时22分
无锡东,平阳,G,G7599,4小时42分
无锡东,金华,G,G1377,2小时45分
无锡东,金华,G,G1583,2小时28分
无锡东,永康南,G,G7349,2小时49分
无锡东,永康南,G,G7349,2小时49分
无锡东,温州南,G,G7349,3小时54分
无锡东,温州南,G,G7599,4小时22分
无锡东,富阳,G,G7791,2小时2分
无锡东,富阳,G,G7193,2小时11分
无锡东,桐庐,G,G7791,2小时18分
无锡东,桐庐,G,G7193,2小时27分
无锡东,建德,G,G7791,2小时34分
无锡东,建德,G,G7193,2小时43分
无锡东,建德,G,G1509,2小时18分
无锡东,千岛湖,G,G7791,2小时47分
无锡东,千岛湖,G,G7193,2小时56分
无锡东,千岛湖,G,G1509,2小时31分
无锡东,绩溪北,G,G7791,3小时13分
无锡东,全椒,G,G576,1小时17分
无锡东,合肥,G,G1952,1小时42分
无锡东,合肥南,G,G576,1小时56分
无锡东,合肥南,G,G676,2小时11分
无锡东,合肥,G,G3164,1小时47分
无锡东,合肥南,G,G1716,1小时55分
无锡东,合肥,G,G7182,1小时59分
无锡东,合肥,G,G2812,1小时40分
无锡东,合肥南,G,G7196,1小时58分
无锡东,合肥,G,G1826,1小时48分
无锡东,合肥,G,G7788,1小时50分
无锡东,合肥,G,G1764,2小时1分
无锡东,合肥南,G,G7596,1小时43分
无锡东,合肥,G,G1952,1小时42分
无锡东,合肥南,G,G576,1小时56分
无锡东,合肥南,G,G676,2小时11分
无锡东,合肥,G,G3164,1小时47分
无锡东,合肥南,G,G1716,1小时55分
无锡东,合肥,G,G7182,1小时59分
无锡东,合肥,G,G2812,1小时40分
无锡东,合肥南,G,G7196,1小时58分
无锡东,合肥,G,G1826,1小时48分
无锡东,合肥,G,G7788,1小时50分
无锡东,合肥,G,G1764,2小时1分
无锡东,合肥南,G,G7596,1小时43分
无锡东,合肥,G,G1952,1小时42分
无锡东,合肥南,G,G576,1小时56分
无锡东,合肥南,G,G676,2小时11分
无锡东,合肥,G,G3164,1小时47分
无锡东,合肥南,G,G1716,1小时55分
无锡东,合肥北城,G,G7182,2小时16分
无锡东,合肥,G,G2812,1小时40分
无锡东,合肥南,G,G7196,1小时58分
无锡东,合肥,G,G1826,1小时48分
无锡东,合肥,G,G7788,1小时50分
无锡东,合肥,G,G1764,2小时1分
无锡东,合肥南,G,G7596,1小时43分
无锡东,水家湖,G,G3164,2小时16分
无锡东,肥东,G,G676,1小时57分
