杭州东,上海虹桥,G,G1866,1小时2分
杭州东,上海虹桥,G,G7492,1小时13分
杭州东,上海虹桥,G,G7534,0小时53分
杭州东,上海虹桥,G,G7554,1小时5分
杭州东,上海虹桥,G,G7372,1小时13分
杭州东,上海虹桥,G,G7502,1小时7分
杭州东,上海虹桥,G,G7580,1小时0分
杭州东,上海虹桥,G,G7530,0小时59分
杭州东,上海虹桥,G,G7382,1小时0分
杭州东,上海南,K,K576,2小时41分
杭州东,上海虹桥,G,G7344,0小时54分
杭州东,上海南,K,K352,3小时28分
杭州东,上海虹桥,G,G7330,1小时8分
杭州东,上海虹桥,G,G7194,0小时54分
杭州东,上海虹桥,G,G7504,0小时59分
杭州东,上海虹桥,G,G7364,1小时8分
杭州东,上海虹桥,G,G7532,0小时59分
杭州东,上海虹桥,G,G7572,1小时9分
杭州东,上海虹桥,G,G1228,1小时8分
杭州东,上海虹桥,G,G7316,1小时7分
杭州东,上海虹桥,G,G1690,1小时8分
杭州东,上海虹桥,D,D3324,1小时15分
杭州东,上海虹桥,G,G1382,1小时0分
杭州东,上海南,K,K808,2小时26分
杭州东,上海虹桥,G,G7506,1小时0分
杭州东,上海南,K,K112,2小时5分
杭州东,上海虹桥,G,G7332,1小时1分
杭州东,上海虹桥,G,G7368,1小时1分
杭州东,上海虹桥,G,G1384,0小时54分
杭州东,上海南,D,D5484,1小时46分
杭州东,上海虹桥,G,G7508,0小时56分
杭州东,上海虹桥,G,G7306,1小时5分
杭州东,上海虹桥,G,G1632,0小时53分
杭州东,上海虹桥,G,G7324,0小时55分
杭州东,上海虹桥,G,G1386,0小时50分
杭州东,上海虹桥,G,G1346,0小时59分
杭州东,上海虹桥,G,G7510,1小时1分
杭州东,上海虹桥,D,D382,1小时8分
杭州东,上海虹桥,G,G1634,0小时52分
杭州东,上海虹桥,D,D3102,1小时13分
杭州东,上海虹桥,G,G1584,0小时53分
杭州东,上海虹桥,G,G7348,0小时52分
杭州东,上海虹桥,G,G7512,1小时14分
杭州东,上海虹桥,G,G7320,0小时49分
杭州东,上海虹桥,G,G7390,0小时54分
杭州东,上海虹桥,G,G1652,0小时48分
杭州东,上海虹桥,G,G1350,1小时5分
杭州东,上海虹桥,D,D5462,1小时33分
杭州东,上海虹桥,G,G7334,1小时14分
杭州东,上海虹桥,G,G86,0小时46分
杭州东,上海虹桥,G,G7514,1小时1分
杭州东,上海南,K,K496,2小时32分
杭州东,上海虹桥,G,G7546,1小时2分
杭州东,上海虹桥,G,G7322,1小时0分
杭州东,上海虹桥,G,G7308,0小时55分
杭州东,上海虹桥,D,D3142,1小时1分
杭州东,上海虹桥,G,G7592,1小时21分
杭州东,上海虹桥,D,D5456,1小时37分
杭州东,上海虹桥,G,G7326,1小时5分
杭州东,上海虹桥,G,G7560,0小时56分
杭州东,上海虹桥,G,G1370,1小时2分
杭州东,上海虹桥,G,G7376,0小时54分
杭州东,上海虹桥,G,G7318,1小时1分
杭州东,上海虹桥,G,G1636,1小时1分
杭州东,上海虹桥,G,G44,0小时59分
杭州东,上海虹桥,G,G1638,1小时0分
杭州东,上海虹桥,G,G7518,0小时59分
杭州东,上海虹桥,G,G1390,1小时1分
杭州东,上海虹桥,G,G1674,1小时17分
杭州东,上海虹桥,G,G7336,1小时0分
杭州东,上海虹桥,G,G7192,0小时56分
杭州东,上海虹桥,G,G7792,1小时7分
杭州东,上海虹桥,D,D3292,1小时26分
杭州东,上海虹桥,G,G1322,1小时6分
杭州东,上海虹桥,G,G7520,1小时7分
杭州东,上海虹桥,G,G7310,1小时13分
杭州东,上海虹桥,G,G7590,0小时56分
杭州东,上海虹桥,G,G7584,1小时19分
杭州东,上海虹桥,G,G1510,0小时54分
杭州东,上海虹桥,G,G2194,0小时56分
杭州东,上海虹桥,G,G1378,0小时54分
杭州东,上海虹桥,G,G7522,1小时10分
杭州东,上海虹桥,G,G1388,0小时53分
杭州东,上海虹桥,G,G7432,0小时57分
杭州东,上海虹桥,G,G1372,0小时47分
杭州东,上海虹桥,G,G7596,0小时55分
杭州东,上海虹桥,G,G7524,1小时2分
杭州东,上海虹桥,D,D3132,1小时12分
杭州东,上海虹桥,G,G7314,1小时3分
杭州东,上海虹桥,G,G1654,0小时53分
杭州东,上海虹桥,G,G1656,0小时54分
杭州东,上海虹桥,D,D3206,1小时0分
杭州东,上海虹桥,G,G1334,1小时0分
杭州东,上海虹桥,D,D2282,1小时19分
杭州东,上海虹桥,G,G1502,1小时5分
杭州东,上海虹桥,G,G7366,0小时55分
杭州东,上海南,T,T136,2小时3分
杭州东,上海虹桥,G,G7338,1小时3分
杭州东,上海虹桥,G,G7350,0小时55分
杭州东,上海虹桥,D,D3146,1小时10分
杭州东,上海虹桥,G,G1302,0小时57分
杭州东,上海虹桥,G,G1374,0小时55分
杭州东,上海虹桥,G,G7340,0小时59分
杭州东,上海虹桥,D,D2286,1小时4分
杭州东,上海虹桥,G,G1394,0小时56分
杭州东,上海虹桥,G,G2190,0小时55分
杭州东,上海虹桥,D,D3108,0小时57分
杭州东,上海南,D,D772,1小时30分
杭州东,上海虹桥,D,D2288,0小时55分
杭州东,上海虹桥,G,G1658,0小时53分
杭州东,上海虹桥,G,G2366,0小时53分
杭州东,上海虹桥,G,G1376,0小时50分
杭州东,上海虹桥,G,G1338,0小时46分
杭州东,上海虹桥,G,G7462,0小时45分
杭州东,上海虹桥,G,G1306,0小时45分
杭州东,上海虹桥,G,G7536,0小时46分
杭州东,上海虹桥,G,G1660,0小时47分
杭州东,上海虹桥,G,G7586,1小时1分
杭州东,上海虹桥,G,G7576,1小时6分
杭州东,上海虹桥,G,G1342,1小时1分
杭州东,上海虹桥,G,G7540,1小时5分
杭州东,上海虹桥,G,G7542,1小时7分
杭州东,上海虹桥,G,G7516,0小时52分
杭州东,上海虹桥,D,D3136,1小时1分
杭州东,上海虹桥,G,G1362,0小时53分
杭州东,上海虹桥,G,G7550,0小时58分
杭州东,上海虹桥,D,D2284,1小时5分
杭州东,上海虹桥,G,G7528,0小时57分
杭州东,上海虹桥,G,G1640,0小时54分
杭州东,上海虹桥,G,G1348,0小时46分
杭州东,上海虹桥,G,G1352,0小时54分
杭州东,上海虹桥,G,G1354,1小时0分
杭州东,上海虹桥,D,D378,0小时55分
杭州东,阳澄湖,G,G7492,1小时40分
杭州东,昆山南,G,G7372,1小时34分
杭州东,昆山南,G,G7572,1小时31分
杭州东,昆山南,G,G1228,1小时39分
杭州东,昆山南,G,G7316,1小时30分
杭州东,昆山,K,K808,3小时52分
杭州东,昆山南,D,D3142,1小时25分
杭州东,昆山南,G,G7592,1小时43分
杭州东,昆山南,G,G7792,1小时40分
杭州东,昆山南,G,G7520,1小时28分
杭州东,昆山南,G,G7590,1小时19分
杭州东,昆山南,G,G7584,1小时46分
杭州东,昆山南,G,G1510,1小时16分
杭州东,昆山南,G,G7432,1小时18分
杭州东,昆山南,G,G7314,1小时37分
杭州东,昆山,T,T136,3小时19分
杭州东,昆山南,D,D3136,1小时24分
杭州东,苏州北,G,G1866,1小时37分
杭州东,苏州,G,G7492,1小时51分
杭州东,苏州,G,G7372,1小时52分
杭州东,苏州北,G,G7194,1小时20分
杭州东,苏州,G,G7572,1小时44分
杭州东,苏州北,G,G1228,1小时52分
杭州东,苏州,G,G7316,1小时43分
杭州东,苏州,K,K808,4小时22分
杭州东,苏州北,G,G1584,1小时22分
杭州东,苏州,G,G7390,1小时21分
杭州东,苏州,D,D3142,1小时40分
杭州东,苏州,G,G7592,1小时56分
杭州东,苏州园区,G,G7376,1小时20分
杭州东,苏州北,G,G44,1小时31分
杭州东,苏州北,G,G7192,1小时26分
杭州东,苏州北,G,G7792,1小时52分
杭州东,苏州,G,G7520,1小时41分
杭州东,苏州北,G,G7590,1小时36分
杭州东,苏州,G,G7584,1小时59分
杭州东,苏州北,G,G1510,1小时29分
杭州东,苏州北,G,G1378,1小时23分
杭州东,苏州园区,G,G7432,1小时35分
杭州东,苏州北,G,G7596,1小时24分
杭州东,苏州,G,G7314,1小时50分
杭州东,苏州,T,T136,3小时43分
杭州东,苏州,G,G7350,1小时24分
杭州东,苏州,G,G7586,1小时39分
杭州东,苏州,G,G7576,1小时37分
杭州东,苏州园区,D,D3136,1小时36分
杭州东,苏州,D,D2282,1小时52分
杭州东,无锡,G,G7372,2小时9分
杭州东,无锡东,G,G7194,1小时33分
杭州东,无锡,G,G7572,2小时1分
杭州东,无锡,G,G7316,2小时0分
杭州东,无锡,K,K808,4小时55分
杭州东,无锡,G,G7390,1小时38分
杭州东,无锡,D,D3142,1小时58分
杭州东,无锡新区,G,G7592,2小时10分
杭州东,无锡,G,G7376,1小时45分
杭州东,无锡东,G,G44,1小时43分
杭州东,无锡东,G,G7192,1小时38分
杭州东,无锡东,G,G7792,2小时4分
杭州东,无锡,G,G7520,1小时58分
杭州东,无锡东,G,G7590,1小时48分
杭州东,无锡,G,G7584,2小时16分
杭州东,无锡东,G,G1510,1小时45分
杭州东,无锡,G,G7432,1小时59分
杭州东,无锡东,G,G7596,1小时36分
杭州东,无锡,G,G7314,2小时7分
杭州东,无锡,T,T136,4小时12分
杭州东,无锡,G,G7350,1小时41分
杭州东,无锡,G,G7586,1小时56分
杭州东,无锡,G,G7576,1小时54分
杭州东,无锡,D,D3136,2小时23分
杭州东,无锡东,G,G1378,1小时35分
杭州东,无锡,D,D2282,2小时9分
杭州东,常州北,G,G1866,2小时13分
杭州东,戚墅堰,G,G7492,2小时19分
杭州东,常州,G,G7372,2小时26分
杭州东,常州北,G,G7194,1小时52分
杭州东,常州,G,G7572,2小时17分
杭州东,常州北,G,G1228,2小时16分
杭州东,常州,G,G7316,2小时23分
杭州东,常州北,G,G1584,2小时5分
杭州东,常州,G,G7390,2小时3分
杭州东,常州,D,D3142,2小时15分
杭州东,常州,G,G7592,2小时35分
杭州东,常州,G,G7376,2小时1分
杭州东,常州北,G,G7792,2小时23分
杭州东,常州,G,G7520,2小时14分
杭州东,常州北,G,G7590,2小时12分
杭州东,常州,G,G7584,2小时32分
杭州东,常州北,G,G1510,2小时4分
杭州东,常州,G,G7432,2小时15分
杭州东,常州北,G,G7596,1小时55分
杭州东,常州,G,G7314,2小时23分
杭州东,常州,T,T136,4小时43分
杭州东,常州,G,G7350,1小时57分
杭州东,常州,G,G7586,2小时13分
杭州东,常州,G,G7576,2小时10分
杭州东,常州,D,D3136,2小时46分
杭州东,常州北,G,G1378,1小时54分
杭州东,常州,D,D2282,2小时26分
杭州东,丹阳,G,G7492,2小时45分
杭州东,丹阳,D,D3142,2小时33分
杭州东,丹阳,G,G7592,2小时53分
杭州东,丹阳北,G,G7192,2小时4分
杭州东,丹阳,G,G7520,2小时32分
杭州东,丹阳,G,G7584,2小时50分
杭州东,丹阳,G,G7432,2小时33分
杭州东,丹阳,G,G7314,2小时41分
杭州东,丹阳,G,G7576,2小时28分
杭州东,丹阳,D,D3136,3小时4分
杭州东,镇江南,G,G1866,2小时33分
杭州东,镇江,G,G7372,2小时51分
杭州东,镇江,G,G7572,2小时43分
杭州东,镇江,D,D3142,2小时47分
杭州东,镇江,G,G7592,3小时11分
杭州东,镇江,G,G7376,2小时27分
杭州东,镇江南,G,G44,2小时15分
杭州东,镇江南,G,G7192,2小时20分
杭州东,镇江南,G,G7792,2小时48分
杭州东,镇江,G,G7520,2小时46分
杭州东,镇江南,G,G7590,2小时32分
杭州东,镇江,G,G7584,3小时4分
杭州东,镇江南,G,G1510,2小时24分
杭州东,镇江,G,G7432,2小时47分
杭州东,镇江,G,G7314,2小时55分
杭州东,镇江,G,G7576,2小时42分
杭州东,镇江,D,D3136,3小时22分
杭州东,镇江南,G,G1378,2小时14分
杭州东,南京南,G,G1862,1小时24分
杭州东,南京南,G,G1866,2小时55分
杭州东,南京南,G,G7492,3小时23分
杭州东,南京南,G,G2668,1小时29分
杭州东,南京南,G,G7372,3小时20分
杭州东,南京南,G,G594,1小时32分
杭州东,南京南,G,G1224,1小时31分
杭州东,南京南,G,G36,1小时23分
杭州东,南京南,G,G7452,1小时28分
杭州东,南京南,G,G46,1小时24分
杭州东,南京南,G,G7572,3小时18分
杭州东,南京南,G,G1228,2小时50分
杭州东,南京南,G,G7650,1小时23分
杭州东,南京南,G,G1672,1小时30分
杭州东,南京南,G,G7796,1小时35分
杭州东,南京南,G,G1492,1小时37分
杭州东,南京南,G,G7604,1小时23分
杭州东,南京南,G,G1496,1小时35分
杭州东,南京南,G,G7486,1小时17分
杭州东,南京南,G,G7616,1小时39分
杭州东,南京南,G,G7756,1小时39分
杭州东,南京南,G,G7678,1小时21分
杭州东,南京南,D,D3236,1小时24分
杭州东,南京南,G,G2808,1小时22分
杭州东,南京南,G,G1676,1小时35分
杭州东,南京南,G,G7454,1小时30分
杭州东,南京南,G,G52,1小时30分
杭州东,南京,D,D3142,3小时12分
杭州东,南京南,G,G7592,3小时39分
杭州东,南京南,G,G7376,2小时56分
杭州东,南京南,G,G7690,1小时15分
杭州东,南京南,G,G44,2小时35分
杭州东,南京南,G,G1484,1小时22分
杭州东,南京南,G,G1898,1小时13分
杭州东,南京南,G,G2816,1小时24分
杭州东,南京南,D,D3296,1小时41分
杭州东,南京南,G,G7192,2小时50分
杭州东,南京南,G,G7792,3小时10分
杭州东,南京南,G,G7652,1小时19分
杭州东,南京南,G,G446,1小时27分
杭州东,南京南,G,G7456,1小时26分
杭州东,南京南,G,G7520,3小时15分
杭州东,南京南,G,G7696,1小时32分
杭州东,南京南,G,G62,1小时36分
杭州东,南京南,G,G7590,2小时53分
杭州东,南京南,G,G7752,1小时25分
杭州东,南京,G,G7584,3小时26分
杭州东,南京南,G,G7644,1小时26分
杭州东,南京南,G,G1510,2小时46分
杭州东,南京南,G,G7682,1小时16分
杭州东,南京南,G,G7626,1小时23分
杭州东,南京南,G,G7610,1小时39分
杭州东,南京南,G,G1732,1小时40分
杭州东,南京南,G,G7432,3小时16分
杭州东,南京南,G,G40,1小时4分
杭州东,南京南,G,G1662,1小时42分
杭州东,南京南,G,G7596,2小时30分
杭州东,南京南,G,G7642,1小时22分
杭州东,南京南,G,G2336,1小时28分
杭州东,南京,G,G7314,3小时17分
杭州东,南京南,G,G7620,1小时22分
杭州东,南京南,G,G7666,1小时29分
杭州东,南京,T,T136,6小时8分
杭州东,南京南,G,G1504,1小时28分
杭州东,南京南,G,G7350,2小时45分
杭州东,南京南,G,G1604,1小时14分
杭州东,南京南,D,D3240,1小时29分
杭州东,南京南,G,G7630,1小时23分
杭州东,南京南,G,G7628,1小时17分
杭州东,南京南,G,G1506,1小时21分
杭州东,南京南,G,G7674,1小时33分
杭州东,南京南,G,G7576,3小时11分
杭州东,南京南,G,G7568,1小时15分
杭州东,南京南,G,G7662,1小时34分
杭州东,南京,D,D5456,5小时40分
杭州东,南京南,G,G7478,1小时14分
杭州东,南京南,G,G3106,1小时33分
杭州东,南京南,G,G7686,1小时31分
杭州东,南京,D,D3136,3小时47分
杭州东,南京南,D,D2294,1小时27分
杭州东,南京南,G,G1378,2小时36分
杭州东,南京南,G,G7582,1小时36分
杭州东,南京,D,D2282,3小时11分
杭州东,南京南,G,G1668,1小时28分
杭州东,滁州,G,G2668,1小时50分
杭州东,滁州,G,G1228,3小时10分
杭州东,滁州,G,G7604,1小时48分
杭州东,滁州,G,G2816,1小时49分
杭州东,滁州,G,G7192,3小时13分
杭州东,滁州,G,G7792,3小时33分
杭州东,滁州,G,G7590,3小时13分
杭州东,滁州,G,G7610,1小时59分
杭州东,滁州,G,G1732,2小时6分
杭州东,滁州,G,G1662,2小时16分
杭州东,滁州,G,G7642,1小时48分
杭州东,定远,G,G7696,2小时7分
杭州东,上海虹桥,G,G1866,1小时2分
杭州东,上海虹桥,G,G7492,1小时13分
杭州东,上海虹桥,G,G7534,0小时53分
杭州东,上海虹桥,G,G7554,1小时5分
杭州东,上海虹桥,G,G7372,1小时13分
杭州东,上海虹桥,G,G7502,1小时7分
杭州东,上海虹桥,G,G7580,1小时0分
杭州东,上海虹桥,G,G7530,0小时59分
杭州东,上海虹桥,G,G7382,1小时0分
杭州东,上海南,K,K576,2小时41分
杭州东,上海虹桥,G,G7344,0小时54分
杭州东,上海南,K,K352,3小时28分
杭州东,上海虹桥,G,G7330,1小时8分
杭州东,上海虹桥,G,G7194,0小时54分
杭州东,上海虹桥,G,G7504,0小时59分
杭州东,上海虹桥,G,G7364,1小时8分
杭州东,上海虹桥,G,G7532,0小时59分
杭州东,上海虹桥,G,G7572,1小时9分
杭州东,上海虹桥,G,G1228,1小时8分
杭州东,上海虹桥,G,G7316,1小时7分
杭州东,上海虹桥,G,G1690,1小时8分
杭州东,上海虹桥,D,D3324,1小时15分
杭州东,上海虹桥,G,G1382,1小时0分
杭州东,上海南,K,K808,2小时26分
杭州东,上海虹桥,G,G7506,1小时0分
杭州东,上海南,K,K112,2小时5分
杭州东,上海虹桥,G,G7332,1小时1分
杭州东,上海虹桥,G,G7368,1小时1分
杭州东,上海虹桥,G,G1384,0小时54分
杭州东,上海南,D,D5484,1小时46分
杭州东,上海虹桥,G,G7508,0小时56分
杭州东,上海虹桥,G,G7306,1小时5分
杭州东,上海虹桥,G,G1632,0小时53分
杭州东,上海虹桥,G,G7324,0小时55分
杭州东,上海虹桥,G,G1386,0小时50分
杭州东,上海虹桥,G,G1346,0小时59分
杭州东,上海虹桥,G,G7510,1小时1分
杭州东,上海虹桥,D,D382,1小时8分
杭州东,上海虹桥,G,G1634,0小时52分
杭州东,上海虹桥,D,D3102,1小时13分
杭州东,上海虹桥,G,G1584,0小时53分
杭州东,上海虹桥,G,G7348,0小时52分
杭州东,上海虹桥,G,G7512,1小时14分
杭州东,上海虹桥,G,G7320,0小时49分
杭州东,上海虹桥,G,G7390,0小时54分
杭州东,上海虹桥,G,G1652,0小时48分
杭州东,上海虹桥,G,G1350,1小时5分
杭州东,上海虹桥,D,D5462,1小时33分
杭州东,上海虹桥,G,G7334,1小时14分
杭州东,上海虹桥,G,G86,0小时46分
杭州东,上海虹桥,G,G7514,1小时1分
杭州东,上海南,K,K496,2小时32分
杭州东,上海虹桥,G,G7546,1小时2分
杭州东,上海虹桥,G,G7322,1小时0分
杭州东,上海虹桥,G,G7308,0小时55分
杭州东,上海虹桥,D,D3142,1小时1分
杭州东,上海虹桥,G,G7592,1小时21分
杭州东,上海虹桥,D,D5456,1小时37分
杭州东,上海虹桥,G,G7326,1小时5分
杭州东,上海虹桥,G,G7560,0小时56分
杭州东,上海虹桥,G,G1370,1小时2分
杭州东,上海虹桥,G,G7376,0小时54分
杭州东,上海,G,G7318,1小时30分
杭州东,上海虹桥,G,G1636,1小时1分
杭州东,上海虹桥,G,G44,0小时59分
杭州东,上海虹桥,G,G1638,1小时0分
杭州东,上海虹桥,G,G7518,0小时59分
杭州东,上海虹桥,G,G1390,1小时1分
杭州东,上海虹桥,G,G1674,1小时17分
杭州东,上海虹桥,G,G7336,1小时0分
杭州东,上海虹桥,G,G7192,0小时56分
杭州东,上海虹桥,G,G7792,1小时7分
杭州东,上海虹桥,D,D3292,1小时26分
杭州东,上海虹桥,G,G1322,1小时6分
杭州东,上海虹桥,G,G7520,1小时7分
杭州东,上海虹桥,G,G7310,1小时13分
杭州东,上海虹桥,G,G7590,0小时56分
杭州东,上海虹桥,G,G7584,1小时19分
杭州东,上海虹桥,G,G1510,0小时54分
杭州东,上海虹桥,G,G2194,0小时56分
杭州东,上海虹桥,G,G1378,0小时54分
杭州东,上海虹桥,G,G7522,1小时10分
杭州东,上海虹桥,G,G1388,0小时53分
杭州东,上海虹桥,G,G7432,0小时57分
杭州东,上海虹桥,G,G1372,0小时47分
杭州东,上海虹桥,G,G7596,0小时55分
杭州东,上海虹桥,G,G7524,1小时2分
杭州东,上海虹桥,D,D3132,1小时12分
杭州东,上海虹桥,G,G7314,1小时3分
杭州东,上海虹桥,G,G1654,0小时53分
杭州东,上海虹桥,G,G1656,0小时54分
杭州东,上海虹桥,D,D3206,1小时0分
杭州东,上海虹桥,G,G1334,1小时0分
杭州东,上海虹桥,D,D2282,1小时19分
杭州东,上海虹桥,G,G1502,1小时5分
杭州东,上海虹桥,G,G7366,0小时55分
杭州东,上海南,T,T136,2小时3分
杭州东,上海虹桥,G,G7338,1小时3分
杭州东,上海虹桥,G,G7350,0小时55分
杭州东,上海虹桥,D,D3146,1小时10分
杭州东,上海虹桥,G,G1302,0小时57分
杭州东,上海虹桥,G,G1374,0小时55分
杭州东,上海虹桥,G,G7340,0小时59分
杭州东,上海虹桥,D,D2286,1小时4分
杭州东,上海虹桥,G,G1394,0小时56分
杭州东,上海虹桥,G,G2190,0小时55分
杭州东,上海虹桥,D,D3108,0小时57分
杭州东,上海南,D,D772,1小时30分
杭州东,上海虹桥,D,D2288,0小时55分
杭州东,上海虹桥,G,G1658,0小时53分
杭州东,上海虹桥,G,G2366,0小时53分
杭州东,上海虹桥,G,G1376,0小时50分
杭州东,上海虹桥,G,G1338,0小时46分
杭州东,上海虹桥,G,G7462,0小时45分
杭州东,上海虹桥,G,G1306,0小时45分
杭州东,上海虹桥,G,G7536,0小时46分
杭州东,上海虹桥,G,G1660,0小时47分
杭州东,上海虹桥,G,G7586,1小时1分
杭州东,上海虹桥,G,G7576,1小时6分
杭州东,上海虹桥,G,G1342,1小时1分
杭州东,上海虹桥,G,G7540,1小时5分
杭州东,上海虹桥,G,G7542,1小时7分
杭州东,上海虹桥,G,G7516,0小时52分
杭州东,上海虹桥,D,D3136,1小时1分
杭州东,上海虹桥,G,G1362,0小时53分
杭州东,上海虹桥,G,G7550,0小时58分
杭州东,上海虹桥,D,D2284,1小时5分
杭州东,上海虹桥,G,G7528,0小时57分
杭州东,上海虹桥,G,G1640,0小时54分
杭州东,上海虹桥,G,G1348,0小时46分
杭州东,上海虹桥,G,G1352,0小时54分
杭州东,上海虹桥,G,G1354,1小时0分
杭州东,上海虹桥,D,D378,0小时55分
杭州东,上海虹桥,G,G1866,1小时2分
杭州东,上海虹桥,G,G7492,1小时13分
杭州东,上海虹桥,G,G7534,0小时53分
杭州东,上海虹桥,G,G7554,1小时5分
杭州东,上海虹桥,G,G7372,1小时13分
杭州东,上海虹桥,G,G7502,1小时7分
杭州东,上海虹桥,G,G7580,1小时0分
杭州东,上海虹桥,G,G7530,0小时59分
杭州东,上海虹桥,G,G7382,1小时0分
杭州东,上海南,K,K576,2小时41分
杭州东,上海虹桥,G,G7344,0小时54分
杭州东,上海南,K,K352,3小时28分
杭州东,上海虹桥,G,G7330,1小时8分
杭州东,上海虹桥,G,G7194,0小时54分
杭州东,上海虹桥,G,G7504,0小时59分
杭州东,上海虹桥,G,G7364,1小时8分
杭州东,上海虹桥,G,G7532,0小时59分
杭州东,上海虹桥,G,G7572,1小时9分
杭州东,上海虹桥,G,G1228,1小时8分
杭州东,上海虹桥,G,G7316,1小时7分
杭州东,上海虹桥,G,G1690,1小时8分
杭州东,上海虹桥,G,G1382,1小时0分
杭州东,上海南,K,K808,2小时26分
杭州东,上海虹桥,G,G7506,1小时0分
杭州东,上海南,K,K112,2小时5分
杭州东,上海虹桥,G,G7332,1小时1分
杭州东,上海虹桥,G,G7368,1小时1分
杭州东,上海虹桥,G,G1384,0小时54分
杭州东,上海南,D,D5484,1小时46分
杭州东,上海虹桥,G,G7508,0小时56分
杭州东,上海虹桥,G,G7306,1小时5分
杭州东,上海虹桥,G,G1632,0小时53分
杭州东,上海虹桥,G,G7324,0小时55分
杭州东,上海虹桥,G,G1386,0小时50分
杭州东,上海虹桥,G,G7510,1小时1分
杭州东,上海虹桥,D,D382,1小时8分
杭州东,上海虹桥,G,G1584,0小时53分
杭州东,上海虹桥,G,G7348,0小时52分
杭州东,上海虹桥,G,G7512,1小时14分
杭州东,上海虹桥,G,G7320,0小时49分
杭州东,上海虹桥,G,G7390,0小时54分
杭州东,上海虹桥,G,G1350,1小时5分
杭州东,上海虹桥,D,D5462,1小时33分
杭州东,上海虹桥,G,G7334,1小时14分
杭州东,上海虹桥,G,G86,0小时46分
杭州东,上海虹桥,G,G7514,1小时1分
杭州东,上海南,K,K496,2小时32分
杭州东,上海虹桥,G,G7546,1小时2分
杭州东,上海虹桥,G,G7322,1小时0分
杭州东,上海虹桥,G,G7308,0小时55分
杭州东,上海虹桥,D,D3142,1小时1分
杭州东,上海虹桥,G,G7592,1小时21分
杭州东,上海虹桥,D,D5456,1小时37分
杭州东,上海虹桥,G,G7326,1小时5分
杭州东,上海虹桥,G,G7560,0小时56分
杭州东,上海虹桥,G,G1370,1小时2分
杭州东,上海虹桥,G,G7376,0小时54分
杭州东,上海,G,G7318,1小时30分
杭州东,上海虹桥,G,G1636,1小时1分
杭州东,上海虹桥,G,G44,0小时59分
杭州东,上海虹桥,G,G1638,1小时0分
杭州东,上海虹桥,G,G7518,0小时59分
杭州东,上海虹桥,G,G1390,1小时1分
杭州东,上海虹桥,G,G1674,1小时17分
杭州东,上海虹桥,G,G7336,1小时0分
杭州东,上海虹桥,G,G7192,0小时56分
杭州东,上海虹桥,G,G7792,1小时7分
杭州东,上海虹桥,D,D3292,1小时26分
杭州东,上海虹桥,G,G1322,1小时6分
杭州东,上海虹桥,G,G7520,1小时7分
杭州东,上海虹桥,G,G7310,1小时13分
杭州东,上海虹桥,G,G7590,0小时56分
杭州东,上海虹桥,G,G7584,1小时19分
杭州东,上海虹桥,G,G1362,0小时53分
杭州东,上海虹桥,G,G2194,0小时56分
杭州东,上海虹桥,G,G1378,0小时54分
杭州东,上海虹桥,G,G7522,1小时10分
杭州东,上海虹桥,G,G1388,0小时53分
杭州东,上海虹桥,G,G7432,0小时57分
杭州东,上海虹桥,G,G1372,0小时47分
杭州东,上海虹桥,G,G7596,0小时55分
杭州东,上海虹桥,G,G7524,1小时2分
杭州东,上海虹桥,D,D3132,1小时12分
杭州东,上海虹桥,G,G7314,1小时3分
杭州东,上海虹桥,G,G1654,0小时53分
杭州东,上海虹桥,D,D2284,1小时5分
杭州东,上海虹桥,G,G1656,0小时54分
杭州东,上海虹桥,D,D3206,1小时0分
杭州东,上海虹桥,G,G1334,1小时0分
杭州东,上海虹桥,D,D2282,1小时19分
杭州东,上海虹桥,G,G1502,1小时5分
杭州东,上海虹桥,G,G7366,0小时55分
杭州东,上海南,T,T136,2小时3分
杭州东,上海虹桥,G,G7338,1小时3分
杭州东,上海虹桥,G,G7350,0小时55分
杭州东,上海虹桥,D,D3146,1小时10分
杭州东,上海虹桥,G,G1374,0小时55分
杭州东,上海虹桥,G,G7340,0小时59分
杭州东,上海虹桥,D,D2286,1小时4分
杭州东,上海虹桥,G,G1394,0小时56分
杭州东,上海虹桥,G,G2190,0小时55分
杭州东,上海南,D,D772,1小时30分
杭州东,上海虹桥,D,D2288,0小时55分
杭州东,上海虹桥,G,G1658,0小时53分
杭州东,上海虹桥,G,G2366,0小时53分
杭州东,上海虹桥,G,G1376,0小时50分
杭州东,上海虹桥,G,G1338,0小时46分
杭州东,上海虹桥,G,G7462,0小时45分
杭州东,上海虹桥,G,G1306,0小时45分
杭州东,上海虹桥,G,G7536,0小时46分
杭州东,上海虹桥,G,G1660,0小时47分
杭州东,上海虹桥,D,D3324,1小时15分
杭州东,上海虹桥,G,G7586,1小时1分
杭州东,上海虹桥,G,G7576,1小时6分
杭州东,上海虹桥,G,G1342,1小时1分
杭州东,上海虹桥,G,G7540,1小时5分
杭州东,上海虹桥,G,G1346,0小时59分
杭州东,上海虹桥,G,G1634,0小时52分
杭州东,上海虹桥,D,D3102,1小时13分
杭州东,上海虹桥,G,G1652,0小时48分
杭州东,上海虹桥,G,G7542,1小时7分
杭州东,上海虹桥,G,G7516,0小时52分
杭州东,上海虹桥,D,D3136,1小时1分
杭州东,上海虹桥,G,G1510,0小时54分
杭州东,上海虹桥,G,G7550,0小时58分
杭州东,上海虹桥,G,G1302,0小时57分
杭州东,上海虹桥,D,D3108,0小时57分
杭州东,上海虹桥,G,G7528,0小时57分
杭州东,上海虹桥,G,G1640,0小时54分
杭州东,上海虹桥,G,G1348,0小时46分
杭州东,上海虹桥,G,G1352,0小时54分
杭州东,上海虹桥,G,G1354,1小时0分
杭州东,上海虹桥,D,D378,0小时55分
杭州东,安亭北,G,G7586,1小时17分
杭州东,阳澄湖,G,G7492,1小时40分
杭州东,昆山南,G,G7372,1小时34分
杭州东,昆山南,G,G7572,1小时31分
杭州东,昆山南,G,G1228,1小时39分
杭州东,昆山南,G,G7316,1小时30分
杭州东,昆山,K,K808,3小时52分
杭州东,昆山南,D,D3142,1小时25分
杭州东,昆山南,G,G7592,1小时43分
杭州东,昆山南,G,G7792,1小时40分
杭州东,昆山南,G,G7520,1小时28分
杭州东,昆山南,G,G7590,1小时19分
杭州东,昆山南,G,G7584,1小时46分
杭州东,昆山南,G,G1510,1小时16分
杭州东,昆山南,G,G7432,1小时18分
杭州东,昆山南,G,G7314,1小时37分
杭州东,昆山,T,T136,3小时19分
杭州东,昆山南,D,D3136,1小时24分
杭州东,苏州北,G,G1866,1小时37分
杭州东,苏州,G,G7492,1小时51分
杭州东,苏州,G,G7372,1小时52分
杭州东,苏州北,G,G7194,1小时20分
杭州东,苏州,G,G7572,1小时44分
杭州东,苏州北,G,G1228,1小时52分
杭州东,苏州,G,G7316,1小时43分
杭州东,苏州,K,K808,4小时22分
杭州东,苏州北,G,G1584,1小时22分
杭州东,苏州,G,G7390,1小时21分
杭州东,苏州,D,D3142,1小时40分
杭州东,苏州,G,G7592,1小时56分
杭州东,苏州园区,G,G7376,1小时20分
杭州东,苏州北,G,G44,1小时31分
杭州东,苏州北,G,G7192,1小时26分
杭州东,苏州北,G,G7792,1小时52分
杭州东,苏州,G,G7520,1小时41分
杭州东,苏州北,G,G7590,1小时36分
杭州东,苏州,G,G7584,1小时59分
杭州东,苏州北,G,G1510,1小时29分
杭州东,苏州北,G,G1378,1小时23分
杭州东,苏州园区,G,G7432,1小时35分
杭州东,苏州北,G,G7596,1小时24分
杭州东,苏州,G,G7314,1小时50分
杭州东,苏州,T,T136,3小时43分
杭州东,苏州,G,G7350,1小时24分
杭州东,苏州,G,G7586,1小时39分
杭州东,苏州,G,G7576,1小时37分
杭州东,苏州园区,D,D3136,1小时36分
杭州东,苏州,D,D2282,1小时52分
杭州东,苏州北,G,G1866,1小时37分
杭州东,苏州,G,G7492,1小时51分
杭州东,苏州,G,G7372,1小时52分
杭州东,苏州北,G,G7194,1小时20分
杭州东,苏州,G,G7572,1小时44分
杭州东,苏州北,G,G1228,1小时52分
杭州东,苏州,G,G7316,1小时43分
杭州东,苏州,K,K808,4小时22分
杭州东,苏州北,G,G1584,1小时22分
杭州东,苏州,G,G7390,1小时21分
杭州东,苏州,D,D3142,1小时40分
杭州东,苏州,G,G7592,1小时56分
杭州东,苏州,G,G7376,1小时27分
杭州东,苏州北,G,G44,1小时31分
杭州东,苏州北,G,G7192,1小时26分
杭州东,苏州北,G,G7792,1小时52分
杭州东,苏州,G,G7520,1小时41分
杭州东,苏州北,G,G7590,1小时36分
杭州东,苏州,G,G7584,1小时59分
杭州东,苏州北,G,G1510,1小时29分
杭州东,苏州北,G,G1378,1小时23分
杭州东,苏州,G,G7432,1小时42分
杭州东,苏州北,G,G7596,1小时24分
杭州东,苏州,G,G7314,1小时50分
杭州东,苏州,T,T136,3小时43分
杭州东,苏州,G,G7350,1小时24分
杭州东,苏州,G,G7586,1小时39分
杭州东,苏州,G,G7576,1小时37分
杭州东,苏州,D,D3136,2小时5分
杭州东,苏州,D,D2282,1小时52分
杭州东,苏州北,G,G1866,1小时37分
杭州东,苏州,G,G7492,1小时51分
杭州东,苏州,G,G7372,1小时52分
杭州东,苏州北,G,G7194,1小时20分
杭州东,苏州,G,G7572,1小时44分
杭州东,苏州北,G,G1228,1小时52分
杭州东,苏州,G,G7316,1小时43分
杭州东,苏州,K,K808,4小时22分
杭州东,苏州北,G,G1584,1小时22分
杭州东,苏州,G,G7390,1小时21分
杭州东,苏州,D,D3142,1小时40分
杭州东,苏州,G,G7592,1小时56分
杭州东,苏州园区,G,G7376,1小时20分
杭州东,苏州北,G,G44,1小时31分
杭州东,苏州北,G,G7192,1小时26分
杭州东,苏州北,G,G7792,1小时52分
杭州东,苏州,G,G7520,1小时41分
杭州东,苏州北,G,G7590,1小时36分
杭州东,苏州,G,G7584,1小时59分
杭州东,苏州北,G,G1510,1小时29分
杭州东,苏州北,G,G1378,1小时23分
杭州东,苏州园区,G,G7432,1小时35分
杭州东,苏州北,G,G7596,1小时24分
杭州东,苏州,G,G7314,1小时50分
杭州东,苏州,T,T136,3小时43分
杭州东,苏州,G,G7350,1小时24分
杭州东,苏州,G,G7586,1小时39分
杭州东,苏州,G,G7576,1小时37分
杭州东,苏州园区,D,D3136,1小时36分
杭州东,苏州,D,D2282,1小时52分
杭州东,无锡,G,G7372,2小时9分
杭州东,无锡东,G,G7194,1小时33分
杭州东,无锡,G,G7572,2小时1分
杭州东,无锡,G,G7316,2小时0分
杭州东,无锡,K,K808,4小时55分
杭州东,无锡,G,G7390,1小时38分
杭州东,无锡,D,D3142,1小时58分
杭州东,无锡新区,G,G7592,2小时10分
杭州东,无锡,G,G7376,1小时45分
杭州东,无锡东,G,G44,1小时43分
杭州东,无锡东,G,G7192,1小时38分
杭州东,无锡东,G,G7792,2小时4分
杭州东,无锡,G,G7520,1小时58分
杭州东,无锡东,G,G7590,1小时48分
杭州东,无锡,G,G7584,2小时16分
杭州东,无锡东,G,G1510,1小时45分
杭州东,无锡,G,G7432,1小时59分
杭州东,无锡东,G,G7596,1小时36分
杭州东,无锡,G,G7314,2小时7分
杭州东,无锡,T,T136,4小时12分
杭州东,无锡,G,G7350,1小时41分
杭州东,无锡,G,G7586,1小时56分
杭州东,无锡,G,G7576,1小时54分
杭州东,无锡,D,D3136,2小时23分
杭州东,无锡东,G,G1378,1小时35分
杭州东,无锡,D,D2282,2小时9分
杭州东,无锡,G,G7372,2小时9分
杭州东,无锡东,G,G7194,1小时33分
杭州东,无锡,G,G7572,2小时1分
杭州东,无锡,G,G7316,2小时0分
杭州东,无锡,K,K808,4小时55分
杭州东,无锡,G,G7390,1小时38分
杭州东,无锡,D,D3142,1小时58分
杭州东,无锡,G,G7592,2小时19分
杭州东,无锡,G,G7376,1小时45分
杭州东,无锡东,G,G44,1小时43分
杭州东,无锡,D,D3136,2小时23分
杭州东,无锡东,G,G7192,1小时38分
杭州东,无锡东,G,G7792,2小时4分
杭州东,无锡,G,G7520,1小时58分
杭州东,无锡东,G,G7590,1小时48分
杭州东,无锡,G,G7584,2小时16分
杭州东,无锡东,G,G1510,1小时45分
杭州东,无锡,G,G7432,1小时59分
杭州东,无锡东,G,G7596,1小时36分
杭州东,无锡,G,G7314,2小时7分
杭州东,无锡,D,D2282,2小时9分
杭州东,无锡,T,T136,4小时12分
杭州东,无锡,G,G7350,1小时41分
杭州东,无锡,G,G7586,1小时56分
杭州东,无锡,G,G7576,1小时54分
杭州东,无锡东,G,G1378,1小时35分
杭州东,无锡,G,G7372,2小时9分
杭州东,无锡东,G,G7194,1小时33分
杭州东,无锡,G,G7572,2小时1分
杭州东,无锡,G,G7316,2小时0分
杭州东,无锡,K,K808,4小时55分
杭州东,无锡,G,G7390,1小时38分
杭州东,无锡,D,D3142,1小时58分
杭州东,无锡新区,G,G7592,2小时10分
杭州东,无锡,G,G7376,1小时45分
杭州东,无锡东,G,G44,1小时43分
杭州东,无锡东,G,G7192,1小时38分
杭州东,无锡东,G,G7792,2小时4分
杭州东,无锡,G,G7520,1小时58分
杭州东,无锡东,G,G7590,1小时48分
杭州东,无锡,G,G7584,2小时16分
杭州东,无锡东,G,G1510,1小时45分
杭州东,无锡,G,G7432,1小时59分
杭州东,无锡东,G,G7596,1小时36分
杭州东,无锡,G,G7314,2小时7分
杭州东,无锡,T,T136,4小时12分
杭州东,无锡,G,G7350,1小时41分
杭州东,无锡,G,G7586,1小时56分
杭州东,无锡,G,G7576,1小时54分
杭州东,惠山,D,D3136,2小时33分
杭州东,无锡东,G,G1378,1小时35分
杭州东,无锡,D,D2282,2小时9分
杭州东,常州北,G,G1866,2小时13分
杭州东,戚墅堰,G,G7492,2小时19分
杭州东,常州,G,G7372,2小时26分
杭州东,常州北,G,G7194,1小时52分
杭州东,常州,G,G7572,2小时17分
杭州东,常州北,G,G1228,2小时16分
杭州东,常州,G,G7316,2小时23分
杭州东,常州北,G,G1584,2小时5分
杭州东,戚墅堰,G,G7390,1小时52分
杭州东,常州,D,D3142,2小时15分
杭州东,常州,G,G7592,2小时35分
杭州东,常州,G,G7376,2小时1分
杭州东,常州北,G,G7792,2小时23分
杭州东,常州,G,G7520,2小时14分
杭州东,常州北,G,G7590,2小时12分
杭州东,常州,G,G7584,2小时32分
杭州东,常州北,G,G1510,2小时4分
杭州东,常州,G,G7432,2小时15分
杭州东,常州北,G,G7596,1小时55分
杭州东,常州,G,G7314,2小时23分
杭州东,常州,T,T136,4小时43分
杭州东,常州,G,G7350,1小时57分
杭州东,常州,G,G7586,2小时13分
杭州东,常州,G,G7576,2小时10分
杭州东,常州,D,D3136,2小时46分
杭州东,常州北,G,G1378,1小时54分
杭州东,常州,D,D2282,2小时26分
杭州东,常州北,G,G1866,2小时13分
杭州东,常州,G,G7492,2小时28分
杭州东,常州,G,G7372,2小时26分
杭州东,常州北,G,G7194,1小时52分
杭州东,常州,G,G7572,2小时17分
杭州东,常州北,G,G1228,2小时16分
杭州东,常州,G,G7316,2小时23分
杭州东,常州北,G,G1584,2小时5分
杭州东,常州,G,G7390,2小时3分
杭州东,常州,D,D3142,2小时15分
杭州东,常州,G,G7592,2小时35分
杭州东,常州,G,G7376,2小时1分
杭州东,常州北,G,G7792,2小时23分
杭州东,常州,G,G7520,2小时14分
杭州东,常州北,G,G7590,2小时12分
杭州东,常州,G,G7584,2小时32分
杭州东,常州北,G,G1510,2小时4分
杭州东,常州,G,G7432,2小时15分
杭州东,常州北,G,G7596,1小时55分
杭州东,常州,G,G7314,2小时23分
杭州东,常州,T,T136,4小时43分
杭州东,常州,G,G7350,1小时57分
杭州东,常州,G,G7586,2小时13分
杭州东,常州,G,G7576,2小时10分
杭州东,常州,D,D3136,2小时46分
杭州东,常州北,G,G1378,1小时54分
杭州东,常州,D,D2282,2小时26分
杭州东,丹阳,G,G7492,2小时45分
杭州东,丹阳,D,D3142,2小时33分
杭州东,丹阳,G,G7592,2小时53分
杭州东,丹阳北,G,G7192,2小时4分
杭州东,丹阳,G,G7520,2小时32分
杭州东,丹阳,G,G7584,2小时50分
杭州东,丹阳,G,G7432,2小时33分
杭州东,丹阳,G,G7314,2小时41分
杭州东,丹阳,G,G7576,2小时28分
杭州东,丹阳,D,D3136,3小时4分
杭州东,镇江南,G,G1866,2小时33分
杭州东,镇江,G,G7372,2小时51分
杭州东,镇江,G,G7572,2小时43分
杭州东,镇江,D,D3142,2小时47分
杭州东,镇江,G,G7592,3小时11分
杭州东,镇江,G,G7376,2小时27分
杭州东,镇江南,G,G44,2小时15分
杭州东,镇江南,G,G7192,2小时20分
杭州东,镇江南,G,G7792,2小时48分
杭州东,镇江,G,G7520,2小时46分
杭州东,镇江南,G,G7590,2小时32分
杭州东,镇江,G,G7584,3小时4分
杭州东,镇江南,G,G1510,2小时24分
杭州东,镇江,G,G7432,2小时47分
杭州东,镇江,G,G7314,2小时55分
杭州东,镇江,G,G7576,2小时42分
杭州东,镇江,D,D3136,3小时22分
杭州东,镇江南,G,G1378,2小时14分
杭州东,南京南,G,G1862,1小时24分
杭州东,南京南,G,G1866,2小时55分
杭州东,南京南,G,G7492,3小时23分
杭州东,南京南,G,G2668,1小时29分
杭州东,南京南,G,G7372,3小时20分
杭州东,南京南,G,G594,1小时32分
杭州东,南京南,G,G1224,1小时31分
杭州东,南京南,G,G36,1小时23分
杭州东,南京南,G,G7452,1小时28分
杭州东,南京南,G,G46,1小时24分
杭州东,南京南,G,G7572,3小时18分
杭州东,南京南,G,G1228,2小时50分
杭州东,南京南,G,G7650,1小时23分
杭州东,南京南,G,G1672,1小时30分
杭州东,南京南,G,G7796,1小时35分
杭州东,南京南,G,G7604,1小时23分
杭州东,南京南,G,G1496,1小时35分
杭州东,南京南,G,G7486,1小时17分
杭州东,南京南,G,G7616,1小时39分
杭州东,南京南,G,G7756,1小时39分
杭州东,南京南,G,G7678,1小时21分
杭州东,南京南,D,D3236,1小时24分
杭州东,南京南,G,G2808,1小时22分
杭州东,南京南,G,G1676,1小时35分
杭州东,南京南,G,G7454,1小时30分
杭州东,南京南,G,G52,1小时30分
杭州东,南京,D,D3142,3小时12分
杭州东,南京南,G,G7592,3小时39分
杭州东,南京南,G,G7376,2小时56分
杭州东,南京南,G,G7690,1小时15分
杭州东,南京南,G,G44,2小时35分
杭州东,南京南,G,G1484,1小时22分
杭州东,南京南,G,G1898,1小时13分
杭州东,南京南,G,G2816,1小时24分
杭州东,南京南,D,D3296,1小时41分
杭州东,南京南,G,G7192,2小时50分
杭州东,南京南,G,G7792,3小时10分
杭州东,南京南,G,G7652,1小时19分
杭州东,南京南,G,G446,1小时27分
杭州东,南京南,G,G7456,1小时26分
杭州东,南京南,G,G7520,3小时15分
杭州东,南京南,G,G7696,1小时32分
杭州东,南京南,G,G62,1小时36分
杭州东,南京南,G,G7590,2小时53分
杭州东,南京南,G,G7752,1小时25分
杭州东,南京,G,G7584,3小时26分
杭州东,南京南,G,G7644,1小时26分
杭州东,南京南,D,D2294,1小时27分
杭州东,南京南,G,G7682,1小时16分
杭州东,南京南,G,G7626,1小时23分
杭州东,南京南,G,G7610,1小时39分
杭州东,南京南,G,G1732,1小时40分
杭州东,南京南,G,G7432,3小时16分
杭州东,南京南,G,G40,1小时4分
杭州东,南京南,G,G1662,1小时42分
杭州东,南京南,G,G7596,2小时30分
杭州东,南京南,G,G7642,1小时22分
杭州东,南京南,G,G2336,1小时28分
杭州东,南京,G,G7314,3小时17分
杭州东,南京南,G,G7620,1小时22分
杭州东,南京南,G,G7666,1小时29分
杭州东,南京,D,D2282,3小时11分
杭州东,南京,T,T136,6小时8分
杭州东,南京南,G,G1504,1小时28分
杭州东,南京南,G,G7350,2小时45分
杭州东,南京南,G,G1604,1小时14分
杭州东,南京南,D,D3240,1小时29分
杭州东,南京南,G,G7630,1小时23分
杭州东,南京南,G,G7628,1小时17分
杭州东,南京南,G,G1506,1小时21分
杭州东,南京南,G,G7674,1小时33分
杭州东,南京南,G,G7576,3小时11分
杭州东,南京南,G,G1492,1小时37分
杭州东,南京南,G,G7568,1小时15分
杭州东,南京南,G,G7662,1小时34分
杭州东,南京,D,D5456,5小时40分
杭州东,南京南,G,G7478,1小时14分
杭州东,南京南,G,G3106,1小时33分
杭州东,南京南,G,G7686,1小时31分
杭州东,南京,D,D3136,3小时47分
杭州东,南京南,G,G1510,2小时46分
杭州东,南京南,G,G1378,2小时36分
杭州东,南京南,G,G7582,1小时36分
杭州东,南京南,G,G1668,1小时28分
杭州东,南京南,G,G1862,1小时24分
杭州东,南京南,G,G1866,2小时55分
杭州东,南京南,G,G7492,3小时23分
杭州东,南京南,G,G2668,1小时29分
杭州东,南京南,G,G7372,3小时20分
杭州东,南京南,G,G594,1小时32分
杭州东,南京南,G,G1224,1小时31分
杭州东,南京南,G,G36,1小时23分
杭州东,南京南,G,G7452,1小时28分
杭州东,南京南,G,G46,1小时24分
杭州东,南京南,G,G7572,3小时18分
杭州东,南京南,G,G1228,2小时50分
杭州东,南京南,G,G7650,1小时23分
杭州东,南京南,G,G1672,1小时30分
杭州东,南京南,G,G7796,1小时35分
杭州东,南京南,G,G1492,1小时37分
杭州东,南京南,G,G7604,1小时23分
杭州东,南京南,G,G1496,1小时35分
杭州东,南京南,G,G7486,1小时17分
杭州东,南京南,G,G7616,1小时39分
杭州东,南京南,G,G7756,1小时39分
杭州东,南京南,G,G7678,1小时21分
杭州东,南京南,D,D3236,1小时24分
杭州东,南京南,G,G2808,1小时22分
杭州东,南京南,G,G1676,1小时35分
杭州东,南京南,G,G7454,1小时30分
杭州东,南京南,G,G52,1小时30分
杭州东,南京,D,D3142,3小时12分
杭州东,南京南,G,G7592,3小时39分
杭州东,南京南,G,G7376,2小时56分
杭州东,南京南,G,G7690,1小时15分
杭州东,南京南,G,G44,2小时35分
杭州东,南京南,G,G1484,1小时22分
杭州东,南京南,G,G1898,1小时13分
杭州东,南京南,G,G2816,1小时24分
杭州东,南京南,D,D3296,1小时41分
杭州东,南京南,G,G7192,2小时50分
杭州东,南京南,G,G7792,3小时10分
杭州东,南京南,G,G7652,1小时19分
杭州东,南京南,G,G446,1小时27分
杭州东,南京南,G,G7456,1小时26分
杭州东,南京南,G,G7520,3小时15分
杭州东,南京南,G,G7696,1小时32分
杭州东,南京南,G,G62,1小时36分
杭州东,南京南,G,G7590,2小时53分
杭州东,南京南,G,G7752,1小时25分
杭州东,南京,G,G7584,3小时26分
杭州东,南京南,G,G7644,1小时26分
杭州东,南京南,G,G1510,2小时46分
杭州东,南京南,G,G7682,1小时16分
杭州东,南京南,G,G7626,1小时23分
杭州东,南京南,G,G7610,1小时39分
杭州东,南京南,G,G1732,1小时40分
杭州东,南京南,G,G7432,3小时16分
杭州东,南京南,G,G40,1小时4分
杭州东,南京南,G,G1662,1小时42分
杭州东,南京南,G,G7596,2小时30分
杭州东,南京南,G,G7642,1小时22分
杭州东,南京南,G,G2336,1小时28分
杭州东,南京,G,G7314,3小时17分
杭州东,南京南,G,G7620,1小时22分
杭州东,南京南,G,G7666,1小时29分
杭州东,南京,T,T136,6小时8分
杭州东,南京南,G,G1504,1小时28分
杭州东,南京南,G,G7350,2小时45分
杭州东,南京南,G,G1604,1小时14分
杭州东,南京南,D,D3240,1小时29分
杭州东,南京南,G,G7630,1小时23分
杭州东,南京南,G,G7628,1小时17分
杭州东,南京南,G,G1506,1小时21分
杭州东,南京南,G,G7674,1小时33分
杭州东,南京南,G,G7576,3小时11分
杭州东,南京南,G,G7568,1小时15分
杭州东,南京南,G,G7662,1小时34分
杭州东,南京,D,D5456,5小时40分
杭州东,南京南,G,G7478,1小时14分
杭州东,南京南,G,G3106,1小时33分
杭州东,南京南,G,G7686,1小时31分
杭州东,南京,D,D3136,3小时47分
杭州东,南京南,D,D2294,1小时27分
杭州东,南京南,G,G1378,2小时36分
杭州东,南京南,G,G7582,1小时36分
杭州东,南京,D,D2282,3小时11分
杭州东,南京南,G,G1668,1小时28分
杭州东,阳澄湖,G,G7492,1小时40分
杭州东,昆山南,G,G7372,1小时34分
杭州东,昆山南,G,G7572,1小时31分
杭州东,昆山南,G,G1228,1小时39分
杭州东,昆山南,G,G7316,1小时30分
杭州东,昆山,K,K808,3小时52分
杭州东,昆山南,D,D3142,1小时25分
杭州东,昆山南,G,G7592,1小时43分
杭州东,昆山南,G,G7792,1小时40分
杭州东,昆山南,G,G7520,1小时28分
杭州东,昆山南,G,G7590,1小时19分
杭州东,昆山南,G,G7584,1小时46分
杭州东,昆山南,G,G7432,1小时18分
杭州东,昆山南,G,G7314,1小时37分
杭州东,昆山,T,T136,3小时19分
杭州东,昆山南,D,D3136,1小时24分
杭州东,昆山南,G,G1510,1小时16分
杭州东,滁州,G,G2668,1小时50分
杭州东,滁州,G,G1228,3小时10分
杭州东,滁州,G,G7604,1小时48分
杭州东,滁州,G,G2816,1小时49分
杭州东,滁州,G,G7192,3小时13分
杭州东,滁州,G,G7792,3小时33分
杭州东,滁州,G,G7590,3小时13分
杭州东,滁州,G,G7610,1小时59分
杭州东,滁州,G,G1732,2小时6分
杭州东,滁州,G,G1662,2小时16分
杭州东,滁州,G,G7642,1小时48分
杭州东,太仓,G,G7580,1小时34分
杭州东,太仓,D,D5462,2小时14分
杭州东,太仓,D,D5456,2小时15分
杭州东,太仓,G,G7524,1小时36分
杭州东,太仓,G,G7580,1小时34分
杭州东,太仓,D,D5462,2小时14分
杭州东,太仓,D,D5456,2小时15分
杭州东,太仓,G,G7524,1小时36分
杭州东,常熟,G,G7580,1小时55分
杭州东,常熟,D,D5462,2小时39分
杭州东,常熟,G,G7524,1小时57分
杭州东,张家港,G,G7580,2小时7分
杭州东,张家港,D,D5462,2小时52分
杭州东,张家港,D,D5456,2小时48分
杭州东,张家港,G,G7524,2小时10分
杭州东,张家港,G,G1302,1小时52分
杭州东,南通西,G,G7580,2小时24分
杭州东,南通,D,D5462,3小时20分
杭州东,南通西,D,D5456,3小时7分
杭州东,南通西,G,G1302,2小时9分
杭州东,扬州,G,G7580,4小时10分
杭州东,扬州,D,D5456,4小时46分
杭州东,扬州,G,G7580,4小时10分
杭州东,扬州,D,D5456,4小时46分
杭州东,泰州,G,G7580,3小时32分
杭州东,泰州,D,D5456,4小时11分
杭州东,姜堰,G,G7580,3小时19分
杭州东,姜堰,D,D5456,3小时59分
杭州东,海安,G,G7580,2小时59分
杭州东,海安,D,D5456,3小时38分
杭州东,如皋,G,G7580,2小时46分
杭州东,南通西,G,G7580,2小时24分
杭州东,南通,D,D5462,3小时20分
杭州东,南通西,D,D5456,3小时7分
杭州东,南通,G,G1302,2小时25分
杭州东,海门,D,D5462,3小时44分
杭州东,启东,D,D5462,4小时10分
杭州东,松江南,G,G7372,0小时57分
杭州东,松江南,G,G7382,0小时44分
杭州东,松江南,G,G7330,0小时46分
杭州东,松江南,G,G7364,0小时50分
杭州东,松江南,G,G7316,0小时51分
杭州东,松江南,G,G1350,0小时43分
杭州东,松江南,G,G7334,0小时55分
杭州东,松江南,G,G7318,0小时44分
杭州东,松江南,G,G1390,0小时45分
杭州东,松江南,G,G7336,0小时44分
杭州东,松江南,G,G7792,0小时51分
杭州东,松江南,D,D3292,0小时56分
杭州东,松江南,G,G7584,0小时50分
杭州东,松江南,G,G7522,0小时43分
杭州东,松江南,G,G7524,0小时43分
杭州东,松江南,G,G1502,0小时44分
杭州东,松江南,G,G7350,0小时39分
杭州东,松江南,G,G7576,0小时50分
杭州东,松江南,G,G7540,0小时45分
杭州东,松江南,G,G1352,0小时37分
杭州东,金山北,G,G7502,0小时47分
杭州东,金山北,G,G7504,0小时39分
杭州东,金山北,G,G7532,0小时39分
杭州东,金山北,G,G7572,0小时47分
杭州东,金山北,G,G1382,0小时39分
杭州东,金山北,D,D382,0小时40分
杭州东,金山北,G,G7512,0小时43分
杭州东,金山北,G,G7322,0小时40分
杭州东,金山北,G,G7592,1小时1分
杭州东,金山北,G,G1636,0小时40分
杭州东,金山北,G,G1674,0小时50分
杭州东,金山北,D,D3292,0小时45分
杭州东,金山北,G,G7520,0小时47分
杭州东,金山北,G,G1654,0小时33分
杭州东,金山北,G,G7516,0小时32分
杭州东,嘉善南,G,G7492,0小时46分
杭州东,嘉善南,G,G7580,0小时34分
杭州东,嘉善,K,K576,1小时9分
杭州东,嘉善南,G,G7572,0小时35分
杭州东,嘉善南,G,G1228,0小时41分
杭州东,嘉善南,D,D3324,0小时43分
杭州东,嘉善,K,K808,1小时9分
杭州东,嘉善南,G,G7368,0小时36分
杭州东,嘉善南,G,G1346,0小时34分
杭州东,嘉善南,D,D3102,0小时34分
杭州东,嘉善,K,K496,1小时16分
杭州东,嘉善南,G,G7546,0小时34分
杭州东,嘉善南,G,G7592,0小时49分
杭州东,嘉善南,G,G44,0小时34分
杭州东,嘉善南,G,G7792,0小时35分
杭州东,嘉善南,G,G1322,0小时41分
杭州东,嘉善南,G,G7310,0小时41分
杭州东,嘉善南,G,G1334,0小时34分
杭州东,嘉善南,D,D2282,0小时52分
杭州东,嘉善,T,T136,1小时3分
杭州东,嘉善南,G,G1342,0小时35分
杭州东,嘉善南,G,G7542,0小时41分
杭州东,嘉善南,G,G7314,0小时37分
杭州东,嘉兴南,G,G7492,0小时35分
杭州东,嘉兴南,G,G7534,0小时24分
杭州东,嘉兴南,G,G7554,0小时34分
杭州东,嘉兴南,G,G7372,0小时37分
杭州东,嘉兴南,G,G7502,0小时31分
杭州东,嘉兴南,G,G7530,0小时30分
杭州东,嘉兴南,G,G7344,0小时25分
杭州东,嘉兴南,G,G7330,0小时24分
杭州东,嘉兴南,G,G7194,0小时23分
杭州东,嘉兴南,G,G7504,0小时23分
杭州东,嘉兴南,G,G7364,0小时30分
杭州东,嘉兴南,G,G7532,0小时23分
杭州东,嘉兴南,G,G1228,0小时30分
杭州东,嘉兴南,G,G7316,0小时30分
杭州东,嘉兴南,G,G1690,0小时32分
杭州东,嘉兴南,D,D3324,0小时27分
杭州东,嘉兴南,G,G7506,0小时30分
杭州东,嘉兴南,G,G7332,0小时30分
杭州东,嘉兴南,G,G1384,0小时23分
杭州东,嘉兴南,G,G7306,0小时35分
杭州东,嘉兴南,G,G1632,0小时23分
杭州东,嘉兴南,G,G7324,0小时26分
杭州东,嘉兴南,G,G7510,0小时30分
杭州东,嘉兴南,D,D3102,0小时24分
杭州东,嘉兴南,G,G1350,0小时23分
杭州东,嘉兴南,G,G7514,0小时30分
杭州东,嘉兴南,G,G7322,0小时24分
杭州东,嘉兴南,D,D3142,0小时29分
杭州东,嘉兴南,G,G7592,0小时30分
杭州东,嘉兴南,G,G7326,0小时35分
杭州东,嘉兴南,G,G7560,0小时25分
杭州东,嘉兴南,G,G1370,0小时29分
杭州东,嘉兴南,G,G7318,0小时24分
杭州东,嘉兴南,G,G1636,0小时23分
杭州东,嘉兴南,G,G44,0小时23分
杭州东,嘉兴南,G,G1638,0小时30分
杭州东,嘉兴南,G,G7518,0小时30分
杭州东,嘉兴南,G,G1390,0小时25分
杭州东,嘉兴南,G,G1674,0小时34分
杭州东,嘉兴南,G,G7336,0小时24分
杭州东,嘉兴南,G,G7192,0小时26分
杭州东,嘉兴南,D,D3292,0小时30分
杭州东,嘉兴南,G,G7520,0小时31分
杭州东,嘉兴南,G,G7310,0小时31分
杭州东,嘉兴南,G,G7584,0小时30分
杭州东,嘉兴南,G,G1510,0小时24分
杭州东,嘉兴南,G,G2194,0小时24分
杭州东,嘉兴南,G,G1378,0小时24分
杭州东,嘉兴南,G,G7522,0小时23分
杭州东,嘉兴南,G,G1388,0小时23分
杭州东,嘉兴南,G,G7432,0小时23分
杭州东,嘉兴南,D,D3132,0小时38分
杭州东,嘉兴南,G,G1656,0小时23分
杭州东,嘉兴南,D,D3206,0小时25分
杭州东,嘉兴南,G,G1502,0小时23分
杭州东,嘉兴南,G,G7366,0小时24分
杭州东,嘉兴南,G,G7338,0小时33分
杭州东,嘉兴南,D,D3146,0小时38分
杭州东,嘉兴南,G,G1302,0小时24分
杭州东,嘉兴南,G,G1374,0小时23分
杭州东,嘉兴南,G,G7340,0小时30分
杭州东,嘉兴南,D,D2286,0小时32分
杭州东,嘉兴南,G,G1394,0小时24分
杭州东,嘉兴南,G,G2190,0小时24分
杭州东,嘉兴南,D,D3108,0小时24分
杭州东,嘉兴南,G,G1658,0小时23分
杭州东,嘉兴南,G,G2366,0小时24分
杭州东,嘉兴南,G,G1422,0小时24分
杭州东,嘉兴南,G,G7586,0小时31分
杭州东,嘉兴南,G,G7576,0小时30分
杭州东,嘉兴南,G,G7542,0小时30分
杭州东,嘉兴南,D,D3136,0小时30分
杭州东,嘉兴南,G,G1362,0小时24分
杭州东,嘉兴南,G,G7550,0小时23分
杭州东,嘉兴南,G,G7314,0小时23分
杭州东,嘉兴南,D,D2284,0小时33分
杭州东,嘉兴南,G,G7528,0小时24分
杭州东,嘉兴南,G,G1640,0小时23分
杭州东,嘉兴南,G,G1354,0小时30分
杭州东,嘉兴南,D,D378,0小时24分
杭州东,桐乡,G,G1866,0小时25分
杭州东,桐乡,G,G7372,0小时24分
杭州东,桐乡,G,G7580,0小时17分
杭州东,桐乡,G,G7572,0小时17分
杭州东,桐乡,G,G7316,0小时17分
杭州东,桐乡,G,G1382,0小时17分
杭州东,桐乡,G,G7368,0小时18分
杭州东,桐乡,G,G7508,0小时17分
杭州东,桐乡,G,G1346,0小时17分
杭州东,桐乡,D,D382,0小时17分
杭州东,桐乡,G,G7512,0小时17分
杭州东,桐乡,G,G7390,0小时17分
杭州东,桐乡,G,G7334,0小时29分
杭州东,桐乡,G,G7514,0小时17分
杭州东,桐乡,G,G7308,0小时17分
杭州东,桐乡,G,G7326,0小时17分
杭州东,桐乡,G,G1370,0小时17分
杭州东,桐乡,G,G1638,0小时17分
杭州东,桐乡,G,G7792,0小时17分
杭州东,桐乡,G,G1322,0小时24分
杭州东,桐乡,G,G7310,0小时18分
杭州东,桐乡,G,G7596,0小时17分
杭州东,桐乡,G,G1334,0小时17分
杭州东,桐乡,D,D2282,0小时35分
杭州东,桐乡,D,D3146,0小时17分
杭州东,桐乡,D,D2288,0小时17分
杭州东,桐乡,G,G7586,0小时18分
杭州东,桐乡,G,G1342,0小时18分
杭州东,桐乡,D,D3136,0小时17分
杭州东,海宁西,G,G7492,0小时13分
杭州东,海宁西,G,G7554,0小时14分
杭州东,海宁西,G,G7530,0小时13分
杭州东,海宁西,G,G7382,0小时13分
杭州东,海宁,K,K576,0小时36分
杭州东,海宁,K,K352,0小时36分
杭州东,海宁西,G,G7364,0小时13分
杭州东,海宁西,G,G1228,0小时13分
杭州东,海宁西,G,G1690,0小时13分
杭州东,海宁,K,K808,0小时36分
杭州东,海宁西,G,G7506,0小时13分
杭州东,海宁,K,K112,0小时36分
杭州东,海宁,D,D5484,0小时31分
杭州东,海宁西,G,G7306,0小时13分
杭州东,海宁西,G,G7510,0小时13分
杭州东,海宁西,G,G1584,0小时13分
杭州东,海宁西,G,G7334,0小时13分
杭州东,海宁,K,K496,0小时40分
杭州东,海宁西,G,G7546,0小时13分
杭州东,海宁西,D,D3142,0小时12分
杭州东,海宁,D,D5456,0小时30分
杭州东,海宁西,G,G7376,0小时13分
杭州东,海宁西,G,G7518,0小时13分
杭州东,海宁西,G,G1674,0小时13分
杭州东,海宁西,D,D3292,0小时12分
杭州东,海宁西,G,G7520,0小时14分
杭州东,海宁西,G,G7590,0小时13分
杭州东,海宁西,G,G7524,0小时13分
杭州东,海宁西,D,D2282,0小时12分
杭州东,海宁,T,T136,0小时33分
杭州东,海宁西,G,G7340,0小时13分
杭州东,海宁西,G,G7576,0小时13分
杭州东,海宁西,G,G7540,0小时13分
杭州东,海宁西,D,D2284,0小时12分
杭州东,余杭,G,G1866,0小时11分
杭州东,余杭,G,G7372,0小时10分
杭州东,余杭,G,G7502,0小时11分
杭州东,余杭,G,G7332,0小时10分
杭州东,余杭,G,G1634,0小时10分
杭州东,余杭,G,G7348,0小时10分
杭州东,余杭,G,G7592,0小时10分
杭州东,余杭,G,G1322,0小时10分
杭州东,余杭,G,G7584,0小时10分
杭州东,余杭,D,D3132,0小时9分
杭州东,余杭,G,G7338,0小时10分
杭州东,余杭,D,D2286,0小时9分
杭州东,余杭,G,G7542,0小时10分
杭州东,余杭,G,G1354,0小时10分
杭州东,杭州南,G,G2385,0小时9分
杭州东,杭州南,G,G7643,0小时9分
杭州东,杭州南,D,D377,0小时9分
杭州东,杭州南,D,D771,0小时15分
杭州东,杭州南,K,K1185,0小时16分
杭州东,杭州南,D,D3135,0小时9分
杭州东,杭州南,G,G1633,0小时9分
杭州东,杭州南,D,D5461,0小时16分
杭州东,杭州南,G,G7465,0小时9分
杭州东,杭州南,G,G7485,0小时9分
杭州东,杭州南,K,K807,0小时16分
杭州东,杭州南,G,G7541,0小时9分
杭州东,杭州南,D,D5455,0小时16分
杭州东,杭州南,G,G2395,0小时9分
杭州东,杭州南,K,K469,0小时16分
杭州东,诸暨,G,G7361,0小时23分
杭州东,诸暨,G,G7331,0小时23分
杭州东,诸暨,G,G7333,0小时23分
杭州东,诸暨,G,G1421,0小时23分
杭州东,诸暨,G,G1651,0小时23分
杭州东,诸暨,G,G1631,0小时23分
杭州东,诸暨,G,G7641,0小时26分
杭州东,诸暨,G,G7643,0小时31分
杭州东,诸暨,G,G1337,0小时23分
杭州东,诸暨,G,G1503,0小时24分
杭州东,诸暨,G,G7325,0小时23分
杭州东,诸暨,G,G7389,0小时23分
杭州东,诸暨,G,G1347,0小时23分
杭州东,诸暨,G,G7477,0小时24分
杭州东,诸暨,G,G2193,0小时23分
杭州东,诸暨,G,G7759,0小时25分
杭州东,诸暨,G,G1375,0小时23分
杭州东,诸暨,G,G7695,0小时24分
杭州东,诸暨,G,G7619,0小时24分
杭州东,诸暨,G,G7461,0小时24分
杭州东,诸暨,G,G1451,0小时26分
杭州东,诸暨,G,G1333,0小时23分
杭州东,诸暨,G,G7335,0小时23分
杭州东,诸暨,G,G1369,0小时23分
杭州东,诸暨,G,G7375,0小时23分
杭州东,诸暨,G,G7621,0小时24分
杭州东,诸暨,G,G1493,0小时25分
杭州东,诸暨,G,G1329,0小时23分
杭州东,诸暨,G,G1461,0小时25分
杭州东,诸暨,G,G1637,0小时23分
杭州东,诸暨,G,G1359,0小时23分
杭州东,诸暨,D,D3235,0小时27分
杭州东,诸暨,G,G7465,0小时34分
杭州东,诸暨,G,G7365,0小时23分
杭州东,诸暨,G,G7321,0小时23分
杭州东,诸暨,G,G1583,0小时23分
杭州东,诸暨,G,G7473,0小时26分
杭州东,诸暨,D,D5485,0小时41分
杭州东,诸暨,G,G7463,0小时24分
杭州东,诸暨,G,G7367,0小时24分
杭州东,诸暨,G,G7371,0小时23分
杭州东,诸暨,G,G1689,0小时23分
杭州东,诸暨,G,G1227,0小时23分
杭州东,诸暨,G,G7381,0小时23分
杭州东,诸暨,G,G7655,0小时24分
杭州东,诸暨,G,G7491,0小时23分
杭州东,诸暨,G,G45,0小时24分
杭州东,诸暨,G,G1501,0小时23分
杭州东,诸暨,G,G7685,0小时25分
杭州东,诸暨,K,K469,0小时59分
杭州东,义乌,D,D3211,0小时35分
杭州东,义乌,G,G7331,0小时38分
杭州东,义乌,G,G7333,0小时39分
杭州东,义乌,G,G1421,0小时39分
杭州东,义乌,G,G1651,0小时39分
杭州东,义乌,G,G2365,0小时32分
杭州东,义乌,G,G1371,0小时32分
杭州东,义乌,G,G7625,0小时33分
杭州东,义乌,G,G2189,0小时32分
杭州东,义乌,G,G1667,0小时34分
杭州东,义乌,G,G7643,0小时52分
杭州东,义乌,G,G1505,0小时33分
杭州东,义乌,G,G1337,0小时39分
杭州东,义乌,G,G7467,0小时32分
杭州东,义乌,G,G1661,0小时34分
杭州东,义乌,D,D771,1小时5分
杭州东,义乌,G,G1503,0小时39分
杭州东,义乌,G,G7325,0小时43分
杭州东,义乌,G,G7349,0小时33分
杭州东,义乌,G,G1655,0小时32分
杭州东,义乌,G,G1377,0小时32分
杭州东,义乌,G,G7627,0小时33分
杭州东,义乌,K,K1185,1小时59分
杭州东,义乌,G,G7477,0小时40分
杭州东,义乌,G,G7691,0小时33分
杭州东,义乌,G,G1301,0小时32分
杭州东,义乌,G,G1391,0小时33分
杭州东,义乌,G,G2193,0小时39分
杭州东,义乌,G,G1375,0小时39分
杭州东,义乌,G,G7695,0小时40分
杭州东,义乌,G,G7619,0小时40分
杭州东,义乌,G,G7461,0小时40分
杭州东,义乌,G,G1451,0小时42分
杭州东,义乌,G,G1333,0小时43分
杭州东,义乌,G,G1731,0小时34分
杭州东,义乌,G,G7345,0小时34分
杭州东,义乌,G,G7591,0小时32分
杭州东,义乌,G,G2335,0小时33分
杭州东,义乌,G,G1387,0小时32分
杭州东,义乌,G,G7335,0小时39分
杭州东,义乌,G,G1369,0小时39分
杭州东,义乌,G,G7375,0小时43分
杭州东,义乌,G,G1659,0小时33分
杭州东,义乌,G,G7621,0小时49分
杭州东,义乌,G,G1389,0小时32分
杭州东,义乌,G,G1355,0小时34分
杭州东,义乌,G,G1897,0小时34分
杭州东,义乌,G,G1675,0小时33分
杭州东,义乌,G,G7347,0小时32分
杭州东,义乌,G,G1495,0小时33分
杭州东,义乌,G,G1305,0小时32分
杭州东,义乌,D,D3235,0小时48分
杭州东,义乌,G,G7465,0小时50分
杭州东,义乌,G,G7321,0小时39分
杭州东,义乌,G,G7473,0小时46分
杭州东,义乌,D,D5485,1小时2分
杭州东,义乌,G,G7463,0小时54分
杭州东,义乌,G,G1677,0小时33分
杭州东,义乌,G,G1385,0小时33分
杭州东,义乌,G,G7615,0小时33分
杭州东,义乌,G,G1363,0小时32分
杭州东,义乌,G,G7371,0小时39分
杭州东,义乌,G,G1395,0小时33分
杭州东,义乌,G,G7339,0小时32分
杭州东,义乌,G,G7649,0小时36分
杭州东,义乌,G,G7343,0小时33分
杭州东,义乌,G,G1227,0小时43分
杭州东,义乌,G,G7629,0小时34分
杭州东,义乌,G,G7381,0小时39分
杭州东,义乌,G,G7655,0小时40分
杭州东,义乌,G,G7491,0小时39分
杭州东,义乌,K,K807,1小时54分
杭州东,义乌,G,G1881,0小时33分
杭州东,义乌,G,G45,0小时40分
杭州东,义乌,G,G1635,0小时32分
杭州东,义乌,G,G7337,0小时32分
杭州东,义乌,G,G1361,0小时32分
杭州东,义乌,K,K469,1小时39分
杭州东,金华,G,G7361,0小时50分
杭州东,金华南,D,D3211,0小时56分
杭州东,金华南,G,G7331,0小时57分
杭州东,金华南,G,G7333,0小时58分
杭州东,金华,G,G1421,0小时57分
杭州东,金华,G,G1651,0小时57分
杭州东,金华,G,G2365,0小时50分
杭州东,金华,G,G1371,0小时50分
杭州东,金华南,G,G7625,0小时52分
杭州东,金华,G,G2189,0小时50分
杭州东,金华,G,G1667,0小时57分
杭州东,金华,G,G1631,0小时49分
杭州东,金华南,G,G7641,0小时57分
杭州东,金华,G,G1505,0小时51分
杭州东,金华,G,G1337,0小时57分
杭州东,金华,G,G1373,0小时44分
杭州东,金华南,G,G7467,0小时51分
杭州东,金华,G,G1661,0小时52分
杭州东,金华,D,D771,1小时39分
杭州东,金华,G,G1503,0小时57分
杭州东,金华,G,G1377,0小时54分
杭州东,金华南,G,G7627,0小时52分
杭州东,金华,G,G7389,0小时50分
杭州东,金华,K,K1185,2小时51分
杭州东,金华,G,G1347,0小时50分
杭州东,金华南,G,G7477,1小时2分
杭州东,金华,G,G1657,0小时44分
杭州东,金华,G,G7691,0小时51分
杭州东,金华,G,G1301,0小时54分
杭州东,金华,G,G61,0小时46分
杭州东,金华,G,G1391,0小时51分
杭州东,金华,G,G1375,0小时57分
杭州东,金华,G,G7695,0小时58分
杭州东,金华南,G,G7461,0小时59分
杭州东,金华,G,G1333,1小时1分
杭州东,金华南,G,G1731,0小时53分
杭州东,金华南,G,G7591,0小时55分
杭州东,金华,G,G1481,0小时44分
杭州东,金华,G,G1633,0小时49分
杭州东,金华,G,G1493,0小时57分
杭州东,金华,G,G1329,0小时50分
杭州东,金华,G,G1355,0小时52分
杭州东,金华,G,G1331,0小时49分
杭州东,金华,G,G1675,0小时52分
杭州东,金华南,G,G7347,0小时53分
杭州东,金华,G,G1495,0小时51分
杭州东,金华,G,G1461,0小时52分
杭州东,金华,G,G1637,0小时50分
杭州东,金华,G,G1359,0小时50分
杭州东,金华南,D,D3235,1小时9分
杭州东,金华,G,G7365,0小时50分
杭州东,金华,G,G1583,0小时52分
杭州东,金华南,G,G7473,1小时5分
杭州东,金华,D,D5485,1小时35分
杭州东,金华,G,G1677,0小时51分
杭州东,金华,G,G1385,0小时51分
杭州东,金华南,G,G7615,0小时52分
杭州东,金华,G,G1455,0小时43分
杭州东,金华,G,G7371,0小时57分
杭州东,金华,G,G1395,0小时52分
杭州东,金华南,G,G7649,0小时55分
杭州东,金华,G,G1689,0小时50分
杭州东,金华南,G,G1227,1小时2分
杭州东,金华,G,G7381,0小时57分
杭州东,金华南,G,G7655,0小时59分
杭州东,金华,G,G7491,0小时57分
杭州东,金华,K,K807,2小时38分
杭州东,金华南,G,G1881,0小时52分
杭州东,金华,G,G45,0小时58分
杭州东,金华,G,G1501,0小时50分
杭州东,金华,G,G1361,0小时50分
杭州东,金华,G,G1365,0小时43分
杭州东,金华,K,K469,2小时21分
杭州东,上海虹桥,G,G1866,1小时2分
杭州东,上海虹桥,G,G7492,1小时13分
杭州东,上海虹桥,G,G7534,0小时53分
杭州东,上海虹桥,G,G7554,1小时5分
杭州东,上海虹桥,G,G7372,1小时13分
杭州东,上海虹桥,G,G7502,1小时7分
杭州东,上海虹桥,G,G7580,1小时0分
杭州东,上海虹桥,G,G7530,0小时59分
杭州东,上海虹桥,G,G7382,1小时0分
杭州东,上海南,K,K576,2小时41分
杭州东,上海虹桥,G,G7344,0小时54分
杭州东,上海南,K,K352,3小时28分
杭州东,上海虹桥,G,G7330,1小时8分
杭州东,上海虹桥,G,G7194,0小时54分
杭州东,上海虹桥,G,G7504,0小时59分
杭州东,上海虹桥,G,G7364,1小时8分
杭州东,上海虹桥,G,G7532,0小时59分
杭州东,上海虹桥,G,G7572,1小时9分
杭州东,上海虹桥,G,G1228,1小时8分
杭州东,上海虹桥,G,G7316,1小时7分
杭州东,上海虹桥,G,G1690,1小时8分
杭州东,上海虹桥,D,D3324,1小时15分
杭州东,上海虹桥,G,G1382,1小时0分
杭州东,上海南,K,K808,2小时26分
杭州东,上海虹桥,G,G7506,1小时0分
杭州东,上海南,K,K112,2小时5分
杭州东,上海虹桥,G,G7332,1小时1分
杭州东,上海虹桥,G,G7368,1小时1分
杭州东,上海虹桥,G,G1384,0小时54分
杭州东,上海南,D,D5484,1小时46分
杭州东,上海虹桥,G,G7508,0小时56分
杭州东,上海虹桥,G,G7306,1小时5分
杭州东,上海虹桥,G,G1632,0小时53分
杭州东,上海虹桥,G,G7324,0小时55分
杭州东,上海虹桥,G,G1386,0小时50分
杭州东,上海虹桥,G,G1346,0小时59分
杭州东,上海虹桥,G,G7510,1小时1分
杭州东,上海虹桥,D,D382,1小时8分
杭州东,上海虹桥,G,G1634,0小时52分
杭州东,上海虹桥,D,D3102,1小时13分
杭州东,上海虹桥,G,G1584,0小时53分
杭州东,上海虹桥,G,G7348,0小时52分
杭州东,上海虹桥,G,G7512,1小时14分
杭州东,上海虹桥,G,G7320,0小时49分
杭州东,上海虹桥,G,G7390,0小时54分
杭州东,上海虹桥,G,G1652,0小时48分
杭州东,上海虹桥,G,G1350,1小时5分
杭州东,上海虹桥,D,D5462,1小时33分
杭州东,上海虹桥,G,G7334,1小时14分
杭州东,上海虹桥,G,G86,0小时46分
杭州东,上海虹桥,G,G7514,1小时1分
杭州东,上海南,K,K496,2小时32分
杭州东,上海虹桥,G,G7546,1小时2分
杭州东,上海虹桥,G,G7322,1小时0分
杭州东,上海虹桥,G,G7308,0小时55分
杭州东,上海虹桥,D,D3142,1小时1分
杭州东,上海虹桥,G,G7592,1小时21分
杭州东,上海虹桥,D,D5456,1小时37分
杭州东,上海虹桥,G,G7326,1小时5分
杭州东,上海虹桥,G,G7560,0小时56分
杭州东,上海虹桥,G,G1370,1小时2分
杭州东,上海虹桥,G,G7376,0小时54分
杭州东,上海,G,G7318,1小时30分
杭州东,上海虹桥,G,G1636,1小时1分
杭州东,上海虹桥,G,G44,0小时59分
杭州东,上海虹桥,G,G1638,1小时0分
杭州东,上海虹桥,G,G7518,0小时59分
杭州东,上海虹桥,G,G1390,1小时1分
杭州东,上海虹桥,G,G1674,1小时17分
杭州东,上海虹桥,G,G7336,1小时0分
杭州东,上海虹桥,G,G7192,0小时56分
杭州东,上海虹桥,G,G7792,1小时7分
杭州东,上海虹桥,D,D3292,1小时26分
杭州东,上海虹桥,G,G1322,1小时6分
杭州东,上海虹桥,G,G7520,1小时7分
杭州东,上海虹桥,G,G7310,1小时13分
杭州东,上海虹桥,G,G7590,0小时56分
杭州东,上海虹桥,G,G7584,1小时19分
杭州东,上海虹桥,G,G1510,0小时54分
杭州东,上海虹桥,G,G2194,0小时56分
杭州东,上海虹桥,G,G1378,0小时54分
杭州东,上海虹桥,G,G7522,1小时10分
杭州东,上海虹桥,G,G1388,0小时53分
杭州东,上海虹桥,G,G7432,0小时57分
杭州东,上海虹桥,G,G1372,0小时47分
杭州东,上海虹桥,G,G7596,0小时55分
杭州东,上海虹桥,G,G7524,1小时2分
杭州东,上海虹桥,D,D3132,1小时12分
杭州东,上海虹桥,G,G7314,1小时3分
杭州东,上海虹桥,G,G1654,0小时53分
杭州东,上海虹桥,G,G1656,0小时54分
杭州东,上海虹桥,D,D3206,1小时0分
杭州东,上海虹桥,G,G1334,1小时0分
杭州东,上海虹桥,D,D2282,1小时19分
杭州东,上海虹桥,G,G1502,1小时5分
杭州东,上海虹桥,G,G7366,0小时55分
杭州东,上海南,T,T136,2小时3分
杭州东,上海虹桥,G,G7338,1小时3分
杭州东,上海虹桥,G,G7350,0小时55分
杭州东,上海虹桥,D,D3146,1小时10分
杭州东,上海虹桥,G,G1302,0小时57分
杭州东,上海虹桥,G,G1374,0小时55分
杭州东,上海虹桥,G,G7340,0小时59分
杭州东,上海虹桥,D,D2286,1小时4分
杭州东,上海虹桥,G,G1394,0小时56分
杭州东,上海虹桥,G,G2190,0小时55分
杭州东,上海虹桥,D,D3108,0小时57分
杭州东,上海南,D,D772,1小时30分
杭州东,上海虹桥,D,D2288,0小时55分
杭州东,上海虹桥,G,G1658,0小时53分
杭州东,上海虹桥,G,G2366,0小时53分
杭州东,上海虹桥,G,G1376,0小时50分
杭州东,上海虹桥,G,G1338,0小时46分
杭州东,上海虹桥,G,G7462,0小时45分
杭州东,上海虹桥,G,G1306,0小时45分
杭州东,上海虹桥,G,G7536,0小时46分
杭州东,上海虹桥,G,G1660,0小时47分
杭州东,上海虹桥,G,G7586,1小时1分
杭州东,上海虹桥,G,G7576,1小时6分
杭州东,上海虹桥,G,G1342,1小时1分
杭州东,上海虹桥,G,G7540,1小时5分
杭州东,上海虹桥,G,G7542,1小时7分
杭州东,上海虹桥,G,G7516,0小时52分
杭州东,上海虹桥,D,D3136,1小时1分
杭州东,上海虹桥,G,G1362,0小时53分
杭州东,上海虹桥,G,G7550,0小时58分
杭州东,上海虹桥,D,D2284,1小时5分
杭州东,上海虹桥,G,G7528,0小时57分
杭州东,上海虹桥,G,G1640,0小时54分
杭州东,上海虹桥,G,G1348,0小时46分
杭州东,上海虹桥,G,G1352,0小时54分
杭州东,上海虹桥,G,G1354,1小时0分
杭州东,上海虹桥,D,D378,0小时55分
杭州东,松江,K,K352,2小时33分
杭州东,松江,K,K112,1小时28分
杭州东,松江,K,K496,1小时44分
杭州东,嘉善南,G,G7492,0小时46分
杭州东,嘉善南,G,G7580,0小时34分
杭州东,嘉善,K,K576,1小时9分
杭州东,嘉善南,G,G7572,0小时35分
杭州东,嘉善南,G,G1228,0小时41分
杭州东,嘉善南,D,D3324,0小时43分
杭州东,嘉善,K,K808,1小时9分
杭州东,嘉善南,G,G7368,0小时36分
杭州东,嘉善南,G,G1346,0小时34分
杭州东,嘉善南,D,D3102,0小时34分
杭州东,嘉善,K,K496,1小时16分
杭州东,嘉善南,G,G7546,0小时34分
杭州东,嘉善南,G,G7592,0小时49分
杭州东,嘉善南,G,G44,0小时34分
杭州东,嘉善南,G,G7792,0小时35分
杭州东,嘉善南,G,G1322,0小时41分
杭州东,嘉善南,G,G7310,0小时41分
杭州东,嘉善南,G,G1334,0小时34分
杭州东,嘉善南,D,D2282,0小时52分
杭州东,嘉善,T,T136,1小时3分
杭州东,嘉善南,G,G1342,0小时35分
杭州东,嘉善南,G,G7542,0小时41分
杭州东,嘉善南,G,G7314,0小时37分
杭州东,海宁西,G,G7492,0小时13分
杭州东,海宁西,G,G7554,0小时14分
杭州东,海宁西,G,G7530,0小时13分
杭州东,海宁西,G,G7382,0小时13分
杭州东,海宁,K,K576,0小时36分
杭州东,海宁,K,K352,0小时36分
杭州东,海宁西,G,G7364,0小时13分
杭州东,海宁西,G,G1228,0小时13分
杭州东,海宁西,G,G1690,0小时13分
杭州东,海宁,K,K808,0小时36分
杭州东,海宁西,G,G7506,0小时13分
杭州东,海宁,K,K112,0小时36分
杭州东,海宁,D,D5484,0小时31分
杭州东,海宁西,G,G7306,0小时13分
杭州东,海宁西,G,G7510,0小时13分
杭州东,海宁西,G,G1584,0小时13分
杭州东,海宁西,G,G7334,0小时13分
杭州东,海宁,K,K496,0小时40分
杭州东,海宁西,G,G7546,0小时13分
杭州东,海宁西,D,D3142,0小时12分
杭州东,海宁,D,D5456,0小时30分
杭州东,海宁西,G,G7376,0小时13分
杭州东,海宁西,G,G7518,0小时13分
杭州东,海宁西,G,G1674,0小时13分
杭州东,海宁西,D,D3292,0小时12分
杭州东,海宁西,G,G7520,0小时14分
杭州东,海宁西,G,G7590,0小时13分
杭州东,海宁西,G,G7524,0小时13分
杭州东,海宁西,D,D2282,0小时12分
杭州东,海宁,T,T136,0小时33分
杭州东,海宁西,G,G7340,0小时13分
杭州东,海宁西,G,G7576,0小时13分
杭州东,海宁西,G,G7540,0小时13分
杭州东,海宁西,D,D2284,0小时12分
杭州东,江宁,G,G46,1小时13分
杭州东,江宁,G,G1496,1小时24分
杭州东,江宁,G,G7686,1小时18分
杭州东,句容西,G,G36,1小时9分
杭州东,句容西,G,G7616,1小时22分
杭州东,句容西,G,G62,1小时22分
杭州东,溧水,G,G1862,1小时4分
杭州东,溧水,G,G2668,1小时11分
杭州东,溧水,G,G594,1小时13分
杭州东,溧水,G,G1224,1小时13分
杭州东,溧水,G,G1672,1小时12分
杭州东,溧水,G,G1492,1小时20分
杭州东,溧水,G,G7604,1小时5分
杭州东,溧水,G,G7616,1小时11分
杭州东,溧水,G,G7756,1小时22分
杭州东,溧水,G,G7678,1小时4分
杭州东,溧水,G,G2808,1小时4分
杭州东,溧水,G,G1676,1小时18分
杭州东,溧水,G,G1484,1小时4分
杭州东,溧水,G,G2816,1小时4分
杭州东,溧水,D,D3296,1小时21分
杭州东,溧水,G,G7652,1小时1分
杭州东,溧水,G,G446,1小时6分
杭州东,溧水,G,G7456,1小时6分
杭州东,溧水,G,G7696,1小时12分
杭州东,溧水,G,G7752,1小时6分
杭州东,溧水,G,G7644,1小时7分
杭州东,溧水,G,G7610,1小时13分
杭州东,溧水,G,G1732,1小时17分
杭州东,溧水,G,G1662,1小时19分
杭州东,溧水,G,G2336,1小时11分
杭州东,溧水,G,G7620,1小时4分
杭州东,溧水,G,G7568,0小时57分
杭州东,溧水,G,G7662,1小时10分
杭州东,溧水,G,G7478,0小时57分
杭州东,溧水,G,G3106,1小时11分
杭州东,溧水,G,G7686,1小时4分
杭州东,溧水,D,D2294,1小时4分
杭州东,瓦屋山,G,G1672,1小时0分
杭州东,瓦屋山,G,G7756,1小时5分
杭州东,瓦屋山,G,G52,1小时6分
杭州东,瓦屋山,G,G7696,1小时0分
杭州东,瓦屋山,G,G62,1小时6分
杭州东,瓦屋山,G,G7626,1小时1分
杭州东,瓦屋山,G,G7674,1小时6分
杭州东,瓦屋山,G,G7662,0小时59分
杭州东,溧阳,G,G1224,0小时55分
杭州东,溧阳,G,G7452,1小时0分
杭州东,溧阳,G,G7796,1小时5分
杭州东,溧阳,G,G1492,1小时2分
杭州东,溧阳,G,G1496,0小时53分
杭州东,溧阳,G,G1676,1小时0分
杭州东,溧阳,G,G7454,1小时0分
杭州东,溧阳,G,G62,0小时53分
杭州东,溧阳,G,G7752,0小时46分
杭州东,溧阳,G,G7610,0小时53分
杭州东,溧阳,G,G1732,0小时59分
杭州东,溧阳,G,G1662,0小时58分
杭州东,溧阳,G,G7666,1小时0分
杭州东,溧阳,G,G1504,1小时0分
杭州东,溧阳,G,G1506,0小时53分
杭州东,溧阳,G,G7674,0小时53分
杭州东,溧阳,G,G7582,1小时4分
杭州东,溧阳,G,G1668,1小时0分
杭州东,溧阳,G,G7630,0小时55分
杭州东,宜兴,G,G1862,0小时40分
杭州东,宜兴,G,G2668,0小时47分
杭州东,宜兴,G,G594,0小时47分
杭州东,宜兴,G,G1224,0小时42分
杭州东,宜兴,G,G7452,0小时47分
杭州东,宜兴,G,G46,0小时40分
杭州东,宜兴,G,G7650,0小时47分
杭州东,宜兴,G,G1672,0小时41分
杭州东,宜兴,G,G7796,0小时52分
杭州东,宜兴,G,G1492,0小时44分
杭州东,宜兴,G,G7604,0小时40分
杭州东,宜兴,G,G1496,0小时40分
杭州东,宜兴,G,G7486,0小时43分
杭州东,宜兴,G,G7616,0小时47分
杭州东,宜兴,G,G7756,0小时46分
杭州东,宜兴,G,G7678,0小时40分
杭州东,宜兴,D,D3236,0小时42分
杭州东,宜兴,G,G2808,0小时40分
杭州东,宜兴,G,G1676,0小时47分
杭州东,宜兴,G,G7454,0小时47分
杭州东,宜兴,G,G52,0小时47分
杭州东,宜兴,G,G7690,0小时40分
杭州东,宜兴,G,G1484,0小时40分
杭州东,宜兴,G,G2816,0小时40分
杭州东,宜兴,D,D3296,0小时52分
杭州东,宜兴,G,G446,0小时41分
杭州东,宜兴,G,G7456,0小时41分
杭州东,宜兴,G,G7696,0小时40分
杭州东,宜兴,G,G7644,0小时41分
杭州东,宜兴,G,G7682,0小时40分
杭州东,宜兴,G,G7626,0小时40分
杭州东,宜兴,G,G1732,0小时40分
杭州东,宜兴,G,G1662,0小时44分
杭州东,宜兴,G,G7642,0小时47分
杭州东,宜兴,G,G2336,0小时47分
杭州东,宜兴,G,G7620,0小时40分
杭州东,宜兴,G,G7666,0小时47分
杭州东,宜兴,G,G1504,0小时47分
杭州东,宜兴,G,G1604,0小时40分
杭州东,宜兴,D,D3240,0小时49分
杭州东,宜兴,G,G7628,0小时41分
杭州东,宜兴,G,G1506,0小时40分
杭州东,宜兴,G,G7674,0小时40分
杭州东,宜兴,G,G7662,0小时40分
杭州东,宜兴,G,G3106,0小时47分
杭州东,宜兴,G,G7686,0小时40分
杭州东,宜兴,D,D2294,0小时38分
杭州东,宜兴,G,G7582,0小时51分
杭州东,宜兴,G,G1668,0小时47分
杭州东,长兴,G,G2668,0小时32分
杭州东,长兴,G,G594,0小时32分
杭州东,长兴,G,G7452,0小时32分
杭州东,长兴,G,G7650,0小时32分
杭州东,长兴,G,G7796,0小时37分
杭州东,长兴,G,G7616,0小时32分
杭州东,长兴,G,G1676,0小时32分
杭州东,长兴,G,G7454,0小时32分
杭州东,长兴,G,G52,0小时32分
杭州东,长兴,D,D3296,0小时33分
杭州东,长兴,G,G62,0小时32分
杭州东,长兴,G,G7610,0小时32分
杭州东,长兴,G,G7642,0小时32分
杭州东,长兴,G,G7666,0小时32分
杭州东,长兴,G,G1504,0小时32分
杭州东,长兴,D,D3240,0小时34分
杭州东,长兴,G,G7568,0小时25分
杭州东,长兴,G,G1668,0小时32分
杭州东,湖州,G,G1862,0小时21分
杭州东,湖州,G,G2668,0小时21分
杭州东,湖州,G,G7724,0小时21分
杭州东,湖州,G,G594,0小时21分
杭州东,湖州,D,D656,0小时32分
杭州东,湖州,G,G1224,0小时22分
杭州东,湖州,G,G36,0小时28分
杭州东,湖州,G,G7452,0小时21分
杭州东,湖州,G,G46,0小时21分
杭州东,湖州,G,G7650,0小时21分
杭州东,湖州,G,G1672,0小时21分
杭州东,湖州,G,G1492,0小时21分
杭州东,湖州,G,G1894,0小时21分
杭州东,湖州,G,G1496,0小时21分
杭州东,湖州,G,G7616,0小时21分
杭州东,湖州,G,G7756,0小时27分
杭州东,湖州,G,G7678,0小时21分
杭州东,湖州,G,G7402,0小时21分
杭州东,湖州,D,D3236,0小时22分
杭州东,湖州,G,G2808,0小时21分
杭州东,湖州,G,G1676,0小时21分
杭州东,湖州,G,G52,0小时21分
杭州东,湖州,G,G1790,0小时21分
杭州东,湖州,G,G1962,0小时21分
杭州东,湖州,G,G7690,0小时21分
杭州东,湖州,G,G1484,0小时21分
杭州东,湖州,G,G1898,0小时21分
杭州东,湖州,G,G2816,0小时21分
杭州东,湖州,G,G582,0小时21分
杭州东,湖州,D,D3296,0小时22分
杭州东,湖州,G,G7652,0小时22分
杭州东,湖州,G,G446,0小时22分
杭州东,湖州,G,G7456,0小时22分
杭州东,湖州,G,G7696,0小时21分
杭州东,湖州,G,G62,0小时21分
杭州东,湖州,G,G7406,0小时21分
杭州东,湖州,G,G7752,0小时21分
杭州东,湖州,G,G7644,0小时21分
杭州东,湖州,G,G7426,0小时21分
杭州东,湖州,G,G7682,0小时21分
杭州东,湖州,G,G7626,0小时21分
杭州东,湖州,G,G1732,0小时21分
杭州东,湖州,G,G1662,0小时21分
杭州东,湖州,G,G7642,0小时21分
杭州东,湖州,G,G2336,0小时28分
杭州东,湖州,G,G7620,0小时21分
杭州东,湖州,G,G7666,0小时21分
杭州东,湖州,G,G7538,0小时21分
杭州东,湖州,G,G1504,0小时21分
杭州东,湖州,G,G1604,0小时21分
杭州东,湖州,G,G7442,0小时21分
杭州东,湖州,D,D3240,0小时23分
杭州东,湖州,G,G7628,0小时22分
杭州东,湖州,G,G1506,0小时21分
杭州东,湖州,D,D3212,0小时23分
杭州东,湖州,G,G7674,0小时21分
杭州东,湖州,G,G7662,0小时21分
杭州东,湖州,G,G7478,0小时21分
杭州东,湖州,G,G3106,0小时28分
杭州东,湖州,G,G7686,0小时21分
杭州东,湖州,G,G7582,0小时32分
杭州东,湖州,G,G1392,0小时21分
杭州东,湖州,G,G1668,0小时21分
杭州东,湖州,G,G7630,0小时28分
杭州东,德清,D,D656,0小时13分
杭州东,德清,G,G36,0小时13分
杭州东,德清,G,G1964,0小时13分
杭州东,德清,G,G7796,0小时13分
杭州东,德清,G,G7604,0小时13分
杭州东,德清,G,G7486,0小时13分
杭州东,德清,G,G7756,0小时13分
杭州东,德清,G,G7454,0小时13分
杭州东,德清,G,G7692,0小时13分
杭州东,德清,G,G7610,0小时13分
杭州东,德清,G,G2336,0小时13分
杭州东,德清,G,G1874,0小时13分
杭州东,德清,G,G3106,0小时13分
杭州东,德清,G,G7582,0小时13分
杭州东,德清,G,G7630,0小时13分
杭州东,绍兴北,D,D3239,0小时19分
杭州东,绍兴北,G,G7501,0小时19分
杭州东,绍兴北,G,G7543,0小时19分
杭州东,绍兴北,D,D2287,0小时19分
杭州东,绍兴北,D,D3131,0小时19分
杭州东,绍兴北,G,G7503,0小时19分
杭州东,绍兴北,G,G7609,0小时19分
杭州东,绍兴北,D,D3295,0小时19分
杭州东,绍兴北,G,G7665,0小时19分
杭州东,绍兴北,G,G7505,0小时19分
杭州东,绍兴北,D,D2285,0小时19分
杭州东,绍兴北,G,G7611,0小时18分
杭州东,绍兴北,D,D3205,0小时19分
杭州东,绍兴北,G,G7693,0小时18分
杭州东,绍兴北,G,G7431,0小时19分
杭州东,绍兴北,G,G7507,0小时19分
杭州东,绍兴北,D,D3107,0小时19分
杭州东,绍兴北,G,G7681,0小时19分
杭州东,绍兴北,G,G343,0小时18分
杭州东,绍兴北,G,G7509,0小时19分
杭州东,绍兴北,D,D2283,0小时19分
杭州东,绍兴北,G,G1673,0小时19分
杭州东,绍兴北,G,G581,0小时18分
杭州东,绍兴北,G,G7595,0小时19分
杭州东,绍兴北,G,G7575,0小时19分
杭州东,绍兴北,G,G2807,0小时19分
杭州东,绍兴北,G,G7583,0小时19分
杭州东,绍兴北,G,G7517,0小时19分
杭州东,绍兴北,D,D3217,0小时21分
杭州东,绍兴北,D,D3169,0小时19分
杭州东,绍兴北,G,G7545,0小时19分
杭州东,绍兴北,G,G7519,0小时19分
杭州东,绍兴北,G,G7571,0小时19分
杭州东,绍兴北,G,G7485,0小时25分
杭州东,绍兴北,G,G1223,0小时20分
杭州东,绍兴北,G,G7533,0小时19分
杭州东,绍兴北,G,G7521,0小时19分
杭州东,绍兴北,D,D655,0小时20分
杭州东,绍兴北,G,G7661,0小时20分
杭州东,绍兴北,G,G7795,0小时20分
杭州东,绍兴北,G,G7561,0小时19分
杭州东,绍兴北,G,G7557,0小时20分
杭州东,绍兴北,G,G7529,0小时19分
杭州东,绍兴北,G,G7659,0小时18分
杭州东,绍兴北,G,G7541,0小时25分
杭州东,绍兴北,D,D3145,0小时19分
杭州东,绍兴北,D,D3201,0小时19分
杭州东,绍兴北,G,G7581,0小时20分
杭州东,绍兴北,G,G7589,0小时19分
杭州东,绍兴北,G,G7599,0小时19分
杭州东,绍兴北,G,G7537,0小时19分
杭州东,绍兴北,G,G1961,0小时19分
杭州东,绍兴北,D,D3291,0小时19分
杭州东,绍兴北,D,D3101,0小时19分
杭州东,绍兴北,G,G1893,0小时18分
杭州东,绍兴北,D,D3103,0小时19分
杭州东,绍兴北,G,G589,0小时18分
杭州东,绍兴北,G,G7585,0小时19分
杭州东,绍兴东,D,D2287,0小时33分
杭州东,绍兴东,G,G7549,0小时26分
杭州东,绍兴东,D,D3295,0小时33分
杭州东,绍兴东,D,D2281,0小时27分
杭州东,绍兴东,G,G7611,0小时31分
杭州东,绍兴东,G,G7431,0小时32分
杭州东,绍兴东,G,G51,0小时27分
杭州东,绍兴东,D,D2293,0小时28分
杭州东,绍兴东,G,G7669,0小时24分
杭州东,绍兴东,D,D3233,0小时29分
杭州东,绍兴东,D,D3217,0小时35分
杭州东,绍兴东,G,G7485,0小时40分
杭州东,绍兴东,G,G7521,0小时32分
杭州东,绍兴东,G,G7677,0小时24分
杭州东,绍兴东,D,D655,0小时42分
杭州东,绍兴东,G,G7529,0小时32分
杭州东,绍兴东,G,G7659,0小时31分
杭州东,绍兴东,D,D3145,0小时33分
杭州东,绍兴东,D,D3201,0小时33分
杭州东,绍兴东,D,D3291,0小时33分
杭州东,绍兴东,G,G7567,0小时25分
杭州东,绍兴东,G,G7539,0小时27分
杭州东,绍兴东,D,D381,0小时27分
杭州东,绍兴东,D,D3103,0小时33分
杭州东,绍兴东,G,G589,0小时31分
杭州东,绍兴东,G,G7525,0小时25分
杭州东,余姚北,D,D3239,0小时40分
杭州东,余姚北,G,G7543,0小时39分
杭州东,余姚北,D,D3131,0小时40分
杭州东,余姚北,D,D377,0小时40分
杭州东,余姚北,G,G7609,0小时41分
杭州东,余姚北,G,G7665,0小时40分
杭州东,余姚北,G,G7505,0小时39分
杭州东,余姚北,D,D2281,0小时40分
杭州东,余姚北,D,D2285,0小时40分
杭州东,余姚北,D,D3205,0小时44分
杭州东,余姚北,G,G7507,0小时39分
杭州东,余姚北,G,G7681,0小时39分
杭州东,余姚北,D,D3135,0小时40分
杭州东,余姚北,G,G51,0小时39分
杭州东,余姚北,D,D2283,0小时40分
杭州东,余姚北,G,G1673,0小时45分
杭州东,余姚北,G,G581,0小时42分
杭州东,余姚北,D,D3141,0小时34分
杭州东,余姚北,D,D3233,0小时49分
杭州东,余姚北,G,G7575,0小时39分
杭州东,余姚北,G,G7517,0小时39分
杭州东,余姚北,D,D3169,0小时40分
杭州东,余姚北,G,G7545,0小时39分
杭州东,余姚北,G,G7519,0小时39分
杭州东,余姚北,G,G7571,0小时44分
杭州东,余姚北,G,G7533,0小时39分
杭州东,余姚北,G,G7677,0小时38分
杭州东,余姚北,D,D655,1小时4分
杭州东,余姚北,G,G7661,0小时40分
杭州东,余姚北,G,G7795,0小时40分
杭州东,余姚北,G,G7535,0小时32分
杭州东,余姚北,G,G7527,0小时35分
杭州东,余姚北,G,G7529,0小时46分
杭州东,余姚北,G,G7659,0小时45分
杭州东,余姚北,D,D3145,0小时46分
杭州东,余姚北,D,D3295,0小时51分
杭州东,余姚北,G,G7645,0小时31分
杭州东,余姚北,G,G7599,0小时39分
杭州东,余姚北,G,G7537,0小时40分
杭州东,余姚北,G,G1961,0小时39分
杭州东,余姚北,D,D3291,0小时46分
杭州东,余姚北,G,G7669,0小时38分
杭州东,余姚北,D,D3101,0小时40分
杭州东,余姚北,G,G1893,0小时38分
杭州东,余姚北,D,D3103,0小时46分
杭州东,余姚北,G,G589,0小时45分
杭州东,余姚北,G,G7585,0小时39分
杭州东,余姚北,G,G7525,0小时39分
杭州东,余姚北,G,G1963,0小时31分
杭州东,余姚北,G,G167,0小时38分
杭州东,宁波,D,D3239,1小时3分
杭州东,宁波,G,G7501,0小时54分
杭州东,宁波,G,G7543,1小时2分
杭州东,宁波,D,D2287,1小时3分
杭州东,宁波,D,D3131,1小时3分
杭州东,宁波,G,G7503,0小时54分
杭州东,宁波,D,D377,1小时4分
杭州东,宁波,G,G7549,0小时57分
杭州东,宁波,G,G7609,1小时4分
杭州东,宁波,D,D3295,1小时14分
杭州东,宁波,G,G7665,1小时2分
杭州东,宁波,G,G7505,1小时1分
杭州东,宁波,D,D2281,1小时4分
杭州东,宁波,D,D2285,1小时3分
杭州东,宁波,G,G7611,1小时2分
杭州东,宁波,D,D3205,1小时12分
杭州东,宁波,G,G7693,0小时55分
杭州东,宁波,G,G7431,1小时1分
杭州东,宁波,G,G7507,1小时0分
杭州东,宁波,D,D3107,0小时57分
杭州东,宁波,G,G7681,1小时10分
杭州东,宁波,G,G343,0小时52分
杭州东,宁波,G,G7509,0小时53分
杭州东,宁波,D,D3135,1小时3分
杭州东,宁波,G,G51,1小时2分
杭州东,宁波,D,D2283,1小时3分
杭州东,宁波,D,D2293,1小时2分
杭州东,宁波,G,G7511,0小时50分
杭州东,宁波,G,G1673,1小时13分
杭州东,宁波,G,G7669,0小时59分
杭州东,宁波,G,G7595,0小时56分
杭州东,宁波,D,D3141,0小时59分
杭州东,宁波,D,D3233,1小时14分
杭州东,宁波,G,G7515,0小时48分
杭州东,宁波,G,G7575,1小时6分
杭州东,宁波,G,G2807,0小时55分
杭州东,宁波,G,G7583,0小时54分
杭州东,宁波,G,G7517,1小时0分
杭州东,宁波,D,D3217,1小时13分
杭州东,宁波,G,G7673,0小时51分
杭州东,宁波,D,D3169,1小时3分
杭州东,宁波,G,G7545,1小时0分
杭州东,宁波,G,G7519,1小时0分
杭州东,宁波,G,G7571,1小时6分
杭州东,宁波,G,G7485,1小时10分
杭州东,宁波,G,G1223,0小时54分
杭州东,宁波,G,G7533,1小时0分
杭州东,宁波,G,G7521,1小时0分
杭州东,宁波,G,G7677,0小时59分
杭州东,宁波,D,D655,1小时29分
杭州东,宁波,G,G7661,1小时1分
杭州东,宁波,G,G7795,1小时1分
杭州东,宁波,G,G7535,0小时53分
杭州东,宁波,G,G7561,0小时53分
杭州东,宁波,G,G7557,0小时58分
杭州东,宁波,G,G1865,0小时48分
杭州东,宁波,D,D941,0小时51分
杭州东,宁波,D,D935,0小时59分
杭州东,宁波,D,D915,0小时59分
杭州东,宁波,G,G7527,0小时57分
杭州东,宁波,G,G7529,1小时7分
杭州东,庄桥,G,G7659,1小时0分
杭州东,宁波,G,G7541,1小时2分
杭州东,宁波,D,D3145,1小时15分
杭州东,宁波,D,D3201,1小时9分
杭州东,宁波,G,G7581,1小时2分
杭州东,宁波,G,G7645,0小时52分
杭州东,宁波,G,G7589,0小时54分
杭州东,宁波,G,G7599,1小时0分
杭州东,宁波,G,G7537,1小时3分
杭州东,宁波,G,G1961,1小时2分
杭州东,宁波,D,D3291,1小时9分
杭州东,宁波,G,G581,1小时3分
杭州东,宁波,G,G7567,1小时0分
杭州东,宁波,G,G7539,0小时55分
杭州东,宁波,D,D381,0小时59分
杭州东,庄桥,D,D3101,0小时57分
杭州东,宁波,G,G1893,1小时1分
杭州东,宁波,D,D3103,1小时9分
杭州东,宁波,G,G589,1小时6分
杭州东,宁波,G,G7585,1小时0分
杭州东,宁波,G,G7525,1小时1分
杭州东,宁波,G,G1963,0小时53分
杭州东,宁波,D,D3239,1小时3分
杭州东,宁波,G,G7501,0小时54分
杭州东,宁波,G,G7543,1小时2分
杭州东,宁波,D,D2287,1小时3分
杭州东,宁波,D,D3131,1小时3分
杭州东,宁波,G,G7503,0小时54分
杭州东,宁波,D,D377,1小时4分
杭州东,宁波,G,G7549,0小时57分
杭州东,宁波,G,G7609,1小时4分
杭州东,宁波,G,G7665,1小时2分
杭州东,宁波,G,G7505,1小时1分
杭州东,宁波,D,D2281,1小时4分
杭州东,宁波,D,D2285,1小时3分
杭州东,宁波,G,G7611,1小时2分
杭州东,宁波,D,D3205,1小时12分
杭州东,宁波,G,G7693,0小时55分
杭州东,宁波,G,G7431,1小时1分
杭州东,宁波,G,G7507,1小时0分
杭州东,宁波,D,D3107,0小时57分
杭州东,宁波,G,G7681,1小时10分
杭州东,宁波,G,G343,0小时52分
杭州东,宁波,G,G7509,0小时53分
杭州东,宁波,D,D3135,1小时3分
杭州东,宁波,G,G51,1小时2分
杭州东,宁波,D,D2283,1小时3分
杭州东,宁波,D,D2293,1小时2分
杭州东,宁波,G,G7511,0小时50分
杭州东,宁波,G,G1673,1小时13分
杭州东,宁波,G,G581,1小时3分
杭州东,宁波,G,G7595,0小时56分
杭州东,宁波,D,D3141,0小时59分
杭州东,宁波,D,D3233,1小时14分
杭州东,宁波,G,G7515,0小时48分
杭州东,宁波,G,G7575,1小时6分
杭州东,宁波,G,G2807,0小时55分
杭州东,宁波,G,G7583,0小时54分
杭州东,宁波,G,G7517,1小时0分
杭州东,宁波,D,D3217,1小时13分
杭州东,宁波,G,G7673,0小时51分
杭州东,宁波,D,D3169,1小时3分
杭州东,宁波,G,G7545,1小时0分
杭州东,宁波,G,G7519,1小时0分
杭州东,宁波,G,G7571,1小时6分
杭州东,宁波,G,G7485,1小时10分
杭州东,宁波,G,G1223,0小时54分
杭州东,宁波,G,G7533,1小时0分
杭州东,宁波,G,G7521,1小时0分
杭州东,宁波,G,G7677,0小时59分
杭州东,宁波,D,D655,1小时29分
杭州东,宁波,G,G7661,1小时1分
杭州东,宁波,G,G7795,1小时1分
杭州东,宁波,G,G7535,0小时53分
杭州东,宁波,G,G7561,0小时53分
杭州东,宁波,G,G7557,0小时58分
杭州东,宁波,G,G1865,0小时48分
杭州东,宁波,D,D941,0小时51分
杭州东,宁波,D,D935,0小时59分
杭州东,宁波,D,D915,0小时59分
杭州东,宁波,G,G7527,0小时57分
杭州东,宁波,G,G7529,1小时7分
杭州东,宁波,G,G7659,1小时12分
杭州东,宁波,G,G7541,1小时2分
杭州东,宁波,D,D3145,1小时15分
杭州东,宁波,D,D3201,1小时9分
杭州东,宁波,D,D3295,1小时14分
杭州东,宁波,G,G7581,1小时2分
杭州东,宁波,G,G7645,0小时52分
杭州东,宁波,G,G7589,0小时54分
杭州东,宁波,G,G7599,1小时0分
杭州东,宁波,G,G7537,1小时3分
杭州东,宁波,G,G1961,1小时2分
杭州东,宁波,D,D3291,1小时9分
杭州东,宁波,G,G7669,0小时59分
杭州东,宁波,G,G7567,1小时0分
杭州东,宁波,G,G7539,0小时55分
杭州东,宁波,D,D381,0小时59分
杭州东,宁波,D,D3101,1小时14分
杭州东,宁波,G,G1893,1小时1分
杭州东,宁波,D,D3103,1小时9分
杭州东,宁波,G,G589,1小时6分
杭州东,宁波,G,G7585,1小时0分
杭州东,宁波,G,G7525,1小时1分
杭州东,宁波,G,G1963,0小时53分
杭州东,宁波,G,G167,0小时59分
杭州东,绍兴北,D,D3239,0小时19分
杭州东,绍兴北,G,G7501,0小时19分
杭州东,绍兴北,G,G7543,0小时19分
杭州东,绍兴北,D,D2287,0小时19分
杭州东,绍兴北,D,D3131,0小时19分
杭州东,绍兴北,G,G7503,0小时19分
杭州东,绍兴北,G,G7609,0小时19分
杭州东,绍兴北,D,D3295,0小时19分
杭州东,绍兴北,G,G7665,0小时19分
杭州东,绍兴北,G,G7505,0小时19分
杭州东,绍兴北,D,D2285,0小时19分
杭州东,绍兴北,G,G7611,0小时18分
杭州东,绍兴北,D,D3205,0小时19分
杭州东,绍兴北,G,G7693,0小时18分
杭州东,绍兴北,G,G7431,0小时19分
杭州东,绍兴北,G,G7507,0小时19分
杭州东,绍兴北,D,D3107,0小时19分
杭州东,绍兴北,G,G7681,0小时19分
杭州东,绍兴北,G,G343,0小时18分
杭州东,绍兴北,G,G7509,0小时19分
杭州东,绍兴北,D,D2283,0小时19分
杭州东,绍兴北,G,G1673,0小时19分
杭州东,绍兴北,G,G581,0小时18分
杭州东,绍兴北,G,G7595,0小时19分
杭州东,绍兴北,G,G7575,0小时19分
杭州东,绍兴北,G,G2807,0小时19分
杭州东,绍兴北,G,G7583,0小时19分
杭州东,绍兴北,G,G7517,0小时19分
杭州东,绍兴北,D,D3217,0小时21分
杭州东,绍兴北,D,D3169,0小时19分
杭州东,绍兴北,G,G7545,0小时19分
杭州东,绍兴北,G,G7519,0小时19分
杭州东,绍兴北,G,G7571,0小时19分
杭州东,绍兴北,G,G7485,0小时25分
杭州东,绍兴北,G,G1223,0小时20分
杭州东,绍兴北,G,G7533,0小时19分
杭州东,绍兴北,G,G7521,0小时19分
杭州东,绍兴北,D,D655,0小时20分
杭州东,绍兴北,G,G7661,0小时20分
杭州东,绍兴北,G,G7795,0小时20分
杭州东,绍兴北,G,G7561,0小时19分
杭州东,绍兴北,G,G7557,0小时20分
杭州东,绍兴北,G,G7529,0小时19分
杭州东,绍兴北,G,G7659,0小时18分
杭州东,绍兴北,G,G7541,0小时25分
杭州东,绍兴北,D,D3145,0小时19分
杭州东,绍兴北,D,D3201,0小时19分
杭州东,绍兴北,G,G7581,0小时20分
杭州东,绍兴北,G,G7589,0小时19分
杭州东,绍兴北,G,G7599,0小时19分
杭州东,绍兴北,G,G7537,0小时19分
杭州东,绍兴北,G,G1961,0小时19分
杭州东,绍兴北,D,D3291,0小时19分
杭州东,绍兴北,D,D3101,0小时19分
杭州东,绍兴北,G,G1893,0小时18分
杭州东,绍兴北,D,D3103,0小时19分
杭州东,绍兴北,G,G589,0小时18分
杭州东,绍兴北,G,G7585,0小时19分
杭州东,绍兴东,D,D2287,0小时33分
杭州东,绍兴东,G,G7549,0小时26分
杭州东,绍兴东,D,D3295,0小时33分
杭州东,绍兴东,D,D2281,0小时27分
杭州东,绍兴东,G,G7611,0小时31分
杭州东,绍兴东,G,G7431,0小时32分
杭州东,绍兴东,G,G51,0小时27分
杭州东,绍兴东,D,D2293,0小时28分
杭州东,绍兴东,G,G7669,0小时24分
杭州东,绍兴东,D,D3233,0小时29分
杭州东,绍兴东,D,D3217,0小时35分
杭州东,绍兴东,G,G7485,0小时40分
杭州东,绍兴东,G,G7521,0小时32分
杭州东,绍兴东,G,G7677,0小时24分
杭州东,绍兴东,D,D655,0小时42分
杭州东,绍兴东,G,G7529,0小时32分
杭州东,绍兴东,G,G7659,0小时31分
杭州东,绍兴东,D,D3145,0小时33分
杭州东,绍兴东,D,D3201,0小时33分
杭州东,绍兴东,D,D3291,0小时33分
杭州东,绍兴东,G,G7567,0小时25分
杭州东,绍兴东,G,G7539,0小时27分
杭州东,绍兴东,D,D381,0小时27分
杭州东,绍兴东,D,D3103,0小时33分
杭州东,绍兴东,G,G589,0小时31分
杭州东,绍兴东,G,G7525,0小时25分
杭州东,余姚北,D,D3239,0小时40分
杭州东,余姚北,G,G7543,0小时39分
杭州东,余姚北,D,D3131,0小时40分
杭州东,余姚北,D,D377,0小时40分
杭州东,余姚北,G,G7609,0小时41分
杭州东,余姚北,D,D3295,0小时51分
杭州东,余姚北,G,G7665,0小时40分
杭州东,余姚北,G,G7505,0小时39分
杭州东,余姚北,D,D2281,0小时40分
杭州东,余姚北,D,D2285,0小时40分
杭州东,余姚北,D,D3205,0小时44分
杭州东,余姚北,G,G7507,0小时39分
杭州东,余姚北,G,G7681,0小时39分
杭州东,余姚北,D,D3135,0小时40分
杭州东,余姚北,G,G51,0小时39分
杭州东,余姚北,D,D2283,0小时40分
杭州东,余姚北,G,G1673,0小时45分
杭州东,余姚北,G,G7669,0小时38分
杭州东,余姚北,D,D3141,0小时34分
杭州东,余姚北,D,D3233,0小时49分
杭州东,余姚北,G,G7575,0小时39分
杭州东,余姚北,G,G7517,0小时39分
杭州东,余姚北,D,D3169,0小时40分
杭州东,余姚北,G,G7545,0小时39分
杭州东,余姚北,G,G7519,0小时39分
杭州东,余姚北,G,G7571,0小时44分
杭州东,余姚北,G,G7533,0小时39分
杭州东,余姚北,G,G7677,0小时38分
杭州东,余姚北,D,D655,1小时4分
杭州东,余姚北,G,G7661,0小时40分
杭州东,余姚北,G,G7795,0小时40分
杭州东,余姚北,G,G7535,0小时32分
杭州东,余姚北,G,G7527,0小时35分
杭州东,余姚北,G,G7529,0小时46分
杭州东,余姚北,G,G7659,0小时45分
杭州东,余姚北,D,D3145,0小时46分
杭州东,余姚北,G,G7645,0小时31分
杭州东,余姚北,G,G7599,0小时39分
杭州东,余姚北,G,G7537,0小时40分
杭州东,余姚北,G,G1961,0小时39分
杭州东,余姚北,D,D3291,0小时46分
杭州东,余姚北,G,G581,0小时42分
杭州东,余姚北,D,D3101,0小时40分
杭州东,余姚北,G,G1893,0小时38分
杭州东,余姚北,D,D3103,0小时46分
杭州东,余姚北,G,G589,0小时45分
杭州东,余姚北,G,G7585,0小时39分
杭州东,余姚北,G,G7525,0小时39分
杭州东,余姚北,G,G1963,0小时31分
杭州东,奉化,D,D2287,1小时30分
杭州东,奉化,G,G7503,1小时18分
杭州东,奉化,D,D2293,1小时25分
杭州东,奉化,G,G1673,1小时41分
杭州东,奉化,G,G7485,1小时36分
杭州东,奉化,G,G7533,1小时21分
杭州东,奉化,G,G7541,1小时21分
杭州东,奉化,D,D3295,1小时36分
杭州东,奉化,G,G7581,1小时22分
杭州东,奉化,G,G7645,1小时16分
杭州东,宁海,G,G7501,1小时26分
杭州东,宁海,G,G7543,1小时33分
杭州东,宁海,D,D3131,1小时39分
杭州东,宁海,G,G7503,1小时35分
杭州东,宁海,G,G7609,1小时34分
杭州东,宁海,G,G7665,1小时36分
杭州东,宁海,G,G7431,1小时35分
杭州东,宁海,D,D3107,1小时29分
杭州东,宁海,G,G7681,1小时40分
杭州东,宁海,D,D3135,1小时38分
杭州东,宁海,G,G7511,1小时24分
杭州东,宁海,D,D3141,1小时31分
杭州东,宁海,G,G7571,1小时40分
杭州东,宁海,G,G7485,1小时54分
杭州东,宁海,G,G7677,1小时31分
杭州东,宁海,G,G7661,1小时45分
杭州东,宁海,G,G7527,1小时28分
杭州东,宁海,G,G7659,1小时42分
杭州东,宁海,D,D381,1小时31分
杭州东,宁海,D,D3101,1小时49分
杭州东,宁海,G,G7525,1小时34分
杭州东,三门县,D,D3131,1小时56分
杭州东,三门县,G,G7549,1小时41分
杭州东,三门县,D,D2285,1小时50分
杭州东,三门县,D,D3205,1小时59分
杭州东,三门县,G,G7431,1小时52分
杭州东,三门县,G,G343,1小时34分
杭州东,三门县,D,D2293,1小时53分
杭州东,三门县,G,G7575,1小时47分
杭州东,三门县,D,D3217,1小时56分
杭州东,三门县,D,D3169,1小时48分
杭州东,三门县,G,G7485,2小时11分
杭州东,三门县,G,G7521,1小时44分
杭州东,三门县,G,G7677,1小时48分
杭州东,三门县,G,G7661,2小时2分
杭州东,三门县,G,G7795,1小时46分
杭州东,三门县,G,G7557,1小时59分
杭州东,三门县,G,G7541,1小时49分
杭州东,三门县,D,D3295,2小时4分
杭州东,三门县,G,G1893,1小时46分
杭州东,三门县,G,G589,1小时50分
杭州东,三门县,G,G7585,1小时43分
杭州东,临海,G,G7659,2小时6分
杭州东,临海,G,G7541,2小时2分
杭州东,临海,D,D3145,2小时11分
杭州东,临海,D,D3201,2小时2分
杭州东,临海,G,G7581,1小时57分
杭州东,临海,G,G7645,1小时51分
杭州东,临海,G,G7599,1小时53分
杭州东,临海,G,G7537,1小时56分
杭州东,临海,D,D3291,2小时8分
杭州东,临海,G,G7567,1小时50分
杭州东,临海,G,G7539,1小时45分
杭州东,临海,D,D381,1小时55分
杭州东,临海,D,D3101,2小时13分
杭州东,临海,D,D3103,1小时59分
杭州东,临海,G,G589,2小时3分
杭州东,临海,G,G7585,1小时56分
杭州东,临海,G,G7525,1小时58分
杭州东,台州,D,D3239,2小时4分
杭州东,台州,G,G7543,2小时5分
杭州东,台州,D,D2287,2小时13分
杭州东,台州,G,G7503,2小时7分
杭州东,台州,D,D377,2小时2分
杭州东,台州,G,G7549,2小时2分
杭州东,台州,G,G7609,2小时6分
杭州东,台州,G,G7665,2小时8分
杭州东,台州,D,D2281,2小时5分
杭州东,台州,D,D2285,2小时11分
杭州东,台州,D,D3205,2小时20分
杭州东,台州,G,G7431,2小时13分
杭州东,台州,D,D3107,2小时1分
杭州东,台州,G,G7681,2小时12分
杭州东,台州,G,G343,1小时55分
杭州东,台州,D,D3135,2小时10分
杭州东,台州,D,D2283,2小时4分
杭州东,台州,D,D2293,2小时14分
杭州东,台州,G,G7511,1小时56分
杭州东,台州,G,G1673,2小时24分
杭州东,台州,D,D3141,2小时3分
杭州东,台州,D,D3233,2小时11分
杭州东,台州,G,G7575,2小时15分
杭州东,台州,D,D3217,2小时17分
杭州东,台州,D,D3169,2小时8分
杭州东,台州,G,G7545,2小时12分
杭州东,台州,G,G7571,2小时12分
杭州东,台州,G,G7485,2小时32分
杭州东,台州,G,G7473,3小时35分
杭州东,台州,G,G7521,2小时5分
杭州东,台州,G,G7677,2小时9分
杭州东,台州,G,G7661,2小时23分
杭州东,台州,G,G7795,2小时7分
杭州东,台州,G,G7561,1小时50分
杭州东,台州,D,D941,1小时51分
杭州东,台州,G,G7659,2小时20分
杭州东,台州,G,G7541,2小时16分
杭州东,台州,D,D3145,2小时25分
杭州东,台州,D,D3295,2小时25分
杭州东,台州,G,G7581,2小时11分
杭州东,台州,G,G7599,2小时7分
杭州东,台州,G,G7537,2小时10分
杭州东,台州,G,G7669,1小时55分
杭州东,台州,G,G7567,2小时4分
杭州东,台州,G,G7539,2小时4分
杭州东,台州,D,D3101,2小时27分
杭州东,台州,G,G1893,2小时7分
杭州东,台州,D,D3103,2小时13分
杭州东,台州,G,G589,2小时22分
杭州东,台州,G,G7585,2小时10分
杭州东,台州,G,G7525,2小时12分
杭州东,台州,G,G167,2小时9分
杭州东,温岭,D,D3239,2小时17分
杭州东,温岭,G,G7501,2小时11分
杭州东,温岭,D,D2287,2小时27分
杭州东,温岭,D,D3131,2小时24分
杭州东,温岭,G,G7609,2小时19分
杭州东,温岭,G,G7665,2小时21分
杭州东,温岭,D,D2281,2小时18分
杭州东,温岭,D,D2285,2小时24分
杭州东,温岭,D,D3205,2小时33分
杭州东,温岭,G,G7431,2小时26分
杭州东,温岭,D,D3107,2小时15分
杭州东,温岭,G,G7681,2小时25分
杭州东,温岭,G,G343,2小时8分
杭州东,温岭,D,D2283,2小时17分
杭州东,温岭,D,D2293,2小时27分
杭州东,温岭,G,G7511,2小时9分
杭州东,温岭,G,G7575,2小时28分
杭州东,温岭,D,D3169,2小时21分
杭州东,温岭,G,G7545,2小时25分
杭州东,温岭,G,G7521,2小时18分
杭州东,温岭,G,G7677,2小时22分
杭州东,温岭,G,G7661,2小时38分
杭州东,温岭,G,G7795,2小时22分
杭州东,温岭,G,G7535,1小时56分
杭州东,温岭,D,D3201,2小时23分
杭州东,温岭,G,G7645,2小时13分
杭州东,温岭,D,D3291,2小时29分
杭州东,温岭,G,G7567,2小时17分
杭州东,温岭,G,G7539,2小时17分
杭州东,温岭,D,D381,2小时16分
杭州东,温岭,G,G589,2小时35分
杭州东,温岭,G,G7525,2小时25分
杭州东,温岭,G,G167,2小时22分
杭州东,雁荡山,D,D377,2小时22分
杭州东,雁荡山,G,G7549,2小时22分
杭州东,雁荡山,D,D3135,2小时30分
杭州东,雁荡山,G,G1673,2小时44分
杭州东,雁荡山,G,G7575,2小时41分
杭州东,雁荡山,D,D3217,2小时37分
杭州东,雁荡山,G,G7659,2小时42分
杭州东,雁荡山,G,G7581,2小时31分
杭州东,雁荡山,G,G7645,2小时26分
杭州东,雁荡山,G,G7537,2小时30分
杭州东,雁荡山,G,G1893,2小时27分
杭州东,绅坊,D,D3239,2小时37分
杭州东,绅坊,D,D3131,2小时44分
杭州东,绅坊,D,D2285,2小时44分
杭州东,绅坊,G,G7485,2小时59分
杭州东,绅坊,G,G7669,2小时22分
杭州东,绅坊,G,G7539,2小时43分
杭州东,绅坊,D,D381,2小时36分
杭州东,乐清,G,G7543,2小时38分
杭州东,乐清,D,D377,2小时41分
杭州东,乐清,D,D2281,2小时44分
杭州东,乐清,D,D3205,2小时59分
杭州东,乐清,G,G7431,2小时52分
杭州东,乐清,G,G7681,2小时52分
杭州东,乐清,G,G343,2小时36分
杭州东,乐清,D,D2283,2小时43分
杭州东,乐清,G,G7511,2小时35分
杭州东,乐清,D,D3233,2小时44分
杭州东,乐清,G,G7575,3小时0分
杭州东,乐清,G,G7677,2小时48分
杭州东,乐清,G,G7367,2小时35分
杭州东,乐清,G,G7659,3小时1分
杭州东,乐清,D,D3291,2小时55分
杭州东,乐清,G,G7539,2小时55分
杭州东,乐清,D,D3103,2小时46分
杭州东,乐清,G,G7585,2小时43分
杭州东,乐清,G,G167,2小时48分
杭州东,永嘉,D,D2287,2小时58分
杭州东,永嘉,D,D3107,2小时45分
杭州东,永嘉,D,D3141,2小时41分
杭州东,永嘉,G,G7575,3小时12分
杭州东,永嘉,D,D3217,3小时1分
杭州东,永嘉,D,D3169,2小时53分
杭州东,永嘉,G,G7545,2小时56分
杭州东,永嘉,G,G7571,2小时50分
杭州东,永嘉,D,D3145,3小时3分
杭州东,永嘉,D,D3295,3小时3分
杭州东,永嘉,G,G7581,2小时55分
杭州东,永嘉,G,G7537,2小时54分
杭州东,温州南,D,D3211,2小时14分
杭州东,温州南,G,G7331,2小时23分
杭州东,温州南,G,G7333,2小时30分
杭州东,温州南,D,D3239,3小时0分
杭州东,温州南,G,G7501,2小时48分
杭州东,温州南,G,G7543,2小时57分
杭州东,温州南,D,D2287,3小时10分
杭州东,温州南,G,G7625,2小时25分
杭州东,温州南,D,D3131,3小时7分
杭州东,温州南,G,G7641,2小时15分
杭州东,温州南,D,D377,2小时58分
杭州东,温州南,G,G7549,2小时56分
杭州东,温州南,G,G7609,2小时57分
杭州东,温州南,G,G7665,3小时2分
杭州东,温州南,G,G7467,2小时18分
杭州东,温州南,G,G7325,2小时30分
杭州东,温州南,G,G7349,2小时14分
杭州东,温州南,D,D2281,3小时1分
杭州东,温州南,D,D2285,3小时7分
杭州东,温州南,D,D3205,3小时16分
杭州东,温州南,G,G7627,2小时19分
杭州东,温州南,G,G7431,3小时11分
杭州东,温州南,D,D3107,2小时57分
杭州东,温州南,G,G7681,3小时16分
杭州东,温州南,G,G343,2小时54分
杭州东,温州南,G,G7759,2小时17分
杭州东,温州南,D,D3135,3小时2分
杭州东,温州南,G,G7619,2小时16分
杭州东,温州南,G,G7461,2小时22分
杭州东,温州南,D,D2283,3小时0分
杭州东,温州南,G,G1731,2小时54分
杭州东,温州南,D,D2293,3小时4分
杭州东,温州南,G,G7511,2小时52分
杭州东,温州南,G,G7345,2小时1分
杭州东,温州南,G,G1673,3小时14分
杭州东,温州南,G,G7591,2小时22分
杭州东,温州南,G,G7335,2小时23分
杭州东,温州南,G,G7621,2小时50分
杭州东,温州南,G,G7323,2小时10分
杭州东,温州南,D,D3141,2小时58分
杭州东,温州南,D,D3233,3小时2分
杭州东,温州南,G,G7575,3小时29分
杭州东,温州南,D,D3217,3小时13分
杭州东,温州南,D,D3169,3小时4分
杭州东,温州南,G,G7337,2小时23分
杭州东,温州南,D,D3235,2小时39分
杭州东,温州南,G,G7545,3小时9分
杭州东,温州南,G,G7465,2小时33分
杭州东,温州南,G,G7571,3小时2分
杭州东,温州南,G,G7485,3小时22分
杭州东,温州南,G,G7321,2小时38分
杭州东,温州南,G,G7473,2小时33分
杭州东,温州南,G,G7463,2小时28分
杭州东,温州南,G,G7521,2小时56分
杭州东,温州南,G,G7615,2小时31分
杭州东,温州南,G,G7677,3小时6分
杭州东,温州南,G,G7661,3小时15分
杭州东,温州南,G,G7367,2小时5分
杭州东,温州南,G,G7795,3小时0分
杭州东,温州南,G,G7339,2小时13分
杭州东,温州南,G,G7649,2小时20分
杭州东,温州南,G,G7343,2小时25分
杭州东,温州南,G,G1227,2小时39分
杭州东,温州南,G,G7629,2小时19分
杭州东,温州南,G,G7535,2小时34分
杭州东,温州南,G,G7561,2小时34分
杭州东,温州南,G,G7655,2小时25分
杭州东,温州南,G,G7659,3小时20分
杭州东,温州南,D,D3145,3小时15分
杭州东,温州南,D,D3201,3小时0分
杭州东,温州南,D,D3295,3小时15分
杭州东,温州南,G,G7581,3小时8分
杭州东,温州南,G,G7645,2小时57分
杭州东,温州南,G,G7599,2小时52分
杭州东,温州南,G,G7537,3小时6分
杭州东,温州南,D,D3291,3小时12分
杭州东,温州南,G,G7669,2小时46分
杭州东,温州南,G,G7567,2小时55分
杭州东,温州南,G,G7539,3小时13分
杭州东,温州南,D,D381,2小时58分
杭州东,温州南,D,D3101,3小时12分
杭州东,温州南,G,G1893,3小时0分
杭州东,温州南,D,D3103,3小时4分
杭州东,温州南,G,G589,3小时12分
杭州东,温州南,G,G7585,3小时1分
杭州东,温州南,G,G7525,3小时5分
杭州东,温州南,G,G167,3小时6分
杭州东,瑞安,D,D3239,3小时14分
杭州东,瑞安,G,G7501,3小时3分
杭州东,瑞安,D,D3131,3小时20分
杭州东,瑞安,G,G7467,2小时34分
杭州东,瑞安,D,D2281,3小时14分
杭州东,瑞安,G,G7627,2小时33分
杭州东,瑞安,D,D3135,3小时15分
杭州东,瑞安,G,G1673,3小时27分
杭州东,瑞安,G,G7335,2小时36分
杭州东,瑞安,G,G7323,2小时32分
杭州东,瑞安,G,G7337,2小时39分
杭州东,瑞安,D,D3235,3小时5分
杭州东,瑞安,G,G7321,2小时51分
杭州东,瑞安,G,G7343,2小时38分
杭州东,瑞安,D,D3145,3小时28分
杭州东,瑞安,D,D3201,3小时13分
杭州东,瑞安,G,G7539,3小时36分
杭州东,瑞安,D,D3101,3小时26分
杭州东,平阳,D,D3211,2小时37分
杭州东,平阳,G,G7501,3小时15分
杭州东,平阳,G,G7641,2小时39分
杭州东,平阳,D,D377,3小时16分
杭州东,平阳,G,G7609,3小时22分
杭州东,平阳,D,D2285,3小时26分
杭州东,平阳,D,D3107,3小时16分
杭州东,平阳,D,D2283,3小时19分
杭州东,平阳,G,G7345,2小时23分
杭州东,平阳,G,G7323,2小时44分
杭州东,平阳,D,D3233,3小时21分
杭州东,平阳,D,D3169,3小时24分
杭州东,平阳,G,G7337,2小时56分
杭州东,平阳,D,D3235,3小时16分
杭州东,平阳,G,G7571,3小时35分
杭州东,平阳,G,G7321,3小时13分
杭州东,平阳,G,G7661,3小时36分
杭州东,平阳,D,D3145,3小时40分
杭州东,平阳,D,D3201,3小时25分
杭州东,平阳,D,D3295,3小时34分
杭州东,平阳,G,G7599,3小时12分
杭州东,平阳,G,G7537,3小时26分
杭州东,平阳,D,D3291,3小时31分
杭州东,平阳,G,G7539,3小时48分
杭州东,平阳,D,D3103,3小时26分
杭州东,苍南,G,G7501,3小时29分
杭州东,苍南,G,G7467,2小时52分
杭州东,苍南,D,D2281,3小时32分
杭州东,苍南,D,D3205,3小时41分
杭州东,苍南,G,G7627,2小时53分
杭州东,苍南,D,D3135,3小时33分
杭州东,苍南,D,D2283,3小时32分
杭州东,苍南,G,G7345,2小时42分
杭州东,苍南,G,G1673,3小时46分
杭州东,苍南,G,G7335,2小时55分
杭州东,苍南,D,D3141,3小时24分
杭州东,苍南,G,G7337,3小时15分
杭州东,苍南,D,D3235,3小时39分
杭州东,苍南,G,G7339,2小时50分
杭州东,苍南,G,G1227,3小时8分
杭州东,苍南,D,D3201,3小时38分
杭州东,苍南,G,G7645,3小时25分
杭州东,苍南,D,D3291,3小时43分
杭州东,苍南,G,G7539,4小时1分
杭州东,苍南,D,D381,3小时25分
杭州东,金华,G,G7361,0小时50分
杭州东,金华南,D,D3211,0小时56分
杭州东,金华南,G,G7331,0小时57分
杭州东,金华南,G,G7333,0小时58分
杭州东,金华,G,G1421,0小时57分
杭州东,金华,G,G1651,0小时57分
杭州东,金华,G,G2365,0小时50分
杭州东,金华,G,G1371,0小时50分
杭州东,金华南,G,G7625,0小时52分
杭州东,金华,G,G2189,0小时50分
杭州东,金华,G,G1667,0小时57分
杭州东,金华,G,G1631,0小时49分
杭州东,金华南,G,G7641,0小时57分
杭州东,金华,G,G1505,0小时51分
杭州东,金华,G,G1337,0小时57分
杭州东,金华,G,G1373,0小时44分
杭州东,金华南,G,G7467,0小时51分
杭州东,金华,G,G1661,0小时52分
杭州东,金华,D,D771,1小时39分
杭州东,金华,G,G1503,0小时57分
杭州东,金华,G,G1377,0小时54分
杭州东,金华南,G,G7627,0小时52分
杭州东,金华,G,G7389,0小时50分
杭州东,金华,K,K1185,2小时51分
杭州东,金华,G,G1347,0小时50分
杭州东,金华南,G,G7477,1小时2分
杭州东,金华,G,G1657,0小时44分
杭州东,金华,G,G7691,0小时51分
杭州东,金华,G,G1301,0小时54分
杭州东,金华,G,G61,0小时46分
杭州东,金华,G,G1391,0小时51分
杭州东,金华,G,G1375,0小时57分
杭州东,金华,G,G7695,0小时58分
杭州东,金华南,G,G7461,0小时59分
杭州东,金华,G,G1333,1小时1分
杭州东,金华南,G,G1731,0小时53分
杭州东,金华南,G,G7591,0小时55分
杭州东,金华,G,G1481,0小时44分
杭州东,金华,G,G1633,0小时49分
杭州东,金华,G,G1493,0小时57分
杭州东,金华,G,G1329,0小时50分
杭州东,金华,G,G1355,0小时52分
杭州东,金华,G,G1331,0小时49分
杭州东,金华,G,G1675,0小时52分
杭州东,金华南,G,G7347,0小时53分
杭州东,金华,G,G1495,0小时51分
杭州东,金华,G,G1461,0小时52分
杭州东,金华,G,G1637,0小时50分
杭州东,金华,G,G1359,0小时50分
杭州东,金华南,D,D3235,1小时9分
杭州东,金华,G,G7365,0小时50分
杭州东,金华,G,G1583,0小时52分
杭州东,金华南,G,G7473,1小时5分
杭州东,金华,D,D5485,1小时35分
杭州东,金华,G,G1677,0小时51分
杭州东,金华,G,G1385,0小时51分
杭州东,金华南,G,G7615,0小时52分
杭州东,金华,G,G1455,0小时43分
杭州东,金华,G,G7371,0小时57分
杭州东,金华,G,G1395,0小时52分
杭州东,金华南,G,G7649,0小时55分
杭州东,金华,G,G1689,0小时50分
杭州东,金华南,G,G1227,1小时2分
杭州东,金华,G,G7381,0小时57分
杭州东,金华南,G,G7655,0小时59分
杭州东,金华,G,G7491,0小时57分
杭州东,金华,K,K807,2小时38分
杭州东,金华南,G,G1881,0小时52分
杭州东,金华,G,G45,0小时58分
杭州东,金华,G,G1501,0小时50分
杭州东,金华,G,G1361,0小时50分
杭州东,金华,G,G1365,0小时43分
杭州东,金华,K,K469,2小时21分
杭州东,武义北,G,G7333,1小时11分
杭州东,武义北,G,G7625,1小时5分
杭州东,武义北,G,G7325,1小时11分
杭州东,武义北,G,G7477,1小时15分
杭州东,武义北,G,G7759,1小时4分
杭州东,武义北,G,G7619,1小时6分
杭州东,武义北,G,G1731,1小时7分
杭州东,武义北,G,G7335,1小时11分
杭州东,武义北,G,G7621,1小时19分
杭州东,武义北,D,D3235,1小时22分
杭州东,武义北,G,G7321,1小时14分
杭州东,武义北,G,G7615,1小时6分
杭州东,武义北,G,G1227,1小时15分
杭州东,武义北,G,G7629,1小时0分
杭州东,武义北,G,G7337,0小时59分
杭州东,永康南,D,D3211,1小时16分
杭州东,永康南,G,G7331,1小时18分
杭州东,永康南,G,G7625,1小时19分
杭州东,永康南,G,G7643,1小时27分
杭州东,永康南,G,G7325,1小时25分
杭州东,永康南,G,G7349,1小时9分
杭州东,永康南,G,G7477,1小时29分
杭州东,永康南,G,G7759,1小时17分
杭州东,永康南,G,G1731,1小时44分
杭州东,永康南,G,G7335,1小时25分
杭州东,永康南,G,G7621,1小时35分
杭州东,永康南,G,G7323,1小时3分
杭州东,永康南,D,D3235,1小时36分
杭州东,永康南,G,G7465,1小时28分
杭州东,永康南,G,G7321,1小时28分
杭州东,永康南,G,G7473,1小时26分
杭州东,永康南,G,G7615,1小时20分
杭州东,永康南,G,G7343,1小时14分
杭州东,永康南,G,G1227,1小时29分
杭州东,永康南,G,G7629,1小时14分
杭州东,永康南,G,G7655,1小时20分
杭州东,永康南,G,G7337,1小时12分
杭州东,武义北,G,G7333,1小时11分
杭州东,武义北,G,G7625,1小时5分
杭州东,武义北,G,G7325,1小时11分
杭州东,武义北,G,G7477,1小时15分
杭州东,武义北,G,G7759,1小时4分
杭州东,武义北,G,G7619,1小时6分
杭州东,武义北,G,G1731,1小时7分
杭州东,武义北,G,G7335,1小时11分
杭州东,武义北,G,G7621,1小时19分
杭州东,武义北,D,D3235,1小时22分
杭州东,武义北,G,G7321,1小时14分
杭州东,武义北,G,G7615,1小时6分
杭州东,武义北,G,G1227,1小时15分
杭州东,武义北,G,G7629,1小时0分
杭州东,武义北,G,G7337,0小时59分
杭州东,永康南,D,D3211,1小时16分
杭州东,永康南,G,G7331,1小时18分
杭州东,永康南,G,G7625,1小时19分
杭州东,永康南,G,G7643,1小时27分
杭州东,永康南,G,G7325,1小时25分
杭州东,永康南,G,G7349,1小时9分
杭州东,永康南,G,G7477,1小时29分
杭州东,永康南,G,G7759,1小时17分
杭州东,永康南,G,G1731,1小时44分
杭州东,永康南,G,G7335,1小时25分
杭州东,永康南,G,G7621,1小时35分
杭州东,永康南,G,G7323,1小时3分
杭州东,永康南,D,D3235,1小时36分
杭州东,永康南,G,G7465,1小时28分
杭州东,永康南,G,G7321,1小时28分
杭州东,永康南,G,G7473,1小时26分
杭州东,永康南,G,G7615,1小时20分
杭州东,永康南,G,G7343,1小时14分
杭州东,永康南,G,G1227,1小时29分
杭州东,永康南,G,G7629,1小时14分
杭州东,永康南,G,G7655,1小时20分
杭州东,永康南,G,G7337,1小时12分
杭州东,温州南,D,D3211,2小时14分
杭州东,温州南,G,G7331,2小时23分
杭州东,温州南,G,G7333,2小时30分
杭州东,温州南,D,D3239,3小时0分
杭州东,温州南,G,G7501,2小时48分
杭州东,温州南,G,G7543,2小时57分
杭州东,温州南,D,D2287,3小时10分
杭州东,温州南,G,G7625,2小时25分
杭州东,温州南,D,D3131,3小时7分
杭州东,温州南,G,G7641,2小时15分
杭州东,温州南,D,D377,2小时58分
杭州东,温州南,G,G7549,2小时56分
杭州东,温州南,G,G7609,2小时57分
杭州东,温州南,G,G7665,3小时2分
杭州东,温州南,G,G7467,2小时18分
杭州东,温州南,G,G7325,2小时30分
杭州东,温州南,G,G7349,2小时14分
杭州东,温州南,D,D2281,3小时1分
杭州东,温州南,D,D2285,3小时7分
杭州东,温州南,D,D3205,3小时16分
杭州东,温州南,G,G7627,2小时19分
杭州东,温州南,G,G7431,3小时11分
杭州东,温州南,D,D3107,2小时57分
杭州东,温州南,G,G7681,3小时16分
杭州东,温州南,G,G343,2小时54分
杭州东,温州南,G,G7759,2小时17分
杭州东,温州南,D,D3135,3小时2分
杭州东,温州南,G,G7619,2小时16分
杭州东,温州南,G,G7461,2小时22分
杭州东,温州南,D,D2283,3小时0分
杭州东,温州南,G,G1731,2小时54分
杭州东,温州南,D,D2293,3小时4分
杭州东,温州南,G,G7511,2小时52分
杭州东,温州南,G,G7345,2小时1分
杭州东,温州南,G,G1673,3小时14分
杭州东,温州南,G,G7591,2小时22分
杭州东,温州南,G,G7335,2小时23分
杭州东,温州南,G,G7621,2小时50分
杭州东,温州南,G,G7323,2小时10分
杭州东,温州南,D,D3141,2小时58分
杭州东,温州南,D,D3233,3小时2分
杭州东,温州南,G,G7575,3小时29分
杭州东,温州南,D,D3217,3小时13分
杭州东,温州南,D,D3169,3小时4分
杭州东,温州南,G,G7337,2小时23分
杭州东,温州南,D,D3235,2小时39分
杭州东,温州南,G,G7545,3小时9分
杭州东,温州南,G,G7465,2小时33分
杭州东,温州南,G,G7571,3小时2分
杭州东,温州南,G,G7485,3小时22分
杭州东,温州南,G,G7321,2小时38分
杭州东,温州南,G,G7473,2小时33分
杭州东,温州南,G,G7463,2小时28分
杭州东,温州南,G,G7521,2小时56分
杭州东,温州南,G,G7615,2小时31分
杭州东,温州南,G,G7677,3小时6分
杭州东,温州南,G,G7661,3小时15分
杭州东,温州南,G,G7367,2小时5分
杭州东,温州南,G,G7795,3小时0分
杭州东,温州南,G,G7339,2小时13分
杭州东,温州南,G,G7649,2小时20分
杭州东,温州南,G,G7343,2小时25分
杭州东,温州南,G,G1227,2小时39分
杭州东,温州南,G,G7629,2小时19分
杭州东,温州南,G,G7535,2小时34分
杭州东,温州南,G,G7561,2小时34分
杭州东,温州南,G,G7655,2小时25分
杭州东,温州南,G,G7659,3小时20分
杭州东,温州南,D,D3145,3小时15分
杭州东,温州南,D,D3201,3小时0分
杭州东,温州南,D,D3295,3小时15分
杭州东,温州南,G,G7581,3小时8分
杭州东,温州南,G,G7645,2小时57分
杭州东,温州南,G,G7599,2小时52分
杭州东,温州南,G,G7537,3小时6分
杭州东,温州南,D,D3291,3小时12分
杭州东,温州南,G,G7669,2小时46分
杭州东,温州南,G,G7567,2小时55分
杭州东,温州南,G,G7539,3小时13分
杭州东,温州南,D,D381,2小时58分
杭州东,温州南,D,D3101,3小时12分
杭州东,温州南,G,G1893,3小时0分
杭州东,温州南,D,D3103,3小时4分
杭州东,温州南,G,G589,3小时12分
杭州东,温州南,G,G7585,3小时1分
杭州东,温州南,G,G7525,3小时5分
杭州东,温州南,G,G167,3小时6分
杭州东,富阳,G,G2389,0小时22分
杭州东,富阳,G,G2385,0小时28分
杭州东,富阳,D,D5577,0小时23分
杭州东,富阳,G,G7317,0小时21分
杭州东,富阳,G,G7455,0小时22分
杭州东,富阳,G,G7791,0小时21分
杭州东,富阳,G,G7453,0小时23分
杭州东,富阳,G,G7193,0小时21分
杭州东,富阳,G,G7315,0小时22分
杭州东,富阳,G,G31,0小时22分
杭州东,富阳,D,D5579,0小时21分
杭州东,富阳,D,D3397,0小时22分
杭州东,富阳,G,G2381,0小时22分
杭州东,富阳,G,G7303,0小时21分
杭州东,富阳,G,G7579,0小时22分
杭州东,富阳,G,G7307,0小时21分
杭州东,桐庐,G,G2389,0小时38分
杭州东,桐庐,G,G2385,0小时44分
杭州东,桐庐,D,D5577,0小时39分
杭州东,桐庐,G,G7317,0小时37分
杭州东,桐庐,G,G1603,0小时32分
杭州东,桐庐,G,G7455,0小时38分
杭州东,桐庐,G,G7791,0小时37分
杭州东,桐庐,G,G7453,0小时39分
杭州东,桐庐,G,G7193,0小时37分
杭州东,桐庐,G,G7315,0小时38分
杭州东,桐庐,G,G31,0小时38分
杭州东,桐庐,D,D5579,0小时37分
杭州东,桐庐,D,D3397,0小时38分
杭州东,桐庐,G,G2381,0小时38分
杭州东,桐庐,G,G7303,0小时37分
杭州东,桐庐,G,G7451,0小时32分
杭州东,桐庐,G,G7579,0小时38分
杭州东,桐庐,D,D5585,0小时32分
杭州东,桐庐,D,D3323,0小时31分
杭州东,桐庐,D,D5589,0小时32分
杭州东,桐庐,G,G2395,0小时38分
杭州东,建德,G,G2389,0小时54分
杭州东,建德,G,G2385,1小时0分
杭州东,建德,D,D5577,0小时55分
杭州东,建德,G,G1509,0小时41分
杭州东,建德,G,G7317,0小时53分
杭州东,建德,G,G7313,0小时41分
杭州东,建德,G,G7455,1小时3分
杭州东,建德,G,G7319,0小时42分
杭州东,建德,G,G7311,0小时41分
杭州东,建德,G,G7791,0小时53分
杭州东,建德,D,D5581,0小时42分
杭州东,建德,G,G7453,0小时55分
杭州东,建德,G,G7193,0小时53分
杭州东,建德,G,G7315,0小时55分
杭州东,建德,G,G31,0小时54分
杭州东,建德,D,D3397,0小时54分
杭州东,建德,G,G7303,0小时53分
杭州东,建德,G,G7451,0小时48分
杭州东,建德,G,G7579,0小时54分
杭州东,建德,G,G7307,0小时47分
杭州东,建德,D,D5585,0小时48分
杭州东,建德,D,D3323,0小时47分
杭州东,建德,G,G2395,0小时54分
杭州东,千岛湖,G,G2185,0小时49分
杭州东,千岛湖,G,G2389,1小时7分
杭州东,千岛湖,G,G2385,1小时13分
杭州东,千岛湖,D,D5577,1小时8分
杭州东,千岛湖,G,G1509,0小时54分
杭州东,千岛湖,G,G7317,1小时6分
杭州东,千岛湖,G,G1603,0小时55分
杭州东,千岛湖,G,G7455,1小时17分
杭州东,千岛湖,G,G7319,0小时55分
杭州东,千岛湖,G,G7311,0小时54分
杭州东,千岛湖,G,G7791,1小时6分
杭州东,千岛湖,D,D5581,0小时55分
杭州东,千岛湖,G,G7453,1小时9分
杭州东,千岛湖,G,G7193,1小时6分
杭州东,千岛湖,G,G7315,1小时9分
杭州东,千岛湖,G,G31,1小时8分
杭州东,千岛湖,D,D5579,1小时0分
杭州东,千岛湖,D,D3397,1小时7分
杭州东,千岛湖,G,G2381,1小时2分
杭州东,千岛湖,G,G7303,1小时6分
杭州东,千岛湖,G,G7451,1小时1分
杭州东,千岛湖,G,G7579,1小时7分
杭州东,千岛湖,G,G7307,1小时0分
杭州东,千岛湖,D,D5585,1小时1分
杭州东,千岛湖,D,D3323,1小时0分
杭州东,千岛湖,D,D5589,0小时55分
杭州东,千岛湖,G,G7553,0小时49分
杭州东,千岛湖,G,G2395,1小时7分
杭州东,绩溪北,G,G2385,1小时39分
杭州东,绩溪北,G,G1603,1小时21分
杭州东,绩溪北,G,G7311,1小时20分
杭州东,绩溪北,G,G7791,1小时32分
杭州东,绩溪北,G,G7315,1小时41分
杭州东,绩溪北,D,D5579,1小时26分
杭州东,绩溪北,D,D3397,1小时33分
杭州东,绩溪北,G,G2381,1小时28分
杭州东,绩溪北,G,G7303,1小时32分
杭州东,绩溪北,G,G7451,1小时27分
杭州东,绩溪北,G,G7579,1小时33分
杭州东,绩溪北,G,G7307,1小时26分
杭州东,绩溪北,D,D5585,1小时27分
杭州东,绩溪北,D,D3323,1小时26分
杭州东,全椒,G,G7478,1小时36分
杭州东,全椒,G,G7674,1小时56分
杭州东,全椒,G,G7576,3小时34分
杭州东,合肥南,G,G2806,2小时14分
杭州东,合肥南,G,G1882,2小时14分
杭州东,合肥南,G,G7724,2小时40分
杭州东,合肥,G,G7372,4小时15分
杭州东,合肥南,G,G594,2小时26分
杭州东,合肥南,D,D656,2小时52分
杭州东,合肥南,D,D2262,2小时48分
杭州东,合肥南,G,G42,2小时13分
杭州东,合肥南,G,G1964,2小时21分
杭州东,合肥南,G,G7654,2小时22分
杭州东,合肥,G,G7572,4小时15分
杭州东,合肥南,G,G7564,2小时26分
杭州东,合肥,G,G7796,2小时30分
杭州东,合肥南,G,G7670,2小时29分
杭州东,合肥南,G,G1894,2小时21分
杭州东,合肥南,G,G7486,2小时8分
杭州东,合肥南,G,G7440,2小时20分
杭州东,合肥南,G,G7616,2小时40分
杭州东,合肥,G,G7756,2小时32分
杭州东,合肥南,G,G7678,2小时12分
杭州东,合肥南,G,G3160,2小时15分
杭州东,合肥,G,G2808,2小时21分
杭州东,合肥南,G,G7708,2小时8分
杭州东,合肥南,G,G1790,2小时31分
杭州东,合肥南,G,G7692,2小时22分
杭州东,合肥南,G,G1962,2小时23分
杭州东,合肥,G,G7478,2小时14分
杭州东,合肥南,G,G3196,2小时31分
杭州东,合肥南,G,G7376,3小时52分
杭州东,合肥南,G,G582,2小时21分
杭州东,合肥南,G,G7760,2小时8分
杭州东,合肥,G,G7652,2小时17分
杭州东,合肥南,G,G7456,2小时19分
杭州东,合肥南,G,G7464,2小时15分
杭州东,合肥南,G,G7646,2小时18分
杭州东,合肥,G,G7752,2小时32分
杭州东,合肥南,G,G7426,2小时28分
杭州东,合肥,G,G7682,2小时12分
杭州东,合肥南,G,G7432,4小时8分
杭州东,合肥南,G,G7596,3小时21分
杭州东,合肥南,G,G7538,2小时16分
杭州东,合肥南,G,G1874,2小时21分
杭州东,合肥南,G,G7674,2小时30分
杭州东,合肥南,G,G7576,4小时18分
杭州东,合肥南,G,G7662,2小时39分
杭州东,合肥南,G,G2395,3小时56分
杭州东,合肥南,G,G3114,2小时14分
杭州东,合肥,G,G3106,2小时34分
杭州东,合肥,G,G7686,2小时30分
杭州东,合肥南,G,G2806,2小时14分
杭州东,合肥南,G,G1882,2小时14分
杭州东,合肥南,G,G7724,2小时40分
杭州东,合肥,G,G7372,4小时15分
杭州东,合肥南,G,G594,2小时26分
杭州东,合肥南,D,D656,2小时52分
杭州东,合肥南,D,D2262,2小时48分
杭州东,合肥南,G,G42,2小时13分
杭州东,合肥南,G,G1964,2小时21分
杭州东,合肥南,G,G7654,2小时22分
杭州东,合肥,G,G7572,4小时15分
杭州东,合肥南,G,G7564,2小时26分
杭州东,合肥,G,G7796,2小时30分
杭州东,合肥南,G,G7670,2小时29分
杭州东,合肥南,G,G1894,2小时21分
杭州东,合肥南,G,G7486,2小时8分
杭州东,合肥南,G,G7440,2小时20分
杭州东,合肥南,G,G7616,2小时40分
杭州东,合肥,G,G7756,2小时32分
杭州东,合肥南,G,G7678,2小时12分
杭州东,合肥南,G,G3160,2小时15分
杭州东,合肥,G,G2808,2小时21分
杭州东,合肥南,G,G7708,2小时8分
杭州东,合肥南,G,G1790,2小时31分
杭州东,合肥南,G,G7692,2小时22分
杭州东,合肥南,G,G1962,2小时23分
杭州东,合肥,G,G7478,2小时14分
杭州东,合肥南,G,G3196,2小时31分
杭州东,合肥南,G,G7376,3小时52分
杭州东,合肥南,G,G582,2小时21分
杭州东,合肥南,G,G7760,2小时8分
杭州东,合肥,G,G7652,2小时17分
杭州东,合肥南,G,G7456,2小时19分
杭州东,合肥南,G,G7464,2小时15分
杭州东,合肥南,G,G7646,2小时18分
杭州东,合肥,G,G7752,2小时32分
杭州东,合肥南,G,G7426,2小时28分
杭州东,合肥,G,G7682,2小时12分
杭州东,合肥南,G,G7432,4小时8分
杭州东,合肥南,G,G7596,3小时21分
杭州东,合肥南,G,G7538,2小时16分
杭州东,合肥南,G,G1874,2小时21分
杭州东,合肥南,G,G7674,2小时30分
杭州东,合肥南,G,G7576,4小时18分
杭州东,合肥南,G,G7662,2小时39分
杭州东,合肥南,G,G2395,3小时56分
杭州东,合肥南,G,G3114,2小时14分
杭州东,合肥,G,G3106,2小时34分
杭州东,合肥,G,G7686,2小时30分
杭州东,江宁西,G,G7592,3小时55分
杭州东,马鞍山东,G,G7492,3小时42分
杭州东,马鞍山东,G,G7592,4小时6分
杭州东,当涂东,G,G7492,3小时53分
杭州东,芜湖,G,G2806,1小时26分
杭州东,芜湖,G,G7492,4小时8分
杭州东,芜湖,G,G1882,1小时26分
杭州东,芜湖,G,G7724,1小时45分
杭州东,芜湖,D,D656,1小时55分
杭州东,芜湖,D,D2262,1小时31分
杭州东,芜湖,G,G42,1小时26分
杭州东,芜湖,G,G1964,1小时33分
杭州东,芜湖,G,G7654,1小时27分
杭州东,芜湖,G,G7564,1小时33分
杭州东,芜湖,G,G7670,1小时28分
杭州东,芜湖,G,G1894,1小时33分
杭州东,芜湖,G,G7440,1小时32分
杭州东,芜湖南,G,G7402,1小时26分
杭州东,芜湖,G,G3160,1小时27分
杭州东,芜湖,G,G7708,1小时20分
杭州东,芜湖,G,G1790,1小时43分
杭州东,芜湖,G,G7692,1小时27分
杭州东,芜湖,G,G7592,4小时26分
杭州东,芜湖,G,G1962,1小时33分
杭州东,芜湖,G,G3196,1小时43分
杭州东,芜湖,G,G582,1小时33分
杭州东,芜湖,G,G7760,1小时21分
杭州东,芜湖,G,G7464,1小时27分
杭州东,芜湖南,G,G7406,1小时33分
杭州东,芜湖,G,G7646,1小时30分
杭州东,芜湖,G,G7426,1小时40分
杭州东,芜湖,G,G7538,1小时26分
杭州东,芜湖,G,G7442,1小时27分
杭州东,芜湖,G,G1874,1小时33分
杭州东,芜湖,G,G3114,1小时25分
杭州东,芜湖,G,G1392,1小时41分
杭州东,芜湖,G,G2806,1小时26分
杭州东,芜湖,G,G7492,4小时8分
杭州东,芜湖,G,G1882,1小时26分
杭州东,芜湖南,G,G7724,1小时32分
杭州东,芜湖,D,D656,1小时55分
杭州东,芜湖,D,D2262,1小时31分
杭州东,芜湖,G,G42,1小时26分
杭州东,芜湖,G,G1964,1小时33分
杭州东,芜湖,G,G7654,1小时27分
杭州东,芜湖,G,G7564,1小时33分
杭州东,芜湖,G,G7670,1小时28分
杭州东,芜湖,G,G1894,1小时33分
杭州东,芜湖,G,G7440,1小时32分
杭州东,芜湖南,G,G7402,1小时26分
杭州东,芜湖,G,G3160,1小时27分
杭州东,芜湖,G,G7708,1小时20分
杭州东,芜湖,G,G1790,1小时43分
杭州东,芜湖,G,G7692,1小时27分
杭州东,芜湖,G,G7592,4小时26分
杭州东,芜湖,G,G1962,1小时33分
杭州东,芜湖,G,G3196,1小时43分
杭州东,芜湖,G,G582,1小时33分
杭州东,芜湖,G,G7760,1小时21分
杭州东,芜湖,G,G7464,1小时27分
杭州东,芜湖南,G,G7406,1小时33分
杭州东,芜湖,G,G7646,1小时30分
杭州东,芜湖,G,G7426,1小时40分
杭州东,芜湖,G,G7538,1小时26分
杭州东,芜湖,G,G7442,1小时27分
杭州东,芜湖,G,G1874,1小时33分
杭州东,芜湖,G,G3114,1小时25分
杭州东,芜湖,G,G1392,1小时41分
杭州东,繁昌西,G,G7492,4小时30分
杭州东,繁昌西,G,G7402,2小时2分
杭州东,繁昌西,G,G7592,4小时50分
杭州东,繁昌西,G,G7406,2小时1分
杭州东,铜陵,G,G7492,4小时48分
杭州东,铜陵,G,G7402,2小时20分
杭州东,铜陵,G,G7592,5小时8分
杭州东,铜陵,G,G7406,2小时19分
杭州东,铜陵北,G,G2395,3小时10分
杭州东,池州,G,G7492,5小时10分
杭州东,池州,G,G7402,2小时42分
杭州东,池州,G,G7592,5小时30分
杭州东,池州,G,G7406,2小时41分
杭州东,安庆,G,G7492,5小时31分
杭州东,安庆,G,G7402,3小时4分
杭州东,安庆,G,G7592,5小时50分
杭州东,安庆,G,G7406,3小时2分
杭州东,巢湖东,G,G2806,1小时50分
杭州东,巢湖东,G,G1882,1小时50分
杭州东,巢湖东,G,G7724,2小时16分
杭州东,巢湖东,D,D656,2小时17分
杭州东,巢湖东,D,D2262,2小时7分
杭州东,巢湖东,G,G42,1小时50分
杭州东,巢湖东,G,G1964,1小时57分
杭州东,巢湖东,G,G7654,1小时51分
杭州东,巢湖东,G,G7670,1小时50分
杭州东,巢湖东,G,G1894,1小时57分
杭州东,巢湖东,G,G7440,1小时56分
杭州东,巢湖东,G,G3160,1小时51分
杭州东,巢湖东,G,G7708,1小时44分
杭州东,巢湖东,G,G7692,1小时58分
杭州东,巢湖东,G,G1962,1小时58分
杭州东,巢湖东,G,G3196,2小时7分
杭州东,巢湖东,G,G7464,1小时51分
杭州东,巢湖东,G,G7646,1小时53分
杭州东,巢湖东,G,G7426,2小时4分
杭州东,巢湖东,G,G7538,1小时51分
杭州东,巢湖东,G,G1874,1小时57分
杭州东,巢湖东,G,G2395,3小时32分
杭州东,巢湖东,G,G3114,1小时50分
杭州东,铜陵,G,G7492,4小时48分
杭州东,铜陵,G,G7402,2小时20分
杭州东,铜陵,G,G7592,5小时8分
杭州东,铜陵,G,G7406,2小时19分
杭州东,铜陵北,G,G2395,3小时10分
杭州东,南陵,G,G2395,2小时56分
杭州东,泾县,G,G2395,2小时44分
杭州东,旌德,G,G2395,2小时28分
杭州东,合肥南,G,G2806,2小时14分
杭州东,合肥南,G,G1882,2小时14分
杭州东,合肥南,G,G7724,2小时40分
杭州东,合肥,G,G7372,4小时15分
杭州东,合肥南,G,G594,2小时26分
杭州东,合肥南,D,D656,2小时52分
杭州东,合肥南,D,D2262,2小时48分
杭州东,合肥南,G,G42,2小时13分
杭州东,合肥南,G,G1964,2小时21分
杭州东,合肥南,G,G7654,2小时22分
杭州东,合肥,G,G7572,4小时15分
杭州东,合肥南,G,G7564,2小时26分
杭州东,合肥,G,G7796,2小时30分
杭州东,合肥南,G,G7670,2小时29分
杭州东,合肥南,G,G1894,2小时21分
杭州东,合肥南,G,G7486,2小时8分
杭州东,合肥南,G,G7440,2小时20分
杭州东,合肥南,G,G7616,2小时40分
杭州东,合肥,G,G7756,2小时32分
杭州东,合肥南,G,G7678,2小时12分
杭州东,合肥南,G,G3160,2小时15分
杭州东,合肥,G,G2808,2小时21分
杭州东,合肥南,G,G7708,2小时8分
杭州东,合肥南,G,G1790,2小时31分
杭州东,合肥南,G,G7692,2小时22分
杭州东,合肥南,G,G1962,2小时23分
杭州东,合肥北城,G,G7478,2小时30分
杭州东,合肥南,G,G3196,2小时31分
杭州东,合肥南,G,G7376,3小时52分
杭州东,合肥南,G,G582,2小时21分
杭州东,合肥南,G,G7760,2小时8分
杭州东,合肥,G,G7652,2小时17分
杭州东,合肥南,G,G7456,2小时19分
杭州东,合肥南,G,G7464,2小时15分
杭州东,合肥南,G,G7646,2小时18分
杭州东,合肥,G,G7752,2小时32分
杭州东,合肥南,G,G7426,2小时28分
杭州东,合肥,G,G7682,2小时12分
杭州东,合肥南,G,G7432,4小时8分
杭州东,合肥南,G,G7596,3小时21分
杭州东,合肥南,G,G7538,2小时16分
杭州东,合肥南,G,G1874,2小时21分
杭州东,合肥南,G,G7674,2小时30分
杭州东,合肥南,G,G7576,4小时18分
杭州东,合肥南,G,G7662,2小时39分
杭州东,合肥南,G,G2395,3小时56分
杭州东,合肥南,G,G3114,2小时14分
杭州东,合肥,G,G3106,2小时34分
杭州东,合肥,G,G7686,2小时30分
杭州东,水家湖,G,G7572,4小时46分
杭州东,肥东,D,D656,2小时38分
杭州东,肥东,D,D2262,2小时34分
杭州东,肥东,G,G7564,2小时13分
杭州东,肥东,G,G7670,2小时16分
杭州东,肥东,G,G7616,2小时21分
杭州东,肥东,G,G1790,2小时17分
杭州东,肥东,G,G582,2小时7分
杭州东,肥东,G,G7760,1小时55分
杭州东,肥东,G,G7662,2小时19分
杭州东,肥东,G,G3106,2小时17分
杭州东,含山南,G,G7724,2小时2分
杭州东,含山南,G,G7564,1小时50分
杭州东,芜湖北,D,D2262,1小时42分
杭州东,芜湖北,G,G7692,1小时39分
杭州东,芜湖,G,G2806,1小时26分
杭州东,芜湖,G,G7492,4小时8分
杭州东,芜湖,G,G1882,1小时26分
杭州东,芜湖南,G,G7724,1小时32分
杭州东,芜湖,D,D656,1小时55分
杭州东,芜湖,D,D2262,1小时31分
杭州东,芜湖,G,G42,1小时26分
杭州东,芜湖,G,G1964,1小时33分
杭州东,芜湖,G,G7654,1小时27分
杭州东,芜湖,G,G7564,1小时33分
杭州东,芜湖,G,G7670,1小时28分
杭州东,芜湖,G,G1894,1小时33分
杭州东,芜湖,G,G7440,1小时32分
杭州东,芜湖南,G,G7402,1小时26分
杭州东,芜湖,G,G3160,1小时27分
杭州东,芜湖,G,G7708,1小时20分
杭州东,芜湖,G,G1790,1小时43分
杭州东,芜湖,G,G7692,1小时27分
杭州东,芜湖,G,G7592,4小时26分
杭州东,芜湖,G,G1962,1小时33分
杭州东,芜湖,G,G3196,1小时43分
杭州东,芜湖,G,G582,1小时33分
杭州东,芜湖,G,G7760,1小时21分
杭州东,芜湖,G,G7464,1小时27分
杭州东,芜湖南,G,G7406,1小时33分
杭州东,芜湖,G,G7646,1小时30分
杭州东,芜湖,G,G7426,1小时40分
杭州东,芜湖,G,G7538,1小时26分
杭州东,芜湖,G,G7442,1小时27分
杭州东,芜湖,G,G1874,1小时33分
杭州东,芜湖,G,G3114,1小时25分
杭州东,芜湖,G,G1392,1小时41分
杭州东,湾沚南,G,G7724,1小时18分
杭州东,湾沚南,G,G7564,1小时12分
杭州东,湾沚南,G,G1790,1小时22分
杭州东,湾沚南,G,G3196,1小时22分
杭州东,湾沚南,G,G7646,1小时8分
杭州东,湾沚南,G,G3114,1小时4分
杭州东,宣城,G,G2806,0小时57分
杭州东,宣城,G,G1882,0小时57分
杭州东,宣城,D,D656,1小时25分
杭州东,宣城,D,D2262,1小时2分
杭州东,宣城,G,G42,0小时57分
杭州东,宣城,G,G1964,1小时4分
杭州东,宣城,G,G7654,0小时58分
杭州东,宣城,G,G7564,0小时58分
杭州东,宣城,G,G7670,0小时59分
杭州东,宣城,G,G1894,1小时4分
杭州东,宣城,G,G7440,1小时3分
杭州东,宣城,G,G7402,1小时4分
杭州东,宣城,G,G3160,0小时58分
杭州东,宣城,G,G7708,0小时51分
杭州东,宣城,G,G1790,1小时8分
杭州东,宣城,G,G7692,0小时58分
杭州东,宣城,G,G3196,1小时8分
杭州东,宣城,G,G582,1小时4分
杭州东,宣城,G,G7760,0小时52分
杭州东,宣城,G,G7464,0小时58分
杭州东,宣城,G,G7406,1小时8分
杭州东,宣城,G,G7646,0小时53分
杭州东,宣城,G,G7426,1小时11分
杭州东,宣城,G,G7538,0小时57分
杭州东,宣城,G,G7442,0小时57分
杭州东,宣城,G,G1874,1小时4分
杭州东,宣城,G,G3114,0小时50分
杭州东,宣城,G,G1392,1小时11分
杭州东,郎溪南,G,G7724,0小时56分
杭州东,郎溪南,G,G7654,0小时43分
杭州东,郎溪南,G,G7440,0小时49分
杭州东,广德南,G,G7724,0小时43分
杭州东,广德南,D,D656,1小时3分
杭州东,广德南,G,G1894,0小时43分
杭州东,广德南,G,G3160,0小时37分
杭州东,广德南,G,G1962,0小时50分
杭州东,广德南,G,G3196,0小时47分
杭州东,广德南,G,G7406,0小时47分
杭州东,广德南,G,G7426,0小时50分
杭州东,广德南,G,G1392,0小时50分
杭州东,安吉,G,G2806,0小时32分
杭州东,安吉,G,G1882,0小时32分
杭州东,安吉,D,D656,0小时52分
杭州东,安吉,D,D2262,0小时35分
杭州东,安吉,G,G42,0小时32分
杭州东,安吉,G,G1964,0小时39分
杭州东,安吉,G,G7564,0小时33分
杭州东,安吉,G,G7670,0小时33分
杭州东,安吉,G,G7440,0小时32分
杭州东,安吉,G,G7402,0小时39分
杭州东,安吉,G,G1790,0小时39分
杭州东,安吉,G,G1962,0小时39分
杭州东,安吉,G,G3196,0小时32分
杭州东,安吉,G,G582,0小时39分
杭州东,安吉,G,G7464,0小时33分
杭州东,安吉,G,G7426,0小时39分
杭州东,安吉,G,G1874,0小时39分
杭州东,安吉,G,G1392,0小时39分
杭州东,德清,D,D656,0小时13分
杭州东,德清,G,G36,0小时13分
杭州东,德清,G,G1964,0小时13分
杭州东,德清,G,G7796,0小时13分
杭州东,德清,G,G7604,0小时13分
杭州东,德清,G,G7486,0小时13分
杭州东,德清,G,G7756,0小时13分
杭州东,德清,G,G7454,0小时13分
杭州东,德清,G,G7692,0小时13分
杭州东,德清,G,G7610,0小时13分
杭州东,德清,G,G2336,0小时13分
杭州东,德清,G,G1874,0小时13分
杭州东,德清,G,G3106,0小时13分
杭州东,德清,G,G7582,0小时13分
杭州东,德清,G,G7630,0小时13分
杭州东,长兴,G,G2668,0小时32分
杭州东,长兴,G,G594,0小时32分
杭州东,长兴,G,G7452,0小时32分
杭州东,长兴,G,G7650,0小时32分
杭州东,长兴,G,G7796,0小时37分
杭州东,长兴,G,G7616,0小时32分
杭州东,长兴,G,G1676,0小时32分
杭州东,长兴,G,G7454,0小时32分
杭州东,长兴,G,G52,0小时32分
杭州东,长兴,D,D3296,0小时33分
杭州东,长兴,G,G62,0小时32分
杭州东,长兴,G,G7610,0小时32分
杭州东,长兴,G,G7642,0小时32分
杭州东,长兴,G,G7666,0小时32分
杭州东,长兴,G,G1504,0小时32分
杭州东,长兴,D,D3240,0小时34分
杭州东,长兴,G,G7568,0小时25分
杭州东,长兴,G,G1668,0小时32分
杭州东,马鞍山东,G,G7492,3小时42分
杭州东,马鞍山东,G,G7592,4小时6分
杭州东,巢湖东,G,G2806,1小时50分
杭州东,巢湖东,G,G1882,1小时50分
杭州东,巢湖东,G,G7724,2小时16分
杭州东,巢湖东,D,D656,2小时17分
杭州东,巢湖东,D,D2262,2小时7分
杭州东,巢湖东,G,G42,1小时50分
杭州东,巢湖东,G,G1964,1小时57分
杭州东,巢湖东,G,G7654,1小时51分
杭州东,巢湖东,G,G7670,1小时50分
杭州东,巢湖东,G,G1894,1小时57分
杭州东,巢湖东,G,G7440,1小时56分
杭州东,巢湖东,G,G3160,1小时51分
杭州东,巢湖东,G,G7708,1小时44分
杭州东,巢湖东,G,G7692,1小时58分
杭州东,巢湖东,G,G1962,1小时58分
杭州东,巢湖东,G,G3196,2小时7分
杭州东,巢湖东,G,G7464,1小时51分
杭州东,巢湖东,G,G7646,1小时53分
杭州东,巢湖东,G,G7426,2小时4分
杭州东,巢湖东,G,G7538,1小时51分
杭州东,巢湖东,G,G1874,1小时57分
杭州东,巢湖东,G,G2395,3小时32分
杭州东,巢湖东,G,G3114,1小时50分
