杭州,上海南,K,K1128,2小时17分
杭州,上海虹桥,G,G7358,0小时58分
杭州,上海虹桥,G,G7356,1小时9分
杭州,上海虹桥,G,G7392,1小时22分
杭州,上海南,K,K1806,2小时25分
杭州,上海南,K,K48,2小时36分
杭州,上海南,Z,Z282,1小时50分
杭州,上海南,K,K8352,2小时6分
杭州,上海虹桥,G,G7632,1小时1分
杭州,上海虹桥,D,D782,1小时43分
杭州,上海虹桥,G,G7360,1小时1分
杭州,上海虹桥,G,G7396,0小时59分
杭州,昆山,T,T112,2小时20分
杭州,昆山,Z,Z176,2小时24分
杭州,昆山,K,K48,3小时49分
杭州,昆山,K,K8352,3小时23分
杭州,苏州,T,T112,2小时45分
杭州,苏州,K,K1806,3小时59分
杭州,苏州,Z,Z176,2小时49分
杭州,苏州,K,K48,4小时16分
杭州,苏州,Z,Z86,2小时29分
杭州,苏州,Z,Z282,3小时21分
杭州,苏州,K,K8352,3小时51分
杭州,苏州,D,D782,2小时40分
杭州,无锡,T,T112,3小时15分
杭州,无锡,K,K1806,4小时44分
杭州,无锡,Z,Z176,3小时23分
杭州,无锡,K,K48,4小时47分
杭州,无锡,Z,Z86,2小时54分
杭州,无锡,Z,Z282,3小时48分
杭州,无锡,K,K8352,5小时11分
杭州,无锡,D,D782,3小时4分
杭州,常州,T,T112,3小时41分
杭州,常州,K,K1806,5小时14分
杭州,常州,Z,Z176,3小时47分
杭州,常州,K,K48,5小时17分
杭州,常州,Z,Z282,4小时13分
杭州,常州,K,K8352,5小时42分
杭州,常州,D,D782,3小时26分
杭州,丹阳,K,K1806,5小时44分
杭州,丹阳,Z,Z176,4小时11分
杭州,丹阳,K,K48,5小时50分
杭州,镇江,K,K48,6小时13分
杭州,镇江,Z,Z282,4小时51分
杭州,南京南,G,G3110,1小时30分
杭州,南京南,G,G7398,1小时44分
杭州,南京,T,T112,5小时9分
杭州,南京,K,K1806,6小时50分
杭州,南京,Z,Z176,5小时6分
杭州,南京,K,K48,7小时2分
杭州,南京南,D,D2188,1小时52分
杭州,南京南,G,G7656,1小时35分
杭州,南京南,D,D2192,1小时37分
杭州,南京,Z,Z86,4小时21分
杭州,南京南,G,G1890,1小时32分
杭州,南京,K,K8352,7小时43分
杭州,南京,D,D782,4小时40分
杭州,南京南,G,G7394,1小时48分
杭州,南京,K,K348,5小时16分
杭州,南京南,G,G1870,1小时41分
杭州,南京,Z,Z282,5小时44分
杭州,滁州北,K,K348,6小时3分
杭州,滁州北,K,K1806,7小时51分
杭州,滁州,G,G1870,2小时6分
杭州,上海南,K,K1128,2小时17分
杭州,上海,G,G7358,1小时26分
杭州,上海虹桥,G,G7356,1小时9分
杭州,上海虹桥,G,G7392,1小时22分
杭州,上海南,K,K1806,2小时25分
杭州,上海南,K,K48,2小时36分
杭州,上海南,Z,Z282,1小时50分
杭州,上海南,K,K8352,2小时6分
杭州,上海虹桥,G,G7632,1小时1分
杭州,上海虹桥,D,D782,1小时43分
杭州,上海,G,G7360,1小时34分
杭州,上海虹桥,G,G7396,0小时59分
杭州,上海,G,G7358,1小时26分
杭州,上海虹桥,G,G7356,1小时9分
杭州,上海虹桥,G,G7392,1小时22分
杭州,上海南,K,K1806,2小时25分
杭州,上海南,K,K48,2小时36分
杭州,上海南,Z,Z282,1小时50分
杭州,上海南,K,K8352,2小时6分
杭州,上海虹桥,G,G7632,1小时1分
杭州,上海虹桥,D,D782,1小时43分
杭州,上海西,G,G7360,1小时22分
杭州,上海虹桥,G,G7396,0小时59分
杭州,上海南,K,K1128,2小时17分
杭州,昆山,T,T112,2小时20分
杭州,昆山,Z,Z176,2小时24分
杭州,昆山,K,K48,3小时49分
杭州,昆山,K,K8352,3小时23分
杭州,苏州,T,T112,2小时45分
杭州,苏州,K,K1806,3小时59分
杭州,苏州,Z,Z176,2小时49分
杭州,苏州,K,K48,4小时16分
杭州,苏州,Z,Z86,2小时29分
杭州,苏州,Z,Z282,3小时21分
杭州,苏州,K,K8352,3小时51分
杭州,苏州,D,D782,2小时40分
杭州,苏州,T,T112,2小时45分
杭州,苏州,K,K1806,3小时59分
杭州,苏州,Z,Z176,2小时49分
杭州,苏州,K,K48,4小时16分
杭州,苏州,Z,Z86,2小时29分
杭州,苏州,Z,Z282,3小时21分
杭州,苏州,K,K8352,3小时51分
杭州,苏州,D,D782,2小时40分
杭州,苏州,T,T112,2小时45分
杭州,苏州,K,K1806,3小时59分
杭州,苏州,Z,Z176,2小时49分
杭州,苏州,K,K48,4小时16分
杭州,苏州,Z,Z86,2小时29分
杭州,苏州,Z,Z282,3小时21分
杭州,苏州,K,K8352,3小时51分
杭州,苏州,D,D782,2小时40分
杭州,无锡,T,T112,3小时15分
杭州,无锡,K,K1806,4小时44分
杭州,无锡,Z,Z176,3小时23分
杭州,无锡,K,K48,4小时47分
杭州,无锡,Z,Z86,2小时54分
杭州,无锡,Z,Z282,3小时48分
杭州,无锡,K,K8352,5小时11分
杭州,无锡,D,D782,3小时4分
杭州,无锡,T,T112,3小时15分
杭州,无锡,K,K1806,4小时44分
杭州,无锡,Z,Z176,3小时23分
杭州,无锡,K,K48,4小时47分
杭州,无锡,Z,Z86,2小时54分
杭州,无锡,Z,Z282,3小时48分
杭州,无锡,K,K8352,5小时11分
杭州,无锡,D,D782,3小时4分
杭州,无锡,T,T112,3小时15分
杭州,无锡,K,K1806,4小时44分
杭州,无锡,Z,Z176,3小时23分
杭州,无锡,K,K48,4小时47分
杭州,无锡,Z,Z86,2小时54分
杭州,无锡,Z,Z282,3小时48分
杭州,无锡,K,K8352,5小时11分
杭州,无锡,D,D782,3小时4分
杭州,常州,T,T112,3小时41分
杭州,常州,K,K1806,5小时14分
杭州,常州,Z,Z176,3小时47分
杭州,常州,K,K48,5小时17分
杭州,常州,Z,Z282,4小时13分
杭州,常州,K,K8352,5小时42分
杭州,常州,D,D782,3小时26分
杭州,常州,T,T112,3小时41分
杭州,常州,K,K1806,5小时14分
杭州,常州,Z,Z176,3小时47分
杭州,常州,K,K48,5小时17分
杭州,常州,Z,Z282,4小时13分
杭州,常州,K,K8352,5小时42分
杭州,常州,D,D782,3小时26分
杭州,丹阳,K,K1806,5小时44分
杭州,丹阳,Z,Z176,4小时11分
杭州,丹阳,K,K48,5小时50分
杭州,镇江,K,K48,6小时13分
杭州,镇江,Z,Z282,4小时51分
杭州,南京南,G,G3110,1小时30分
杭州,南京南,G,G7398,1小时44分
杭州,南京,T,T112,5小时9分
杭州,南京,K,K1806,6小时50分
杭州,南京,Z,Z176,5小时6分
杭州,南京,K,K48,7小时2分
杭州,南京南,D,D2188,1小时52分
杭州,南京南,G,G7656,1小时35分
杭州,南京南,D,D2192,1小时37分
杭州,南京,Z,Z86,4小时21分
杭州,南京南,G,G1890,1小时32分
杭州,南京,K,K8352,7小时43分
杭州,南京,D,D782,4小时40分
杭州,南京南,G,G7394,1小时48分
杭州,南京,K,K348,5小时16分
杭州,南京南,G,G1870,1小时41分
杭州,南京,Z,Z282,5小时44分
杭州,南京,K,K552,5小时51分
杭州,南京南,G,G3110,1小时30分
杭州,南京南,G,G7398,1小时44分
杭州,南京,T,T112,5小时9分
杭州,南京,K,K1806,6小时50分
杭州,南京,Z,Z176,5小时6分
杭州,南京,K,K48,7小时2分
杭州,南京南,D,D2188,1小时52分
杭州,南京南,G,G7656,1小时35分
杭州,南京南,D,D2192,1小时37分
杭州,南京,Z,Z86,4小时21分
杭州,南京南,G,G1890,1小时32分
杭州,南京,K,K8352,7小时43分
杭州,南京,D,D782,4小时40分
杭州,南京南,G,G7394,1小时48分
杭州,南京,K,K348,5小时16分
杭州,南京南,G,G1870,1小时41分
杭州,南京,Z,Z282,5小时44分
杭州,昆山,T,T112,2小时20分
杭州,昆山,Z,Z176,2小时24分
杭州,昆山,K,K48,3小时49分
杭州,昆山,K,K8352,3小时23分
杭州,滁州北,K,K348,6小时3分
杭州,滁州北,K,K1806,7小时51分
杭州,滁州,G,G1870,2小时6分
杭州,松江南,G,G7392,1小时6分
杭州,金山北,G,G7392,0小时55分
杭州,嘉善,T,T112,1小时9分
杭州,嘉善,K,K1806,1小时30分
杭州,嘉善,Z,Z176,1小时6分
杭州,嘉善,K,K48,1小时40分
杭州,嘉善,Z,Z282,1小时2分
杭州,嘉善,K,K8352,1小时10分
杭州,嘉兴南,G,G7358,0小时29分
杭州,嘉兴南,G,G7392,0小时39分
杭州,嘉兴南,G,G7632,0小时30分
杭州,嘉兴南,G,G7360,0小时29分
杭州,嘉兴南,G,G7396,0小时29分
杭州,桐乡,G,G7356,0小时33分
杭州,海宁,T,T112,0小时36分
杭州,海宁,K,K1806,0小时50分
杭州,海宁,Z,Z176,0小时34分
杭州,海宁,K,K48,1小时2分
杭州,海宁,Z,Z86,0小时36分
杭州,海宁,Z,Z282,0小时34分
杭州,海宁,K,K8352,0小时39分
杭州,余杭,G,G7356,0小时19分
杭州,余杭,G,G7392,0小时17分
杭州,诸暨,K,K347,1小时36分
杭州,诸暨,K,K1049,1小时18分
杭州,诸暨,K,K209,1小时15分
杭州,诸暨,K,K1395,1小时2分
杭州,诸暨,K,K1127,0小时59分
杭州,义乌,K,K347,2小时9分
杭州,义乌,K,K307,2小时43分
杭州,义乌,K,K1049,1小时50分
杭州,义乌,T,T7785,1小时15分
杭州,义乌,K,K209,1小时44分
杭州,义乌,K,K1395,1小时45分
杭州,义乌,K,K2905,1小时43分
杭州,义乌,K,K1237,1小时25分
杭州,义乌,K,K1271,1小时51分
杭州,义乌,K,K1127,1小时39分
杭州,金华南,K,K347,2小时59分
杭州,金华南,K,K307,3小时29分
杭州,金华南,K,K1049,2小时30分
杭州,金华,T,T7785,2小时3分
杭州,金华,K,K209,2小时38分
杭州,金华南,K,K1395,2小时24分
杭州,金华南,K,K2905,2小时21分
杭州,金华南,K,K1237,2小时32分
杭州,金华,K,K1271,2小时33分
杭州,金华,K,K1127,2小时23分
杭州,上海南,K,K1128,2小时17分
杭州,上海,G,G7358,1小时26分
杭州,上海虹桥,G,G7356,1小时9分
杭州,上海虹桥,G,G7392,1小时22分
杭州,上海南,K,K1806,2小时25分
杭州,上海南,K,K48,2小时36分
杭州,上海南,Z,Z282,1小时50分
杭州,上海南,K,K8352,2小时6分
杭州,上海虹桥,G,G7632,1小时1分
杭州,上海虹桥,D,D782,1小时43分
杭州,上海,G,G7360,1小时34分
杭州,上海虹桥,G,G7396,0小时59分
杭州,松江,K,K48,2小时8分
杭州,嘉善,T,T112,1小时9分
杭州,嘉善,K,K1806,1小时30分
杭州,嘉善,Z,Z176,1小时6分
杭州,嘉善,K,K48,1小时40分
杭州,嘉善,Z,Z282,1小时2分
杭州,嘉善,K,K8352,1小时10分
杭州,海宁,T,T112,0小时36分
杭州,海宁,K,K1806,0小时50分
杭州,海宁,Z,Z176,0小时34分
杭州,海宁,K,K48,1小时2分
杭州,海宁,Z,Z86,0小时36分
杭州,海宁,Z,Z282,0小时34分
杭州,海宁,K,K8352,0小时39分
杭州,句容西,G,G7656,1小时22分
杭州,溧水,D,D2188,1小时32分
杭州,溧水,G,G1890,1小时13分
杭州,溧水,G,G7394,1小时31分
杭州,溧水,G,G1870,1小时23分
杭州,瓦屋山,G,G7398,1小时22分
杭州,溧阳,G,G3110,1小时2分
杭州,溧阳,G,G7398,1小时9分
杭州,溧阳,G,G7656,1小时0分
杭州,溧阳,D,D2192,1小时2分
杭州,溧阳,G,G7394,1小时13分
杭州,溧阳,G,G1870,1小时1分
杭州,宜兴,G,G3110,0小时46分
杭州,宜兴,G,G7398,0小时53分
杭州,宜兴,D,D2188,1小时2分
杭州,宜兴,D,D2192,0小时48分
杭州,宜兴,G,G1890,0小时49分
杭州,宜兴,G,G7394,1小时0分
杭州,宜兴,G,G1870,0小时48分
杭州,长兴南,K,K1050,1小时28分
杭州,长兴,G,G7398,0小时39分
杭州,长兴南,K,K1264,1小时28分
杭州,长兴南,K,K606,1小时18分
杭州,长兴南,K,K2906,1小时20分
杭州,长兴,G,G7656,0小时39分
杭州,长兴南,K,K2276,1小时19分
杭州,长兴南,K,K1040,1小时19分
杭州,长兴南,K,K466,1小时18分
杭州,长兴南,K,K1220,1小时27分
杭州,长兴南,T,T326,1小时27分
杭州,长兴,G,G7394,0小时45分
杭州,长兴南,K,K892,1小时12分
杭州,长兴南,K,K656,1小时20分
杭州,长兴,G,G1870,0小时33分
杭州,长兴南,K,K1152,1小时18分
杭州,长兴南,K,K166,1小时36分
杭州,长兴南,K,K1396,1小时27分
杭州,长兴南,K,K1238,1小时18分
杭州,长兴南,K,K8500,1小时19分
杭州,长兴南,K,K1438,1小时31分
杭州,湖州,G,G3110,0小时27分
杭州,湖州,G,G7398,0小时28分
杭州,湖州,D,D2188,0小时42分
杭州,湖州,G,G7656,0小时28分
杭州,湖州,D,D2192,0小时28分
杭州,湖州,G,G1890,0小时29分
杭州,湖州,G,G7634,0小时27分
杭州,湖州,G,G7394,0小时34分
杭州,德清西,K,K1050,0小时44分
杭州,德清西,K,K1264,0小时45分
杭州,德清西,K,K606,0小时37分
杭州,德清西,K,K2906,0小时37分
杭州,德清,D,D2188,0小时19分
杭州,德清西,K,K2276,0小时38分
杭州,德清西,K,K1040,0小时38分
杭州,德清西,K,K466,0小时37分
杭州,德清西,K,K1220,0小时46分
杭州,德清西,T,T326,0小时50分
杭州,德清,G,G7394,0小时19分
杭州,德清西,K,K656,0小时38分
杭州,德清西,K,K1396,0小时45分
杭州,德清西,K,K1152,0小时37分
杭州,德清,G,G7418,0小时20分
杭州,德清西,K,K166,0小时53分
杭州,绍兴,K,K8499,1小时5分
杭州,绍兴,K,K1039,0小时56分
杭州,绍兴,K,K1437,1小时27分
杭州,绍兴,K,K1219,1小时14分
杭州,绍兴,T,T325,1小时20分
杭州,绍兴,K,K465,1小时41分
杭州,绍兴,K,K211,0小时54分
杭州,上虞,T,T325,1小时46分
杭州,上虞,K,K211,1小时19分
杭州,余姚,K,K8499,1小时53分
杭州,余姚,K,K1039,1小时47分
杭州,余姚,K,K1437,2小时22分
杭州,余姚,T,T325,2小时18分
杭州,余姚,K,K465,2小时30分
杭州,余姚,K,K211,1小时52分
杭州,宁波,K,K8499,2小时48分
杭州,宁波,K,K1039,2小时40分
杭州,宁波,K,K1437,3小时44分
杭州,宁波,K,K1219,2小时57分
杭州,宁波,T,T325,3小时21分
杭州,宁波,K,K465,3小时19分
杭州,宁波,K,K211,2小时48分
杭州,宁波,K,K8499,2小时48分
杭州,宁波,K,K1039,2小时40分
杭州,宁波,K,K1437,3小时44分
杭州,宁波,K,K1219,2小时57分
杭州,宁波,T,T325,3小时21分
杭州,宁波,K,K465,3小时19分
杭州,宁波,K,K211,2小时48分
杭州,绍兴,K,K8499,1小时5分
杭州,绍兴,K,K1039,0小时56分
杭州,绍兴,K,K1437,1小时27分
杭州,绍兴,K,K1219,1小时14分
杭州,绍兴,T,T325,1小时20分
杭州,绍兴,K,K465,1小时41分
杭州,绍兴,K,K211,0小时54分
杭州,上虞,T,T325,1小时46分
杭州,上虞,K,K211,1小时19分
杭州,余姚,K,K8499,1小时53分
杭州,余姚,K,K1039,1小时47分
杭州,余姚,K,K1437,2小时22分
杭州,余姚,T,T325,2小时18分
杭州,余姚,K,K465,2小时30分
杭州,余姚,K,K211,1小时52分
杭州,温州,K,K347,8小时33分
杭州,温州,K,K307,9小时52分
杭州,温州,K,K1049,8小时49分
杭州,温州,K,K1395,10小时7分
杭州,温州,K,K2905,9小时53分
杭州,温州,K,K1237,8小时11分
杭州,金华南,K,K347,2小时59分
杭州,金华南,K,K307,3小时29分
杭州,金华南,K,K1049,2小时30分
杭州,金华,T,T7785,2小时3分
杭州,金华,K,K209,2小时38分
杭州,金华南,K,K1395,2小时24分
杭州,金华南,K,K2905,2小时21分
杭州,金华南,K,K1237,2小时32分
杭州,金华,K,K1271,2小时33分
杭州,金华,K,K1127,2小时23分
杭州,武义,K,K347,3小时56分
杭州,武义,K,K307,4小时21分
杭州,武义,K,K1049,3小时57分
杭州,武义,K,K1395,3小时54分
杭州,武义,K,K2905,4小时11分
杭州,武义,K,K1237,3小时19分
杭州,永康,K,K347,4小时20分
杭州,永康,K,K307,4小时43分
杭州,永康,K,K1049,4小时21分
杭州,永康,K,K1395,4小时56分
杭州,永康,K,K2905,4小时53分
杭州,永康,K,K1237,3小时57分
杭州,武义,K,K347,3小时56分
杭州,武义,K,K307,4小时21分
杭州,武义,K,K1049,3小时57分
杭州,武义,K,K1395,3小时54分
杭州,武义,K,K2905,4小时11分
杭州,武义,K,K1237,3小时19分
杭州,永康,K,K347,4小时20分
杭州,永康,K,K307,4小时43分
杭州,永康,K,K1049,4小时21分
杭州,永康,K,K1395,4小时56分
杭州,永康,K,K2905,4小时53分
杭州,永康,K,K1237,3小时57分
杭州,温州,K,K347,8小时33分
杭州,温州,K,K307,9小时52分
杭州,温州,K,K1049,8小时49分
杭州,温州,K,K1395,10小时7分
杭州,温州,K,K2905,9小时53分
杭州,温州,K,K1237,8小时11分
杭州,全椒,G,G7656,1小时57分
杭州,合肥,K,K308,5小时5分
杭州,合肥,G,G3110,2小时28分
杭州,合肥,K,K1050,5小时32分
杭州,合肥,K,K1264,5小时18分
杭州,合肥,K,K606,5小时3分
杭州,合肥,K,K2906,5小时14分
杭州,合肥南,D,D2188,2小时46分
杭州,合肥南,G,G7656,2小时31分
杭州,合肥,K,K2276,5小时16分
杭州,合肥南,D,D2192,2小时33分
杭州,合肥南,G,G7418,2小时35分
杭州,合肥,K,K892,5小时19分
杭州,合肥,K,K656,5小时5分
杭州,合肥,K,K1152,5小时37分
杭州,合肥南,G,G3118,2小时16分
杭州,合肥,K,K1040,5小时9分
杭州,合肥,K,K466,5小时7分
杭州,合肥,T,T326,5小时12分
杭州,合肥,K,K166,5小时38分
杭州,合肥,K,K1396,5小时16分
杭州,合肥,K,K1238,5小时16分
杭州,合肥,K,K8500,5小时0分
杭州,合肥,K,K1438,5小时41分
杭州,合肥,K,K308,5小时5分
杭州,合肥,G,G3110,2小时28分
杭州,合肥,K,K1050,5小时32分
杭州,合肥,K,K1264,5小时18分
杭州,合肥,K,K606,5小时3分
杭州,合肥,K,K2906,5小时14分
杭州,合肥,K,K1152,5小时37分
杭州,合肥南,D,D2188,2小时46分
杭州,合肥南,G,G7656,2小时31分
杭州,合肥,K,K2276,5小时16分
杭州,合肥南,D,D2192,2小时33分
杭州,合肥南,G,G7418,2小时35分
杭州,合肥,K,K892,5小时19分
杭州,合肥,K,K656,5小时5分
杭州,合肥南,G,G3118,2小时16分
杭州,合肥,K,K1040,5小时9分
杭州,合肥,K,K466,5小时7分
杭州,合肥,T,T326,5小时12分
杭州,合肥,K,K166,5小时38分
杭州,合肥,K,K1396,5小时16分
杭州,合肥,K,K1238,5小时16分
杭州,合肥,K,K8500,5小时0分
杭州,合肥,K,K1438,5小时41分
杭州,芜湖,K,K1050,3小时50分
杭州,芜湖,K,K1264,3小时36分
杭州,芜湖,K,K606,3小时16分
杭州,芜湖,K,K2906,3小时26分
杭州,芜湖,K,K2276,3小时32分
杭州,芜湖,K,K1040,3小时27分
杭州,芜湖,K,K1220,3小时43分
杭州,芜湖,T,T326,3小时36分
杭州,芜湖,G,G7418,1小时47分
杭州,芜湖,K,K892,3小时20分
杭州,芜湖,K,K656,3小时29分
杭州,芜湖,K,K348,3小时27分
杭州,芜湖,K,K308,3小时24分
杭州,芜湖,K,K1152,3小时28分
杭州,芜湖,G,G3118,1小时28分
杭州,芜湖,K,K466,3小时26分
杭州,芜湖,K,K1396,3小时35分
杭州,芜湖,K,K1238,3小时22分
杭州,芜湖,K,K8500,3小时26分
杭州,芜湖,K,K1438,3小时39分
杭州,芜湖,K,K1050,3小时50分
杭州,芜湖,K,K1264,3小时36分
杭州,芜湖,K,K606,3小时16分
杭州,芜湖,K,K2906,3小时26分
杭州,芜湖,K,K2276,3小时32分
杭州,芜湖,K,K1040,3小时27分
杭州,芜湖,K,K1220,3小时43分
杭州,芜湖,T,T326,3小时36分
杭州,芜湖,G,G7418,1小时47分
杭州,芜湖,K,K892,3小时20分
杭州,芜湖,K,K656,3小时29分
杭州,芜湖,K,K348,3小时27分
杭州,芜湖,K,K308,3小时24分
杭州,芜湖,K,K1152,3小时28分
杭州,芜湖,G,G3118,1小时28分
杭州,芜湖,K,K466,3小时26分
杭州,芜湖,K,K1396,3小时35分
杭州,芜湖,K,K1238,3小时22分
杭州,芜湖,K,K8500,3小时26分
杭州,芜湖,K,K1438,3小时39分
杭州,铜陵,K,K1220,5小时50分
杭州,池州,K,K1220,6小时49分
杭州,巢湖,K,K1050,4小时38分
杭州,巢湖,K,K1264,4小时25分
杭州,巢湖,K,K606,4小时4分
杭州,巢湖,K,K2906,4小时20分
杭州,巢湖,K,K2276,4小时21分
杭州,巢湖东,G,G7418,2小时11分
杭州,巢湖,K,K308,4小时13分
杭州,巢湖,K,K1152,4小时18分
杭州,巢湖东,G,G3118,1小时52分
杭州,巢湖,K,K1040,4小时15分
杭州,巢湖,K,K466,4小时14分
杭州,巢湖,K,K892,4小时12分
杭州,铜陵,K,K1220,5小时50分
杭州,合肥,K,K308,5小时5分
杭州,合肥,G,G3110,2小时28分
杭州,合肥,K,K1050,5小时32分
杭州,合肥,K,K1264,5小时18分
杭州,合肥,K,K606,5小时3分
杭州,合肥,K,K2906,5小时14分
杭州,合肥,K,K1152,5小时37分
杭州,合肥南,D,D2188,2小时46分
杭州,合肥南,G,G7656,2小时31分
杭州,合肥,K,K2276,5小时16分
杭州,合肥南,D,D2192,2小时33分
杭州,合肥南,G,G7418,2小时35分
杭州,合肥,K,K892,5小时19分
杭州,合肥,K,K656,5小时5分
杭州,合肥南,G,G3118,2小时16分
杭州,合肥,K,K1040,5小时9分
杭州,合肥,K,K466,5小时7分
杭州,合肥,T,T326,5小时12分
杭州,合肥,K,K166,5小时38分
杭州,合肥,K,K1396,5小时16分
杭州,合肥,K,K1238,5小时16分
杭州,合肥,K,K8500,5小时0分
杭州,合肥,K,K1438,5小时41分
杭州,芜湖,K,K1050,3小时50分
杭州,芜湖,K,K1264,3小时36分
杭州,芜湖,K,K606,3小时16分
杭州,芜湖,K,K2906,3小时26分
杭州,芜湖,K,K2276,3小时32分
杭州,芜湖,K,K1040,3小时27分
杭州,芜湖,K,K1220,3小时43分
杭州,芜湖,T,T326,3小时36分
杭州,芜湖,G,G7418,1小时47分
杭州,芜湖,K,K892,3小时20分
杭州,芜湖,K,K656,3小时29分
杭州,芜湖,K,K348,3小时27分
杭州,芜湖,K,K308,3小时24分
杭州,芜湖,K,K1152,3小时28分
杭州,芜湖,G,G3118,1小时28分
杭州,芜湖,K,K466,3小时26分
杭州,芜湖,K,K1396,3小时35分
杭州,芜湖,K,K1238,3小时22分
杭州,芜湖,K,K8500,3小时26分
杭州,芜湖,K,K1438,3小时39分
杭州,宣城,K,K1050,2小时50分
杭州,宣城,K,K1264,2小时40分
杭州,宣城,K,K2906,2小时32分
杭州,宣城,K,K2276,2小时37分
杭州,宣城,K,K1040,2小时30分
杭州,宣城,K,K1220,2小时47分
杭州,宣城,T,T326,2小时42分
杭州,宣城,G,G7418,1小时18分
杭州,宣城,G,G7634,1小时18分
杭州,宣城,K,K892,2小时23分
杭州,宣城,K,K656,2小时30分
杭州,宣城,K,K348,2小时31分
杭州,宣城,K,K308,2小时24分
杭州,宣城,K,K1152,2小时34分
杭州,宣城,G,G3118,0小时59分
杭州,宣城,K,K466,2小时30分
杭州,宣城,K,K166,2小时48分
杭州,宣城,K,K1396,2小时39分
杭州,宣城,K,K1238,2小时28分
杭州,宣城,K,K8500,2小时30分
杭州,宣城,K,K1438,2小时43分
杭州,广德南,G,G7634,0小时56分
杭州,广德南,G,G7418,0小时57分
杭州,安吉,G,G7634,0小时45分
杭州,安吉,G,G7418,0小时46分
杭州,德清西,K,K1050,0小时44分
杭州,德清西,K,K1264,0小时45分
杭州,德清西,K,K606,0小时37分
杭州,德清西,K,K2906,0小时37分
杭州,德清西,K,K1152,0小时37分
杭州,德清,D,D2188,0小时19分
杭州,德清西,K,K2276,0小时38分
杭州,德清西,K,K1040,0小时38分
杭州,德清西,K,K466,0小时37分
杭州,德清西,K,K1220,0小时46分
杭州,德清西,T,T326,0小时50分
杭州,德清,G,G7394,0小时19分
杭州,德清西,K,K656,0小时38分
杭州,德清西,K,K1396,0小时45分
杭州,德清,G,G7418,0小时20分
杭州,德清西,K,K166,0小时53分
杭州,长兴南,K,K1050,1小时28分
杭州,长兴,G,G7398,0小时39分
杭州,长兴南,K,K1264,1小时28分
杭州,长兴南,K,K606,1小时18分
杭州,长兴南,K,K2906,1小时20分
杭州,长兴,G,G7656,0小时39分
杭州,长兴南,K,K2276,1小时19分
杭州,长兴南,K,K1040,1小时19分
杭州,长兴南,K,K466,1小时18分
杭州,长兴南,K,K1220,1小时27分
杭州,长兴南,T,T326,1小时27分
杭州,长兴,G,G7394,0小时45分
杭州,长兴南,K,K892,1小时12分
杭州,长兴南,K,K656,1小时20分
杭州,长兴,G,G1870,0小时33分
杭州,长兴南,K,K1152,1小时18分
杭州,长兴南,K,K166,1小时36分
杭州,长兴南,K,K1396,1小时27分
杭州,长兴南,K,K1238,1小时18分
杭州,长兴南,K,K8500,1小时19分
杭州,长兴南,K,K1438,1小时31分
杭州,广德,K,K1050,2小时4分
杭州,广德,K,K1152,1小时51分
杭州,广德,K,K2276,1小时54分
杭州,广德,K,K1220,2小时2分
杭州,广德,T,T326,1小时57分
杭州,巢湖,K,K1050,4小时38分
杭州,巢湖,K,K1264,4小时25分
杭州,巢湖,K,K606,4小时4分
杭州,巢湖,K,K2906,4小时20分
杭州,巢湖,K,K2276,4小时21分
杭州,巢湖东,G,G7418,2小时11分
杭州,巢湖,K,K308,4小时13分
杭州,巢湖,K,K1152,4小时18分
杭州,巢湖东,G,G3118,1小时52分
杭州,巢湖,K,K1040,4小时15分
杭州,巢湖,K,K466,4小时14分
杭州,巢湖,K,K892,4小时12分
