桐乡,上海虹桥,G,G7556,0小时49分
桐乡,上海虹桥,G,G1866,0小时35分
桐乡,上海虹桥,G,G7372,0小时47分
桐乡,上海虹桥,G,G7580,0小时41分
桐乡,上海虹桥,G,G7356,0小时34分
桐乡,上海虹桥,G,G7572,0小时50分
桐乡,上海虹桥,G,G7316,0小时48分
桐乡,上海虹桥,G,G7368,0小时40分
桐乡,上海虹桥,G,G7508,0小时36分
桐乡,上海虹桥,G,G1346,0小时40分
桐乡,上海虹桥,D,D382,0小时49分
桐乡,上海虹桥,G,G7512,0小时52分
桐乡,上海虹桥,G,G7390,0小时35分
桐乡,上海虹桥,G,G7334,0小时43分
桐乡,上海虹桥,G,G7514,0小时42分
桐乡,上海虹桥,G,G7308,0小时36分
桐乡,上海虹桥,G,G7326,0小时43分
桐乡,上海虹桥,G,G1370,0小时44分
桐乡,上海虹桥,G,G1638,0小时41分
桐乡,上海虹桥,D,D3136,0小时42分
桐乡,上海虹桥,G,G7792,0小时48分
桐乡,上海虹桥,G,G1322,0小时40分
桐乡,上海虹桥,G,G7310,0小时53分
桐乡,上海虹桥,G,G7596,0小时36分
桐乡,上海虹桥,G,G1334,0小时41分
桐乡,上海虹桥,D,D3146,0小时43分
桐乡,上海虹桥,D,D2288,0小时37分
桐乡,上海虹桥,G,G1382,0小时41分
桐乡,上海虹桥,G,G7586,0小时41分
桐乡,上海虹桥,G,G1342,0小时41分
桐乡,上海虹桥,D,D2282,0小时42分
桐乡,昆山南,G,G7372,1小时8分
桐乡,昆山南,G,G7572,1小时12分
桐乡,昆山南,G,G7316,1小时11分
桐乡,昆山南,D,D3136,1小时5分
桐乡,昆山南,G,G7792,1小时21分
桐乡,苏州北,G,G1866,1小时10分
桐乡,苏州,G,G7372,1小时26分
桐乡,苏州,G,G7572,1小时25分
桐乡,苏州,G,G7316,1小时24分
桐乡,苏州,G,G7390,1小时2分
桐乡,苏州园区,D,D3136,1小时17分
桐乡,苏州北,G,G7792,1小时33分
桐乡,苏州北,G,G7596,1小时5分
桐乡,苏州,G,G7586,1小时19分
桐乡,苏州,D,D2282,1小时15分
桐乡,无锡,G,G7372,1小时43分
桐乡,无锡,G,G7572,1小时42分
桐乡,无锡,G,G7316,1小时41分
桐乡,无锡,G,G7390,1小时19分
桐乡,无锡,D,D3136,2小时4分
桐乡,无锡东,G,G7792,1小时45分
桐乡,无锡东,G,G7596,1小时17分
桐乡,无锡,G,G7586,1小时36分
桐乡,无锡,D,D2282,1小时32分
桐乡,常州北,G,G1866,1小时46分
桐乡,常州,G,G7372,2小时0分
桐乡,常州,G,G7572,1小时58分
桐乡,常州,G,G7316,2小时4分
桐乡,常州,G,G7390,1小时44分
桐乡,常州,D,D3136,2小时27分
桐乡,常州北,G,G7792,2小时4分
桐乡,常州北,G,G7596,1小时36分
桐乡,常州,G,G7586,1小时53分
桐乡,常州,D,D2282,1小时49分
桐乡,丹阳,D,D3136,2小时45分
桐乡,镇江南,G,G1866,2小时6分
桐乡,镇江,G,G7372,2小时25分
桐乡,镇江,G,G7572,2小时24分
桐乡,镇江,D,D3136,3小时3分
桐乡,镇江南,G,G7792,2小时29分
桐乡,南京南,G,G1866,2小时28分
桐乡,南京南,G,G7372,2小时54分
桐乡,南京南,G,G7572,2小时59分
桐乡,南京,D,D3136,3小时28分
桐乡,南京南,G,G7792,2小时51分
桐乡,南京南,G,G7391,2小时29分
桐乡,南京南,G,G7596,2小时11分
桐乡,南京,D,D2282,2小时34分
桐乡,滁州,G,G7792,3小时14分
桐乡,上海虹桥,G,G7556,0小时49分
桐乡,上海虹桥,G,G1866,0小时35分
桐乡,上海虹桥,G,G7372,0小时47分
桐乡,上海虹桥,G,G7580,0小时41分
桐乡,上海虹桥,G,G7356,0小时34分
桐乡,上海虹桥,G,G7572,0小时50分
桐乡,上海虹桥,G,G7316,0小时48分
桐乡,上海虹桥,G,G7368,0小时40分
桐乡,上海虹桥,G,G7508,0小时36分
桐乡,上海虹桥,G,G1346,0小时40分
桐乡,上海虹桥,D,D382,0小时49分
桐乡,上海虹桥,G,G7512,0小时52分
桐乡,上海虹桥,G,G7390,0小时35分
桐乡,上海虹桥,G,G7334,0小时43分
桐乡,上海虹桥,G,G7514,0小时42分
桐乡,上海虹桥,G,G7308,0小时36分
桐乡,上海虹桥,G,G7326,0小时43分
桐乡,上海虹桥,G,G1370,0小时44分
桐乡,上海虹桥,G,G1638,0小时41分
桐乡,上海虹桥,D,D3136,0小时42分
桐乡,上海虹桥,G,G7792,0小时48分
桐乡,上海虹桥,G,G1322,0小时40分
桐乡,上海虹桥,G,G7310,0小时53分
桐乡,上海虹桥,G,G7596,0小时36分
桐乡,上海虹桥,G,G1334,0小时41分
桐乡,上海虹桥,D,D3146,0小时43分
桐乡,上海虹桥,D,D2288,0小时37分
桐乡,上海虹桥,G,G1382,0小时41分
桐乡,上海虹桥,G,G7586,0小时41分
桐乡,上海虹桥,G,G1342,0小时41分
桐乡,上海虹桥,D,D2282,0小时42分
桐乡,上海虹桥,G,G7556,0小时49分
桐乡,上海虹桥,G,G1866,0小时35分
桐乡,上海虹桥,G,G7372,0小时47分
桐乡,上海虹桥,G,G7580,0小时41分
桐乡,上海虹桥,G,G7356,0小时34分
桐乡,上海虹桥,G,G7572,0小时50分
桐乡,上海虹桥,G,G7316,0小时48分
桐乡,上海虹桥,G,G1382,0小时41分
桐乡,上海虹桥,G,G7368,0小时40分
桐乡,上海虹桥,G,G7508,0小时36分
桐乡,上海虹桥,D,D382,0小时49分
桐乡,上海虹桥,G,G7512,0小时52分
桐乡,上海虹桥,G,G7390,0小时35分
桐乡,上海虹桥,G,G7334,0小时43分
桐乡,上海虹桥,G,G7514,0小时42分
桐乡,上海虹桥,G,G7308,0小时36分
桐乡,上海虹桥,G,G7326,0小时43分
桐乡,上海虹桥,G,G1370,0小时44分
桐乡,上海虹桥,G,G1638,0小时41分
桐乡,上海虹桥,D,D3136,0小时42分
桐乡,上海虹桥,G,G7792,0小时48分
桐乡,上海虹桥,G,G1322,0小时40分
桐乡,上海虹桥,G,G7310,0小时53分
桐乡,上海虹桥,G,G7596,0小时36分
桐乡,上海虹桥,G,G1334,0小时41分
桐乡,上海虹桥,D,D2282,0小时42分
桐乡,上海虹桥,D,D3146,0小时43分
桐乡,上海虹桥,D,D2288,0小时37分
桐乡,上海虹桥,G,G7586,0小时41分
桐乡,上海虹桥,G,G1342,0小时41分
桐乡,上海虹桥,G,G1346,0小时40分
桐乡,安亭北,G,G7586,0小时57分
桐乡,昆山南,G,G7372,1小时8分
桐乡,昆山南,G,G7572,1小时12分
桐乡,昆山南,G,G7316,1小时11分
桐乡,昆山南,D,D3136,1小时5分
桐乡,昆山南,G,G7792,1小时21分
桐乡,苏州北,G,G1866,1小时10分
桐乡,苏州,G,G7372,1小时26分
桐乡,苏州,G,G7572,1小时25分
桐乡,苏州,G,G7316,1小时24分
桐乡,苏州,G,G7390,1小时2分
桐乡,苏州园区,D,D3136,1小时17分
桐乡,苏州北,G,G7792,1小时33分
桐乡,苏州北,G,G7596,1小时5分
桐乡,苏州,G,G7586,1小时19分
桐乡,苏州,D,D2282,1小时15分
桐乡,苏州北,G,G1866,1小时10分
桐乡,苏州,G,G7372,1小时26分
桐乡,苏州,G,G7572,1小时25分
桐乡,苏州,G,G7316,1小时24分
桐乡,苏州,G,G7390,1小时2分
桐乡,苏州,D,D3136,1小时46分
桐乡,苏州北,G,G7792,1小时33分
桐乡,苏州北,G,G7596,1小时5分
桐乡,苏州,G,G7586,1小时19分
桐乡,苏州,D,D2282,1小时15分
桐乡,苏州北,G,G1866,1小时10分
桐乡,苏州,G,G7372,1小时26分
桐乡,苏州,G,G7572,1小时25分
桐乡,苏州,G,G7316,1小时24分
桐乡,苏州,G,G7390,1小时2分
桐乡,苏州园区,D,D3136,1小时17分
桐乡,苏州北,G,G7792,1小时33分
桐乡,苏州北,G,G7596,1小时5分
桐乡,苏州,G,G7586,1小时19分
桐乡,苏州,D,D2282,1小时15分
桐乡,无锡,G,G7372,1小时43分
桐乡,无锡,G,G7572,1小时42分
桐乡,无锡,G,G7316,1小时41分
桐乡,无锡,G,G7390,1小时19分
桐乡,无锡,D,D3136,2小时4分
桐乡,无锡东,G,G7792,1小时45分
桐乡,无锡东,G,G7596,1小时17分
桐乡,无锡,D,D2282,1小时32分
桐乡,无锡,G,G7586,1小时36分
桐乡,无锡,G,G7372,1小时43分
桐乡,无锡,G,G7572,1小时42分
桐乡,无锡,G,G7316,1小时41分
桐乡,无锡,G,G7390,1小时19分
桐乡,无锡,D,D3136,2小时4分
桐乡,无锡东,G,G7792,1小时45分
桐乡,无锡东,G,G7596,1小时17分
桐乡,无锡,G,G7586,1小时36分
桐乡,无锡,D,D2282,1小时32分
桐乡,无锡,G,G7372,1小时43分
桐乡,无锡,G,G7572,1小时42分
桐乡,无锡,G,G7316,1小时41分
桐乡,无锡,G,G7390,1小时19分
桐乡,惠山,D,D3136,2小时14分
桐乡,无锡东,G,G7792,1小时45分
桐乡,无锡东,G,G7596,1小时17分
桐乡,无锡,D,D2282,1小时32分
桐乡,无锡,G,G7586,1小时36分
桐乡,常州北,G,G1866,1小时46分
桐乡,常州,G,G7372,2小时0分
桐乡,常州,G,G7572,1小时58分
桐乡,常州,G,G7316,2小时4分
桐乡,戚墅堰,G,G7390,1小时33分
桐乡,常州,D,D3136,2小时27分
桐乡,常州北,G,G7792,2小时4分
桐乡,常州北,G,G7596,1小时36分
桐乡,常州,G,G7586,1小时53分
桐乡,常州,D,D2282,1小时49分
桐乡,常州北,G,G1866,1小时46分
桐乡,常州,G,G7372,2小时0分
桐乡,常州,G,G7572,1小时58分
桐乡,常州,G,G7316,2小时4分
桐乡,常州,G,G7390,1小时44分
桐乡,常州,D,D3136,2小时27分
桐乡,常州北,G,G7792,2小时4分
桐乡,常州北,G,G7596,1小时36分
桐乡,常州,G,G7586,1小时53分
桐乡,常州,D,D2282,1小时49分
桐乡,丹阳,D,D3136,2小时45分
桐乡,镇江南,G,G1866,2小时6分
桐乡,镇江,G,G7372,2小时25分
桐乡,镇江,G,G7572,2小时24分
桐乡,镇江,D,D3136,3小时3分
桐乡,镇江南,G,G7792,2小时29分
桐乡,南京南,G,G1866,2小时28分
桐乡,南京南,G,G7372,2小时54分
桐乡,南京南,G,G7572,2小时59分
桐乡,南京,D,D3136,3小时28分
桐乡,南京南,G,G7792,2小时51分
桐乡,南京南,G,G7391,2小时29分
桐乡,南京南,G,G7596,2小时11分
桐乡,南京,D,D2282,2小时34分
桐乡,南京南,G,G1866,2小时28分
桐乡,南京南,G,G7372,2小时54分
桐乡,南京南,G,G7572,2小时59分
桐乡,南京,D,D3136,3小时28分
桐乡,南京南,G,G7792,2小时51分
桐乡,南京南,G,G7391,2小时29分
桐乡,南京南,G,G7596,2小时11分
桐乡,南京,D,D2282,2小时34分
桐乡,昆山南,G,G7372,1小时8分
桐乡,昆山南,G,G7572,1小时12分
桐乡,昆山南,G,G7316,1小时11分
桐乡,昆山南,D,D3136,1小时5分
桐乡,昆山南,G,G7792,1小时21分
桐乡,太仓,G,G7580,1小时15分
桐乡,太仓,G,G7580,1小时15分
桐乡,常熟,G,G7580,1小时36分
桐乡,张家港,G,G7580,1小时48分
桐乡,南通西,G,G7580,2小时5分
桐乡,扬州,G,G7580,3小时51分
桐乡,扬州,G,G7580,3小时51分
桐乡,泰州,G,G7580,3小时13分
桐乡,姜堰,G,G7580,3小时0分
桐乡,海安,G,G7580,2小时40分
桐乡,如皋,G,G7580,2小时27分
桐乡,南通西,G,G7580,2小时5分
桐乡,松江南,G,G7556,0小时33分
桐乡,松江南,G,G7372,0小时31分
桐乡,松江南,G,G7334,0小时24分
桐乡,松江南,G,G7792,0小时32分
桐乡,松江南,G,G7316,0小时32分
桐乡,金山北,G,G7572,0小时28分
桐乡,金山北,D,D382,0小时21分
桐乡,金山北,G,G7512,0小时21分
桐乡,金山北,G,G1382,0小时20分
桐乡,嘉善南,G,G7580,0小时15分
桐乡,嘉善南,G,G7572,0小时16分
桐乡,嘉善南,G,G7368,0小时15分
桐乡,嘉善南,G,G1346,0小时15分
桐乡,嘉善南,G,G7792,0小时16分
桐乡,嘉善南,G,G1322,0小时15分
桐乡,嘉善南,G,G7310,0小时21分
桐乡,嘉善南,G,G1334,0小时15分
桐乡,嘉善南,G,G1342,0小时15分
桐乡,嘉善南,D,D2282,0小时15分
桐乡,嘉兴南,G,G7556,0小时11分
桐乡,嘉兴南,G,G7372,0小时11分
桐乡,嘉兴南,G,G7514,0小时11分
桐乡,嘉兴南,G,G7326,0小时13分
桐乡,嘉兴南,G,G1370,0小时11分
桐乡,嘉兴南,G,G1638,0小时11分
桐乡,嘉兴南,D,D3136,0小时11分
桐乡,嘉兴南,G,G7310,0小时11分
桐乡,嘉兴南,D,D3146,0小时11分
桐乡,嘉兴南,G,G7316,0小时11分
桐乡,嘉兴南,G,G7586,0小时11分
桐乡,海宁西,D,D3101,0小时9分
桐乡,余杭,G,G1639,0小时12分
桐乡,杭州东,G,G1421,0小时20分
桐乡,杭州东,G,G1651,0小时17分
桐乡,杭州东,G,G1371,0小时17分
桐乡,杭州东,G,G1337,0小时18分
桐乡,杭州东,D,D2281,0小时19分
桐乡,杭州东,G,G7313,0小时18分
桐乡,杭州东,D,D3107,0小时18分
桐乡,杭州东,D,D2283,0小时18分
桐乡,杭州东,G,G1673,0小时17分
桐乡,杭州东,G,G1633,0小时18分
桐乡,杭州东,G,G1369,0小时17分
桐乡,杭州东,G,G1355,0小时17分
桐乡,杭州东,G,G7583,0小时17分
桐乡,杭州东,G,G1637,0小时17分
桐乡,杭州东,G,G7337,0小时17分
桐乡,杭州东,G,G7321,0小时17分
桐乡,杭州东,G,G7303,0小时17分
桐乡,杭州东,G,G7579,0小时19分
桐乡,杭州东,G,G1639,0小时24分
桐乡,杭州,G,G7391,0小时25分
桐乡,杭州东,G,G7557,0小时19分
桐乡,杭州东,G,G7527,0小时17分
桐乡,杭州东,G,G7541,0小时17分
桐乡,杭州东,G,G7589,0小时18分
桐乡,杭州东,G,G7539,0小时17分
桐乡,杭州东,D,D3101,0小时30分
桐乡,杭州东,D,D3103,0小时18分
桐乡,杭州东,G,G1365,0小时17分
桐乡,杭州东,G,G1421,0小时20分
桐乡,杭州东,G,G1651,0小时17分
桐乡,杭州东,G,G1371,0小时17分
桐乡,杭州东,G,G1337,0小时18分
桐乡,杭州东,D,D2281,0小时19分
桐乡,杭州东,G,G7313,0小时18分
桐乡,杭州东,D,D3107,0小时18分
桐乡,杭州东,D,D2283,0小时18分
桐乡,杭州东,G,G1673,0小时17分
桐乡,杭州南,G,G1633,0小时30分
桐乡,杭州东,G,G1369,0小时17分
桐乡,杭州东,G,G1355,0小时17分
桐乡,杭州东,G,G7583,0小时17分
桐乡,杭州东,G,G1637,0小时17分
桐乡,杭州东,G,G7337,0小时17分
桐乡,杭州东,G,G7321,0小时17分
桐乡,杭州东,G,G7303,0小时17分
桐乡,杭州东,G,G7579,0小时19分
桐乡,杭州东,G,G1639,0小时24分
桐乡,杭州,G,G7391,0小时25分
桐乡,杭州东,G,G7557,0小时19分
桐乡,杭州东,G,G7527,0小时17分
桐乡,杭州南,G,G7541,0小时28分
桐乡,杭州东,G,G7589,0小时18分
桐乡,杭州东,G,G7539,0小时17分
桐乡,杭州东,D,D3101,0小时30分
桐乡,杭州东,D,D3103,0小时18分
桐乡,杭州东,G,G1365,0小时17分
桐乡,诸暨,G,G1421,1小时0分
桐乡,诸暨,G,G1651,0小时44分
桐乡,诸暨,G,G1337,0小时43分
桐乡,诸暨,G,G1369,0小时43分
桐乡,诸暨,G,G1637,0小时43分
桐乡,诸暨,G,G7321,0小时47分
桐乡,义乌,G,G1421,1小时16分
桐乡,义乌,G,G1651,1小时0分
桐乡,义乌,G,G1371,0小时51分
桐乡,义乌,G,G1337,0小时59分
桐乡,义乌,G,G1369,0小时59分
桐乡,义乌,G,G1355,0小时55分
桐乡,义乌,G,G7321,1小时3分
桐乡,义乌,G,G7337,0小时52分
桐乡,金华,G,G1421,1小时34分
桐乡,金华,G,G1651,1小时18分
桐乡,金华,G,G1371,1小时9分
桐乡,金华,G,G1337,1小时17分
桐乡,金华,G,G1633,1小时10分
桐乡,金华,G,G1355,1小时13分
桐乡,金华,G,G1637,1小时10分
桐乡,金华,G,G1365,1小时4分
桐乡,上海虹桥,G,G7556,0小时49分
桐乡,上海虹桥,G,G1866,0小时35分
桐乡,上海虹桥,G,G7372,0小时47分
桐乡,上海虹桥,G,G7580,0小时41分
桐乡,上海虹桥,G,G7356,0小时34分
桐乡,上海虹桥,G,G7572,0小时50分
桐乡,上海虹桥,G,G7316,0小时48分
桐乡,上海虹桥,G,G7368,0小时40分
桐乡,上海虹桥,G,G7508,0小时36分
桐乡,上海虹桥,D,D382,0小时49分
桐乡,上海虹桥,G,G7512,0小时52分
桐乡,上海虹桥,G,G7390,0小时35分
桐乡,上海虹桥,G,G7334,0小时43分
桐乡,上海虹桥,G,G7514,0小时42分
桐乡,上海虹桥,G,G7308,0小时36分
桐乡,上海虹桥,G,G7326,0小时43分
桐乡,上海虹桥,G,G1370,0小时44分
桐乡,上海虹桥,G,G1638,0小时41分
桐乡,上海虹桥,D,D3136,0小时42分
桐乡,上海虹桥,G,G7792,0小时48分
桐乡,上海虹桥,G,G1322,0小时40分
桐乡,上海虹桥,G,G7310,0小时53分
桐乡,上海虹桥,G,G7596,0小时36分
桐乡,上海虹桥,G,G1334,0小时41分
桐乡,上海虹桥,D,D2282,0小时42分
桐乡,上海虹桥,D,D3146,0小时43分
桐乡,上海虹桥,D,D2288,0小时37分
桐乡,上海虹桥,G,G1382,0小时41分
桐乡,上海虹桥,G,G7586,0小时41分
桐乡,上海虹桥,G,G1342,0小时41分
桐乡,上海虹桥,G,G1346,0小时40分
桐乡,嘉善南,G,G7580,0小时15分
桐乡,嘉善南,G,G7572,0小时16分
桐乡,嘉善南,G,G7368,0小时15分
桐乡,嘉善南,G,G1346,0小时15分
桐乡,嘉善南,G,G7792,0小时16分
桐乡,嘉善南,G,G1322,0小时15分
桐乡,嘉善南,G,G7310,0小时21分
桐乡,嘉善南,G,G1334,0小时15分
桐乡,嘉善南,G,G1342,0小时15分
桐乡,嘉善南,D,D2282,0小时15分
桐乡,海宁西,D,D3101,0小时9分
桐乡,杭州东,G,G1421,0小时20分
桐乡,杭州东,G,G1651,0小时17分
桐乡,杭州东,G,G1371,0小时17分
桐乡,杭州东,G,G1337,0小时18分
桐乡,杭州东,D,D2281,0小时19分
桐乡,杭州东,G,G7313,0小时18分
桐乡,杭州东,D,D3107,0小时18分
桐乡,杭州东,D,D2283,0小时18分
桐乡,杭州东,G,G1673,0小时17分
桐乡,杭州东,G,G1633,0小时18分
桐乡,杭州东,G,G1369,0小时17分
桐乡,杭州东,G,G1355,0小时17分
桐乡,杭州东,G,G7583,0小时17分
桐乡,杭州东,G,G1637,0小时17分
桐乡,杭州东,G,G7337,0小时17分
桐乡,杭州东,G,G7321,0小时17分
桐乡,杭州东,G,G7303,0小时17分
桐乡,杭州东,G,G7579,0小时19分
桐乡,杭州东,G,G1639,0小时24分
桐乡,杭州,G,G7391,0小时25分
桐乡,杭州东,G,G7557,0小时19分
桐乡,杭州东,G,G7527,0小时17分
桐乡,杭州东,G,G7541,0小时17分
桐乡,杭州东,G,G7589,0小时18分
桐乡,杭州东,G,G7539,0小时17分
桐乡,杭州东,D,D3101,0小时30分
桐乡,杭州东,D,D3103,0小时18分
桐乡,杭州东,G,G1365,0小时17分
桐乡,溧水,G,G7391,2小时12分
桐乡,溧阳,G,G7391,1小时54分
桐乡,宜兴,G,G7391,1小时41分
桐乡,长兴,G,G7391,1小时26分
桐乡,湖州,G,G7391,1小时15分
桐乡,德清,G,G7391,1小时0分
桐乡,绍兴北,D,D3107,0小时45分
桐乡,绍兴北,D,D2283,0小时41分
桐乡,绍兴北,G,G1673,0小时39分
桐乡,绍兴北,G,G7583,0小时39分
桐乡,绍兴北,G,G7557,0小时41分
桐乡,绍兴北,G,G7541,0小时44分
桐乡,绍兴北,G,G7589,0小时43分
桐乡,绍兴北,D,D3101,0小时52分
桐乡,绍兴北,D,D3103,0小时39分
桐乡,绍兴东,D,D2281,0小时51分
桐乡,绍兴东,G,G7539,0小时46分
桐乡,绍兴东,D,D3103,0小时53分
桐乡,余姚北,D,D2281,1小时4分
桐乡,余姚北,D,D2283,1小时2分
桐乡,余姚北,G,G1673,1小时5分
桐乡,余姚北,G,G7527,0小时56分
桐乡,余姚北,D,D3101,1小时13分
桐乡,余姚北,D,D3103,1小时6分
桐乡,宁波,D,D2281,1小时28分
桐乡,宁波,D,D3107,1小时23分
桐乡,宁波,D,D2283,1小时25分
桐乡,宁波,G,G1673,1小时33分
桐乡,宁波,G,G7583,1小时14分
桐乡,宁波,G,G7557,1小时19分
桐乡,宁波,G,G7527,1小时18分
桐乡,宁波,G,G7541,1小时21分
桐乡,宁波,G,G7589,1小时18分
桐乡,宁波,G,G7539,1小时14分
桐乡,庄桥,D,D3101,1小时30分
桐乡,宁波,D,D3103,1小时29分
桐乡,宁波,D,D2281,1小时28分
桐乡,宁波,D,D3107,1小时23分
桐乡,宁波,D,D2283,1小时25分
桐乡,宁波,G,G1673,1小时33分
桐乡,宁波,G,G7583,1小时14分
桐乡,宁波,G,G7557,1小时19分
桐乡,宁波,G,G7527,1小时18分
桐乡,宁波,G,G7541,1小时21分
桐乡,宁波,G,G7589,1小时18分
桐乡,宁波,G,G7539,1小时14分
桐乡,宁波,D,D3101,1小时47分
桐乡,宁波,D,D3103,1小时29分
桐乡,绍兴北,D,D3107,0小时45分
桐乡,绍兴北,D,D2283,0小时41分
桐乡,绍兴北,G,G1673,0小时39分
桐乡,绍兴北,G,G7583,0小时39分
桐乡,绍兴北,G,G7557,0小时41分
桐乡,绍兴北,G,G7541,0小时44分
桐乡,绍兴北,G,G7589,0小时43分
桐乡,绍兴北,D,D3101,0小时52分
桐乡,绍兴北,D,D3103,0小时39分
桐乡,绍兴东,D,D2281,0小时51分
桐乡,绍兴东,G,G7539,0小时46分
桐乡,绍兴东,D,D3103,0小时53分
桐乡,余姚北,D,D2281,1小时4分
桐乡,余姚北,D,D2283,1小时2分
桐乡,余姚北,G,G1673,1小时5分
桐乡,余姚北,G,G7527,0小时56分
桐乡,余姚北,D,D3101,1小时13分
桐乡,余姚北,D,D3103,1小时6分
桐乡,奉化,G,G1673,2小时1分
桐乡,奉化,G,G7541,1小时40分
桐乡,宁海,D,D3107,1小时55分
桐乡,宁海,G,G7527,1小时49分
桐乡,宁海,D,D3101,2小时22分
桐乡,三门县,G,G7557,2小时20分
桐乡,三门县,G,G7541,2小时8分
桐乡,临海,G,G7541,2小时21分
桐乡,临海,G,G7539,2小时4分
桐乡,临海,D,D3101,2小时46分
桐乡,临海,D,D3103,2小时19分
桐乡,台州,D,D2281,2小时29分
桐乡,台州,D,D3107,2小时27分
桐乡,台州,D,D2283,2小时26分
桐乡,台州,G,G1673,2小时44分
桐乡,台州,G,G7541,2小时35分
桐乡,台州,G,G7539,2小时23分
桐乡,台州,D,D3101,3小时0分
桐乡,台州,D,D3103,2小时33分
桐乡,温岭,D,D2281,2小时42分
桐乡,温岭,D,D3107,2小时41分
桐乡,温岭,D,D2283,2小时39分
桐乡,温岭,G,G7539,2小时36分
桐乡,雁荡山,G,G1673,3小时4分
桐乡,绅坊,G,G7539,3小时2分
桐乡,乐清,D,D2281,3小时8分
桐乡,乐清,D,D2283,3小时5分
桐乡,乐清,G,G7539,3小时14分
桐乡,乐清,D,D3103,3小时6分
桐乡,永嘉,D,D3107,3小时11分
桐乡,温州南,D,D2281,3小时25分
桐乡,温州南,D,D3107,3小时23分
桐乡,温州南,D,D2283,3小时22分
桐乡,温州南,G,G1673,3小时34分
桐乡,温州南,G,G7337,2小时43分
桐乡,温州南,G,G7321,3小时2分
桐乡,温州南,G,G7539,3小时32分
桐乡,温州南,D,D3101,3小时45分
桐乡,温州南,D,D3103,3小时24分
桐乡,瑞安,D,D2281,3小时38分
桐乡,瑞安,G,G1673,3小时47分
桐乡,瑞安,G,G7337,2小时59分
桐乡,瑞安,G,G7321,3小时15分
桐乡,瑞安,G,G7539,3小时55分
桐乡,瑞安,D,D3101,3小时59分
桐乡,平阳,D,D3107,3小时42分
桐乡,平阳,D,D2283,3小时41分
桐乡,平阳,G,G7337,3小时16分
桐乡,平阳,G,G7321,3小时37分
桐乡,平阳,G,G7539,4小时7分
桐乡,平阳,D,D3103,3小时46分
桐乡,苍南,D,D2281,3小时56分
桐乡,苍南,D,D2283,3小时54分
桐乡,苍南,G,G1673,4小时6分
桐乡,苍南,G,G7337,3小时35分
桐乡,苍南,G,G7539,4小时20分
桐乡,金华,G,G1421,1小时34分
桐乡,金华,G,G1651,1小时18分
桐乡,金华,G,G1371,1小时9分
桐乡,金华,G,G1337,1小时17分
桐乡,金华,G,G1633,1小时10分
桐乡,金华,G,G1355,1小时13分
桐乡,金华,G,G1637,1小时10分
桐乡,金华,G,G1365,1小时4分
桐乡,武义北,G,G7321,1小时38分
桐乡,武义北,G,G7337,1小时19分
桐乡,永康南,G,G7321,1小时52分
桐乡,永康南,G,G7337,1小时32分
桐乡,武义北,G,G7321,1小时38分
桐乡,武义北,G,G7337,1小时19分
桐乡,永康南,G,G7321,1小时52分
桐乡,永康南,G,G7337,1小时32分
桐乡,温州南,D,D2281,3小时25分
桐乡,温州南,D,D3107,3小时23分
桐乡,温州南,D,D2283,3小时22分
桐乡,温州南,G,G1673,3小时34分
桐乡,温州南,G,G7337,2小时43分
桐乡,温州南,G,G7321,3小时2分
桐乡,温州南,G,G7539,3小时32分
桐乡,温州南,D,D3101,3小时45分
桐乡,温州南,D,D3103,3小时24分
桐乡,富阳,G,G7303,0小时40分
桐乡,富阳,G,G7579,0小时46分
桐乡,桐庐,G,G7303,0小时56分
桐乡,桐庐,G,G7579,1小时2分
桐乡,建德,G,G7313,1小时2分
桐乡,建德,G,G7303,1小时12分
桐乡,建德,G,G7579,1小时18分
桐乡,千岛湖,G,G7303,1小时25分
桐乡,千岛湖,G,G7579,1小时31分
桐乡,绩溪北,G,G7303,1小时51分
桐乡,绩溪北,G,G7579,1小时57分
桐乡,合肥,G,G7372,3小时49分
桐乡,合肥,G,G7572,3小时56分
桐乡,合肥南,G,G7596,3小时2分
桐乡,合肥,G,G7372,3小时49分
桐乡,合肥,G,G7572,3小时56分
桐乡,合肥南,G,G7596,3小时2分
桐乡,合肥,G,G7372,3小时49分
桐乡,合肥,G,G7572,3小时56分
桐乡,合肥南,G,G7596,3小时2分
桐乡,水家湖,G,G7572,4小时27分
桐乡,德清,G,G7391,1小时0分
