水家湖,上海虹桥,G,G3251,3小时17分
水家湖,苏州北,G,G3251,2小时50分
水家湖,无锡东,G,G3251,2小时32分
水家湖,常州北,G,G3251,2小时1分
水家湖,南京南,G,G7477,1小时19分
水家湖,南京南,G,G3251,1小时21分
水家湖,上海虹桥,G,G3251,3小时17分
水家湖,上海虹桥,G,G3251,3小时17分
水家湖,苏州北,G,G3251,2小时50分
水家湖,苏州北,G,G3251,2小时50分
水家湖,苏州北,G,G3251,2小时50分
水家湖,无锡东,G,G3251,2小时32分
水家湖,无锡东,G,G3251,2小时32分
水家湖,无锡东,G,G3251,2小时32分
水家湖,常州北,G,G3251,2小时1分
水家湖,常州北,G,G3251,2小时1分
水家湖,南京南,G,G7477,1小时19分
水家湖,南京南,G,G3251,1小时21分
水家湖,南京南,G,G7477,1小时19分
水家湖,南京南,G,G3251,1小时21分
水家湖,杭州东,G,G7477,2小时50分
水家湖,杭州东,G,G7705,3小时32分
水家湖,杭州东,G,G7645,2小时59分
水家湖,杭州东,G,G7477,2小时50分
水家湖,杭州东,G,G7705,3小时32分
水家湖,杭州东,G,G7645,2小时59分
水家湖,诸暨,G,G7477,3小时19分
水家湖,义乌,G,G7477,3小时35分
水家湖,金华南,G,G7477,3小时57分
水家湖,上海虹桥,G,G3251,3小时17分
水家湖,杭州东,G,G7477,2小时50分
水家湖,杭州东,G,G7705,3小时32分
水家湖,杭州东,G,G7645,2小时59分
水家湖,瓦屋山,G,G7477,1小时46分
水家湖,宜兴,G,G7477,2小时7分
水家湖,湖州,G,G7477,2小时26分
水家湖,湖州,G,G7705,3小时8分
水家湖,湖州,G,G7645,2小时36分
水家湖,余姚北,G,G7645,3小时34分
水家湖,宁波,G,G7645,3小时55分
水家湖,宁波,G,G7645,3小时55分
水家湖,余姚北,G,G7645,3小时34分
水家湖,奉化,G,G7645,4小时19分
水家湖,临海,G,G7645,4小时54分
水家湖,温岭,G,G7645,5小时16分
水家湖,雁荡山,G,G7645,5小时29分
水家湖,温州南,G,G7645,6小时0分
水家湖,苍南,G,G7645,6小时28分
水家湖,金华南,G,G7477,3小时57分
水家湖,武义北,G,G7477,4小时10分
水家湖,永康南,G,G7477,4小时24分
水家湖,武义北,G,G7477,4小时10分
水家湖,永康南,G,G7477,4小时24分
水家湖,温州南,G,G7645,6小时0分
水家湖,绩溪北,G,G301,2小时3分
水家湖,绩溪北,G,G1669,2小时5分
水家湖,绩溪北,G,G345,2小时3分
水家湖,合肥,G,G7477,0小时25分
水家湖,合肥南,G,G7415,0小时34分
水家湖,合肥南,G,G301,0小时35分
水家湖,合肥南,G,G7705,0小时45分
水家湖,合肥南,G,G1273,0小时36分
水家湖,合肥南,G,G303,0小时35分
水家湖,合肥南,G,G245,0小时35分
水家湖,合肥南,G,G161,0小时35分
水家湖,合肥南,G,G7645,0小时35分
水家湖,合肥南,G,G1669,0小时35分
水家湖,合肥南,G,G345,0小时34分
水家湖,合肥,G,G3251,0小时25分
水家湖,合肥,G,G7477,0小时25分
水家湖,合肥南,G,G7415,0小时34分
水家湖,合肥南,G,G301,0小时35分
水家湖,合肥北城,G,G7705,0小时16分
水家湖,合肥南,G,G303,0小时35分
水家湖,合肥南,G,G245,0小时35分
水家湖,合肥南,G,G161,0小时35分
水家湖,合肥南,G,G7645,0小时35分
水家湖,合肥南,G,G1669,0小时35分
水家湖,合肥南,G,G345,0小时34分
水家湖,合肥,G,G3251,0小时25分
水家湖,合肥南,G,G1273,0小时36分
水家湖,芜湖,G,G7705,1小时42分
水家湖,芜湖,G,G7645,1小时23分
水家湖,芜湖,G,G7705,1小时42分
水家湖,芜湖,G,G7645,1小时23分
水家湖,铜陵北,G,G7415,1小时28分
水家湖,铜陵北,G,G301,1小时21分
水家湖,铜陵北,G,G303,1小时22分
水家湖,铜陵,G,G161,1小时45分
水家湖,铜陵北,G,G1273,1小时18分
水家湖,池州,G,G161,2小时7分
水家湖,安庆,G,G161,2小时28分
水家湖,巢湖东,G,G7415,0小时59分
水家湖,巢湖东,G,G7705,1小时12分
水家湖,巢湖东,G,G161,0小时59分
水家湖,巢湖东,G,G7645,1小时0分
水家湖,巢湖东,G,G1669,1小时2分
水家湖,无为,G,G7415,1小时14分
水家湖,无为,G,G301,1小时7分
水家湖,无为,G,G303,1小时8分
水家湖,无为,G,G161,1小时14分
水家湖,无为,G,G1669,1小时17分
水家湖,无为,G,G345,1小时8分
水家湖,铜陵北,G,G7415,1小时28分
水家湖,铜陵北,G,G301,1小时21分
水家湖,铜陵北,G,G303,1小时22分
水家湖,铜陵北,G,G161,1小时28分
水家湖,铜陵北,G,G1273,1小时18分
水家湖,南陵,G,G7415,1小时42分
水家湖,南陵,G,G301,1小时35分
水家湖,南陵,G,G345,1小时29分
水家湖,泾县,G,G303,1小时41分
水家湖,泾县,G,G1669,1小时43分
水家湖,旌德,G,G7415,2小时3分
水家湖,旌德,G,G345,1小时50分
水家湖,合肥,G,G7477,0小时25分
水家湖,合肥南,G,G7415,0小时34分
水家湖,合肥南,G,G301,0小时35分
水家湖,合肥北城,G,G7705,0小时16分
水家湖,合肥南,G,G303,0小时35分
水家湖,合肥南,G,G245,0小时35分
水家湖,合肥南,G,G161,0小时35分
水家湖,合肥南,G,G7645,0小时35分
水家湖,合肥南,G,G1669,0小时35分
水家湖,合肥南,G,G345,0小时34分
水家湖,合肥,G,G3251,0小时25分
水家湖,合肥南,G,G1273,0小时36分
水家湖,含山南,G,G7705,1小时26分
水家湖,芜湖,G,G7705,1小时42分
水家湖,芜湖,G,G7645,1小时23分
水家湖,湾沚南,G,G7705,2小时3分
水家湖,宣城,G,G7705,2小时18分
水家湖,宣城,G,G7645,1小时53分
水家湖,广德南,G,G7705,2小时39分
水家湖,安吉,G,G7705,2小时50分
水家湖,安吉,G,G7645,2小时18分
水家湖,巢湖东,G,G7415,0小时59分
水家湖,巢湖东,G,G7705,1小时12分
水家湖,巢湖东,G,G161,0小时59分
水家湖,巢湖东,G,G7645,1小时0分
水家湖,巢湖东,G,G1669,1小时2分
