江宁,南京南,D,D2254,0小时9分
江宁,南京南,G,G46,0小时9分
江宁,南京南,G,G1496,0小时9分
江宁,南京南,G,G7686,0小时8分
江宁,南京南,D,D2254,0小时9分
江宁,南京南,G,G46,0小时9分
江宁,南京南,G,G1496,0小时9分
江宁,南京南,G,G7686,0小时8分
江宁,南京南,D,D2254,0小时9分
江宁,南京南,G,G46,0小时9分
江宁,南京南,G,G1496,0小时9分
江宁,南京南,G,G7686,0小时8分
江宁,杭州东,G,G1505,1小时33分
江宁,杭州东,D,D3295,1小时35分
江宁,杭州东,D,D2293,1小时37分
江宁,杭州东,G,G2807,1小时31分
江宁,杭州东,G,G2815,1小时20分
江宁,杭州东,G,G7677,1小时22分
江宁,杭州,D,D2187,1小时52分
江宁,杭州东,G,G589,1小时27分
江宁,杭州东,G,G1505,1小时33分
江宁,杭州东,D,D3295,1小时35分
江宁,杭州东,D,D2293,1小时37分
江宁,杭州东,G,G2807,1小时31分
江宁,杭州东,G,G2815,1小时20分
江宁,杭州东,G,G7677,1小时22分
江宁,杭州,D,D2187,1小时52分
江宁,杭州东,G,G589,1小时27分
江宁,义乌,G,G1505,2小时15分
江宁,金华,G,G1505,2小时33分
江宁,杭州东,G,G1505,1小时33分
江宁,杭州东,D,D3295,1小时35分
江宁,杭州东,D,D2293,1小时37分
江宁,杭州东,G,G2807,1小时31分
江宁,杭州东,G,G2815,1小时20分
江宁,杭州东,G,G7677,1小时22分
江宁,杭州,D,D2187,1小时52分
江宁,杭州东,G,G589,1小时27分
江宁,溧水,D,D2293,0小时13分
江宁,溧水,G,G2807,0小时13分
江宁,溧水,G,G2815,0小时13分
江宁,溧水,D,D2187,0小时13分
江宁,溧水,G,G589,0小时13分
江宁,瓦屋山,G,G2807,0小时24分
江宁,溧阳,G,G1505,0小时23分
江宁,溧阳,D,D3295,0小时26分
江宁,溧阳,G,G2807,0小时36分
江宁,溧阳,G,G7677,0小时23分
江宁,溧阳,D,D2187,0小时35分
江宁,溧阳,G,G589,0小时31分
江宁,宜兴,G,G1505,0小时38分
江宁,宜兴,D,D3295,0小时45分
江宁,宜兴,D,D2293,0小时45分
江宁,宜兴,G,G2807,0小时50分
江宁,宜兴,G,G2815,0小时37分
江宁,宜兴,G,G7677,0小时37分
江宁,宜兴,D,D2187,0小时55分
江宁,宜兴,G,G589,0小时45分
江宁,长兴,G,G1505,0小时53分
江宁,长兴,D,D2187,1小时9分
江宁,湖州,G,G1505,1小时9分
江宁,湖州,D,D3295,1小时4分
江宁,湖州,D,D2293,1小时11分
江宁,湖州,G,G2807,1小时8分
江宁,湖州,G,G2815,0小时55分
江宁,湖州,G,G7677,0小时55分
江宁,湖州,D,D2187,1小时21分
江宁,湖州,G,G589,1小时3分
江宁,德清,D,D3295,1小时19分
江宁,绍兴北,D,D3295,1小时57分
江宁,绍兴北,G,G2807,1小时56分
江宁,绍兴北,G,G589,1小时48分
江宁,绍兴东,D,D3295,2小时11分
江宁,绍兴东,D,D2293,2小时11分
江宁,绍兴东,G,G7677,1小时49分
江宁,绍兴东,G,G589,2小时1分
江宁,余姚北,D,D3295,2小时29分
江宁,余姚北,G,G7677,2小时3分
江宁,余姚北,G,G589,2小时15分
江宁,宁波,D,D3295,2小时52分
江宁,宁波,D,D2293,2小时45分
江宁,宁波,G,G2807,2小时32分
江宁,宁波,G,G7677,2小时24分
江宁,宁波,G,G589,2小时36分
江宁,宁波,D,D3295,2小时52分
江宁,宁波,D,D2293,2小时45分
江宁,宁波,G,G2807,2小时32分
江宁,宁波,G,G7677,2小时24分
江宁,宁波,G,G589,2小时36分
江宁,绍兴北,D,D3295,1小时57分
江宁,绍兴北,G,G2807,1小时56分
江宁,绍兴北,G,G589,1小时48分
江宁,绍兴东,D,D3295,2小时11分
江宁,绍兴东,D,D2293,2小时11分
江宁,绍兴东,G,G7677,1小时49分
江宁,绍兴东,G,G589,2小时1分
江宁,余姚北,D,D3295,2小时29分
江宁,余姚北,G,G7677,2小时3分
江宁,余姚北,G,G589,2小时15分
江宁,奉化,D,D3295,3小时14分
江宁,奉化,D,D2293,3小时8分
江宁,宁海,G,G7677,2小时56分
江宁,三门县,D,D3295,3小时42分
江宁,三门县,D,D2293,3小时36分
江宁,三门县,G,G7677,3小时13分
江宁,三门县,G,G589,3小时20分
江宁,临海,G,G589,3小时33分
江宁,台州,D,D3295,4小时3分
江宁,台州,D,D2293,3小时57分
江宁,台州,G,G7677,3小时34分
江宁,台州,G,G589,3小时52分
江宁,温岭,D,D2293,4小时10分
江宁,温岭,G,G7677,3小时47分
江宁,温岭,G,G589,4小时5分
江宁,乐清,G,G7677,4小时13分
江宁,永嘉,D,D3295,4小时41分
江宁,温州南,D,D3295,4小时53分
江宁,温州南,D,D2293,4小时47分
江宁,温州南,G,G7677,4小时31分
江宁,温州南,G,G589,4小时42分
江宁,平阳,D,D3295,5小时12分
江宁,金华,G,G1505,2小时33分
江宁,温州南,D,D3295,4小时53分
江宁,温州南,D,D2293,4小时47分
江宁,温州南,G,G7677,4小时31分
江宁,温州南,G,G589,4小时42分
江宁,合肥南,D,D2254,1小时5分
江宁,合肥,G,G7686,1小时7分
江宁,合肥南,D,D2254,1小时5分
江宁,合肥,G,G7686,1小时7分
江宁,合肥南,D,D2254,1小时5分
江宁,合肥,G,G7686,1小时7分
江宁,德清,D,D3295,1小时19分
江宁,长兴,G,G1505,0小时53分
江宁,长兴,D,D2187,1小时9分
