江宁西,上海虹桥,G,G7594,2小时32分
江宁西,上海虹桥,G,G7142,2小时20分
江宁西,昆山南,G,G7594,2小时9分
江宁西,昆山南,G,G7142,1小时55分
江宁西,苏州,G,G7594,1小时54分
江宁西,苏州,G,G7142,1小时41分
江宁西,无锡,G,G7594,1小时37分
江宁西,无锡,G,G7142,1小时24分
江宁西,常州,G,G7594,1小时21分
江宁西,常州,G,G7142,1小时8分
江宁西,丹阳,G,G7594,0小时59分
江宁西,丹阳,G,G7142,0小时51分
江宁西,镇江,G,G7594,0小时44分
江宁西,南京南,G,G7594,0小时13分
江宁西,南京南,D,D5604,0小时13分
江宁西,南京南,G,G7142,0小时13分
江宁西,南京南,D,D5608,0小时13分
江宁西,上海虹桥,G,G7594,2小时32分
江宁西,上海虹桥,G,G7142,2小时20分
江宁西,上海虹桥,G,G7594,2小时32分
江宁西,上海虹桥,G,G7142,2小时20分
江宁西,昆山南,G,G7594,2小时9分
江宁西,昆山南,G,G7142,1小时55分
江宁西,苏州,G,G7594,1小时54分
江宁西,苏州,G,G7142,1小时41分
江宁西,苏州,G,G7594,1小时54分
江宁西,苏州,G,G7142,1小时41分
江宁西,苏州,G,G7594,1小时54分
江宁西,苏州,G,G7142,1小时41分
江宁西,无锡,G,G7594,1小时37分
江宁西,无锡,G,G7142,1小时24分
江宁西,无锡,G,G7594,1小时37分
江宁西,无锡,G,G7142,1小时24分
江宁西,无锡,G,G7594,1小时37分
江宁西,无锡,G,G7142,1小时24分
江宁西,常州,G,G7594,1小时21分
江宁西,常州,G,G7142,1小时8分
江宁西,常州,G,G7594,1小时21分
江宁西,常州,G,G7142,1小时8分
江宁西,丹阳,G,G7594,0小时59分
江宁西,丹阳,G,G7142,0小时51分
江宁西,镇江,G,G7594,0小时44分
江宁西,南京南,G,G7594,0小时13分
江宁西,南京南,D,D5604,0小时13分
江宁西,南京南,G,G7142,0小时13分
江宁西,南京南,D,D5608,0小时13分
江宁西,南京南,G,G7594,0小时13分
江宁西,南京南,D,D5604,0小时13分
江宁西,南京南,G,G7142,0小时13分
江宁西,南京南,D,D5608,0小时13分
江宁西,昆山南,G,G7594,2小时9分
江宁西,昆山南,G,G7142,1小时55分
江宁西,嘉兴南,G,G7594,3小时6分
江宁西,杭州东,G,G7594,3小时39分
江宁西,杭州东,G,G7594,3小时39分
江宁西,义乌,G,G7594,4小时16分
江宁西,金华南,G,G7594,4小时39分
江宁西,上海虹桥,G,G7594,2小时32分
江宁西,上海虹桥,G,G7142,2小时20分
江宁西,杭州东,G,G7594,3小时39分
江宁西,温州南,G,G7594,6小时6分
江宁西,金华南,G,G7594,4小时39分
江宁西,温州南,G,G7594,6小时6分
江宁西,马鞍山东,G,G7711,0小时9分
江宁西,马鞍山东,G,G7081,0小时9分
江宁西,马鞍山东,G,G7061,0小时9分
江宁西,马鞍山东,D,D5607,0小时9分
江宁西,马鞍山东,G,G7593,0小时9分
江宁西,芜湖,G,G7711,0小时29分
江宁西,芜湖,G,G7081,0小时29分
江宁西,芜湖,G,G7061,0小时29分
江宁西,芜湖,D,D5607,0小时29分
江宁西,芜湖,G,G7593,0小时29分
江宁西,芜湖,G,G7711,0小时29分
江宁西,芜湖南,G,G7081,0小时42分
江宁西,芜湖南,G,G7061,0小时43分
江宁西,芜湖,D,D5607,0小时29分
江宁西,芜湖,G,G7593,0小时29分
江宁西,繁昌西,D,D5607,0小时51分
江宁西,繁昌西,G,G7593,0小时53分
江宁西,铜陵,G,G7081,1小时9分
江宁西,铜陵,G,G7061,1小时10分
江宁西,铜陵,D,D5607,1小时9分
江宁西,铜陵,G,G7593,1小时11分
江宁西,池州,G,G7081,1小时31分
江宁西,池州,G,G7061,1小时32分
江宁西,池州,G,G7593,1小时33分
江宁西,安庆,G,G7081,1小时52分
江宁西,安庆,G,G7061,1小时53分
江宁西,安庆,G,G7593,1小时53分
江宁西,铜陵,G,G7081,1小时9分
江宁西,铜陵,G,G7061,1小时10分
江宁西,铜陵,D,D5607,1小时9分
江宁西,铜陵,G,G7593,1小时11分
江宁西,芜湖,G,G7711,0小时29分
江宁西,芜湖南,G,G7081,0小时42分
江宁西,芜湖南,G,G7061,0小时43分
江宁西,芜湖,D,D5607,0小时29分
江宁西,芜湖,G,G7593,0小时29分
江宁西,湾沚南,G,G7711,0小时50分
江宁西,宣城,G,G7711,1小时6分
江宁西,马鞍山东,G,G7711,0小时9分
江宁西,马鞍山东,G,G7081,0小时9分
江宁西,马鞍山东,G,G7061,0小时9分
江宁西,马鞍山东,D,D5607,0小时9分
江宁西,马鞍山东,G,G7593,0小时9分
