海安,上海,C,C3893,2小时8分
海安,上海,C,C3851,1小时49分
海安,上海虹桥,C,C3795,2小时1分
海安,上海虹桥,D,D5455,1小时56分
海安,上海,C,C3855,2小时2分
海安,上海,D,D5591,2小时2分
海安,上海,C,C3895,2小时17分
海安,上海虹桥,G,G7579,2小时4分
海安,上海,C,C3859,1小时56分
海安,上海虹桥,C,C3775,2小时0分
海安,上海,C,C3863,2小时9分
海安,上海,C,C3867,1小时56分
海安,上海虹桥,D,D3063,2小时1分
海安,上海虹桥,D,D2215,1小时55分
海安,上海虹桥,D,D3089,2小时6分
海安,南京,C,C3782,2小时2分
海安,南京,D,D5472,1小时55分
海安,南京,C,C3786,1小时32分
海安,南京,D,D5412,1小时56分
海安,南京,C,C3852,1小时49分
海安,南京,C,C3860,1小时49分
海安,南京,C,C3864,1小时47分
海安,南京,D,D5416,2小时11分
海安,南京,C,C3868,1小时50分
海安,南京,C,C3772,1小时59分
海安,南京,D,D5420,2小时2分
海安,南京,D,D5456,2小时0分
海安,南京,K,K136,2小时31分
海安,南京,C,C3872,1小时53分
海安,南京,K,K8394,3小时14分
海安,滁州北,K,K62,2小时33分
海安,上海,C,C3893,2小时8分
海安,上海,C,C3851,1小时49分
海安,上海虹桥,C,C3795,2小时1分
海安,上海虹桥,D,D5455,1小时56分
海安,上海,C,C3855,2小时2分
海安,上海,D,D5591,2小时2分
海安,上海,C,C3895,2小时17分
海安,上海虹桥,G,G7579,2小时4分
海安,上海,C,C3859,1小时56分
海安,上海虹桥,C,C3775,2小时0分
海安,上海,C,C3863,2小时9分
海安,上海,C,C3867,1小时56分
海安,上海虹桥,D,D3063,2小时1分
海安,上海虹桥,D,D2215,1小时55分
海安,上海虹桥,D,D3089,2小时6分
海安,上海,C,C3893,2小时8分
海安,上海,C,C3851,1小时49分
海安,上海虹桥,C,C3795,2小时1分
海安,上海虹桥,D,D5455,1小时56分
海安,上海,C,C3855,2小时2分
海安,上海,D,D5591,2小时2分
海安,上海西,C,C3895,2小时3分
海安,上海虹桥,G,G7579,2小时4分
海安,上海,C,C3859,1小时56分
海安,上海虹桥,C,C3775,2小时0分
海安,上海,C,C3863,2小时9分
海安,上海,C,C3867,1小时56分
海安,上海虹桥,D,D3063,2小时1分
海安,上海虹桥,D,D2215,1小时55分
海安,上海虹桥,D,D3089,2小时6分
海安,南京,C,C3782,2小时2分
海安,南京,D,D5472,1小时55分
海安,南京,C,C3786,1小时32分
海安,南京,D,D5412,1小时56分
海安,南京,C,C3852,1小时49分
海安,南京,C,C3860,1小时49分
海安,南京,C,C3864,1小时47分
海安,南京,D,D5416,2小时11分
海安,南京,C,C3868,1小时50分
海安,南京,C,C3772,1小时59分
海安,南京,D,D5420,2小时2分
海安,南京,D,D5456,2小时0分
海安,南京,K,K136,2小时31分
海安,南京,C,C3872,1小时53分
海安,南京,K,K8394,3小时14分
海安,南京,C,C3782,2小时2分
海安,南京,D,D5472,1小时55分
海安,南京,C,C3786,1小时32分
海安,南京,D,D5412,1小时56分
海安,南京,C,C3852,1小时49分
海安,南京,C,C3860,1小时49分
海安,南京,C,C3864,1小时47分
海安,南京,D,D5416,2小时11分
海安,南京,C,C3868,1小时50分
海安,南京,C,C3772,1小时59分
海安,南京,D,D5420,2小时2分
海安,南京,D,D5456,2小时0分
海安,南京,K,K136,2小时31分
海安,南京,C,C3872,1小时53分
海安,南京,K,K8394,3小时14分
海安,滁州北,K,K62,2小时33分
海安,安亭西,C,C3893,1小时43分
海安,安亭西,C,C3855,1小时36分
海安,安亭西,C,C3895,1小时47分
海安,安亭西,G,G7579,1小时42分
海安,安亭西,C,C3863,1小时42分
海安,太仓南,C,C3893,1小时30分
海安,太仓,C,C3795,1小时24分
海安,太仓,C,C3855,1小时17分
海安,太仓,D,D5591,1小时23分
海安,太仓南,C,C3895,1小时34分
海安,太仓,G,G7579,1小时24分
海安,太仓,C,C3859,1小时17分
海安,太仓,C,C3775,1小时23分
海安,太仓南,C,C3863,1小时29分
海安,太仓,C,C3867,1小时17分
海安,太仓,D,D3063,1小时23分
海安,太仓,D,D2215,1小时18分
海安,太仓,D,D3089,1小时27分
海安,太仓,C,C3893,1小时19分
海安,太仓,C,C3795,1小时24分
海安,太仓,C,C3855,1小时17分
海安,太仓,D,D5591,1小时23分
海安,太仓,C,C3895,1小时23分
海安,太仓,G,G7579,1小时24分
海安,太仓,C,C3859,1小时17分
海安,太仓,C,C3775,1小时23分
海安,太仓,C,C3863,1小时17分
海安,太仓,C,C3867,1小时17分
海安,太仓,D,D3063,1小时23分
海安,太仓,D,D2215,1小时18分
海安,太仓,D,D3089,1小时27分
海安,常熟,C,C3893,0小时58分
海安,常熟,C,C3851,0小时56分
海安,常熟,C,C3795,1小时2分
海安,常熟,C,C3855,0小时56分
海安,常熟,D,D5591,1小时2分
海安,常熟,C,C3895,1小时2分
海安,常熟,G,G7579,1小时2分
海安,常熟,C,C3859,0小时56分
海安,常熟,C,C3775,1小时2分
海安,常熟,C,C3863,0小时56分
海安,常熟,C,C3867,0小时56分
海安,常熟,D,D3063,1小时2分
海安,常熟,D,D2215,0小时57分
海安,常熟,D,D3089,1小时5分
海安,张家港,C,C3893,0小时46分
海安,张家港,C,C3851,0小时45分
海安,张家港,C,C3795,0小时51分
海安,张家港,D,D5455,0小时53分
海安,张家港,C,C3855,0小时45分
海安,张家港,D,D5591,0小时50分
海安,张家港,C,C3895,0小时50分
海安,张家港,G,G7579,0小时51分
海安,张家港,C,C3859,0小时45分
海安,张家港,C,C3775,0小时51分
海安,张家港,C,C3863,0小时45分
海安,张家港,C,C3867,0小时45分
海安,张家港,D,D3063,0小时50分
海安,张家港,D,D2215,0小时44分
海安,张家港,D,D3089,0小时52分
海安,南通西,C,C3851,0小时28分
海安,南通西,C,C3795,0小时34分
海安,南通西,D,D5455,0小时34分
海安,南通,K,K563,0小时44分
海安,南通,D,D5411,0小时39分
海安,南通西,C,C3855,0小时28分
海安,南通,K,K61,0小时50分
海安,南通西,D,D5591,0小时34分
海安,南通西,C,C3895,0小时34分
海安,南通西,G,G7579,0小时34分
海安,南通,D,D3155,0小时40分
海安,南通西,C,C3859,0小时28分
海安,南通西,C,C3775,0小时34分
海安,南通西,C,C3863,0小时28分
海安,南通,D,D5471,0小时40分
海安,南通,K,K8599,0小时59分
海安,南通,D,D2267,0小时40分
海安,南通,D,D5419,0小时35分
海安,南通,C,C3785,0小时41分
海安,南通,C,C3781,0小时35分
海安,南通西,D,D3063,0小时34分
海安,南通西,D,D3089,0小时34分
海安,南通,D,D3151,0小时37分
海安,南通,K,K135,1小时21分
海安,扬州,C,C3782,1小时11分
海安,扬州,D,D5472,1小时1分
海安,扬州,D,D5412,1小时1分
海安,扬州,D,D3152,0小时58分
海安,扬州,D,D2216,1小时1分
海安,扬州,D,D2268,0小时58分
海安,扬州,C,C3852,0小时58分
海安,扬州,D,D3090,1小时9分
海安,扬州,D,D3064,1小时0分
海安,扬州,G,G7580,1小时9分
海安,扬州,C,C3860,0小时58分
海安,扬州,D,D5416,1小时1分
海安,扬州,C,C3868,0小时58分
海安,扬州,C,C3772,1小时4分
海安,扬州,D,D3156,1小时4分
海安,扬州,K,K62,1小时18分
海安,扬州,D,D5420,1小时7分
海安,扬州,D,D5562,1小时2分
海安,扬州,D,D5456,1小时6分
海安,扬州,K,K136,1小时23分
海安,扬州,C,C3872,1小时0分
海安,扬州,K,K8394,1小时27分
海安,扬州,D,D5472,1小时1分
海安,扬州,D,D5412,1小时1分
海安,扬州,D,D3152,0小时58分
海安,扬州,D,D2216,1小时1分
海安,扬州,D,D2268,0小时58分
海安,扬州,C,C3852,0小时58分
海安,扬州,D,D3090,1小时9分
海安,扬州,D,D3064,1小时0分
海安,扬州,G,G7580,1小时9分
海安,扬州,C,C3860,0小时58分
海安,扬州,D,D5416,1小时1分
海安,扬州,C,C3868,0小时58分
海安,扬州,D,D3156,1小时4分
海安,扬州,K,K62,1小时18分
海安,扬州,D,D5562,1小时2分
海安,扬州,D,D5456,1小时6分
海安,扬州,K,K136,1小时23分
海安,扬州,K,K1984,1小时37分
海安,扬州,K,K8394,1小时27分
海安,泰州,C,C3782,0小时30分
海安,泰州,D,D5472,0小时26分
海安,泰州,D,D5412,0小时26分
海安,泰州,D,D3152,0小时24分
海安,泰州,D,D2216,0小时25分
海安,泰州,D,D2268,0小时24分
海安,泰州,C,C3852,0小时24分
海安,泰州,D,D3090,0小时32分
海安,泰州,D,D3064,0小时25分
海安,泰州,G,G7580,0小时31分
海安,泰州,C,C3860,0小时24分
海安,泰州,C,C3864,0小时26分
海安,泰州,C,C3798,0小时32分
海安,泰州,D,D5416,0小时26分
海安,泰州,C,C3868,0小时24分
海安,泰州,C,C3772,0小时25分
海安,泰州,D,D3156,0小时30分
海安,泰州,K,K62,0小时34分
海安,泰州,D,D5420,0小时26分
海安,泰州,D,D5562,0小时25分
海安,泰州,D,D5456,0小时31分
海安,泰州,K,K136,0小时34分
海安,泰州,C,C3796,0小时26分
海安,泰州,C,C3894,0小时25分
海安,泰州,K,K8394,0小时42分
海安,姜堰,C,C3782,0小时18分
海安,泰州,D,D5472,0小时26分
海安,泰州,D,D5412,0小时26分
海安,泰州,D,D3152,0小时24分
海安,泰州,D,D2216,0小时25分
海安,泰州,D,D2268,0小时24分
海安,泰州,C,C3852,0小时24分
海安,姜堰,D,D3090,0小时18分
海安,泰州,D,D3064,0小时25分
海安,姜堰,G,G7580,0小时18分
海安,泰州,C,C3860,0小时24分
海安,泰州,C,C3864,0小时26分
海安,姜堰,C,C3798,0小时18分
海安,泰州,D,D5416,0小时26分
海安,泰州,C,C3868,0小时24分
海安,泰州,C,C3772,0小时25分
海安,姜堰,D,D3156,0小时18分
海安,泰州,K,K62,0小时34分
海安,泰州,D,D5420,0小时26分
海安,泰州,D,D5562,0小时25分
海安,姜堰,D,D5456,0小时19分
海安,泰州,K,K136,0小时34分
海安,泰州,C,C3796,0小时26分
海安,泰州,C,C3894,0小时25分
海安,姜堰,K,K8394,0小时25分
海安,如皋,C,C3893,0小时11分
海安,如皋,C,C3795,0小时12分
海安,如皋,D,D5455,0小时11分
海安,如皋,D,D5411,0小时11分
海安,如皋,D,D5591,0小时11分
海安,如皋,C,C3895,0小时11分
海安,如皋,G,G7579,0小时12分
海安,如皋,D,D3155,0小时11分
海安,如皋,C,C3775,0小时12分
海安,如皋,D,D5471,0小时11分
海安,如皋,K,K8599,0小时17分
海安,如皋,D,D2267,0小时11分
海安,如皋,C,C3867,0小时12分
海安,如皋,C,C3785,0小时12分
海安,如皋,D,D3063,0小时11分
海安,如皋,D,D2215,0小时11分
海安,如皋,D,D3089,0小时11分
海安,如皋,K,K135,0小时15分
海安,南通西,C,C3851,0小时28分
海安,南通西,C,C3795,0小时34分
海安,南通西,D,D5455,0小时34分
海安,南通,K,K563,0小时44分
海安,南通,D,D5411,0小时39分
海安,南通,K,K135,0小时50分
海安,南通西,C,C3855,0小时28分
海安,南通,K,K61,0小时50分
海安,南通西,D,D5591,0小时34分
海安,南通西,C,C3895,0小时34分
海安,南通西,G,G7579,0小时34分
海安,南通,D,D3155,0小时40分
海安,南通西,C,C3859,0小时28分
海安,南通西,C,C3775,0小时34分
海安,南通西,C,C3863,0小时28分
海安,南通,D,D5471,0小时40分
海安,南通,K,K8599,0小时59分
海安,南通,D,D2267,0小时40分
海安,南通,D,D5419,0小时35分
海安,南通,C,C3785,0小时41分
海安,南通,C,C3781,0小时35分
海安,南通西,D,D3063,0小时34分
海安,南通西,D,D3089,0小时34分
海安,南通,D,D3151,0小时37分
海安,海门,K,K563,1小时14分
海安,海门,D,D5411,1小时7分
海安,海门,D,D5419,1小时6分
海安,嘉兴南,G,G7579,2小时35分
海安,桐乡,G,G7579,2小时48分
海安,海宁,D,D5455,3小时5分
海安,杭州东,D,D5455,3小时45分
海安,杭州东,G,G7579,3小时9分
海安,杭州南,D,D5455,4小时3分
海安,杭州东,G,G7579,3小时9分
海安,上海,C,C3893,2小时8分
海安,上海,C,C3851,1小时49分
海安,上海虹桥,C,C3795,2小时1分
海安,上海虹桥,D,D5455,1小时56分
海安,上海,C,C3855,2小时2分
海安,上海,D,D5591,2小时2分
海安,上海,C,C3895,2小时17分
海安,上海虹桥,G,G7579,2小时4分
海安,上海,C,C3859,1小时56分
海安,上海虹桥,C,C3775,2小时0分
海安,上海,C,C3863,2小时9分
海安,上海,C,C3867,1小时56分
海安,上海虹桥,D,D3063,2小时1分
海安,上海虹桥,D,D2215,1小时55分
海安,上海虹桥,D,D3089,2小时6分
海安,海宁,D,D5455,3小时5分
海安,杭州南,D,D5455,4小时3分
海安,杭州东,G,G7579,3小时9分
海安,富阳,G,G7579,3小时36分
海安,桐庐,G,G7579,3小时52分
海安,建德,G,G7579,4小时8分
海安,千岛湖,G,G7579,4小时21分
海安,绩溪北,G,G7579,4小时47分
海安,盐城,K,K8600,1小时23分
海安,盐城,K,K564,1小时16分
海安,盐城,K,K772,1小时54分
海安,盐城,K,K1142,1小时35分
海安,东台,K,K772,0小时31分
海安,东台,K,K8600,0小时31分
海安,东台,K,K564,0小时31分
海安,东台,K,K1142,0小时43分
海安,全椒,D,D3064,1小时58分
海安,合肥南,D,D3152,2小时26分
海安,合肥南,D,D2216,2小时31分
海安,合肥南,D,D2268,2小时27分
海安,合肥南,D,D3090,2小时40分
海安,合肥南,D,D3064,2小时42分
海安,合肥南,D,D3156,2小时37分
海安,合肥,D,D5562,2小时32分
海安,合肥南,D,D3152,2小时26分
海安,合肥南,D,D2216,2小时31分
海安,合肥南,D,D2268,2小时27分
海安,合肥南,D,D3090,2小时40分
海安,合肥南,D,D3064,2小时42分
海安,合肥南,D,D3156,2小时37分
海安,合肥,D,D5562,2小时32分
海安,芜湖,K,K136,4小时38分
海安,芜湖,K,K136,4小时38分
海安,铜陵,K,K136,6小时6分
海安,池州,K,K136,7小时11分
海安,铜陵,K,K136,6小时6分
海安,合肥南,D,D3152,2小时26分
海安,合肥南,D,D2216,2小时31分
海安,合肥南,D,D2268,2小时27分
海安,合肥南,D,D3090,2小时40分
海安,合肥南,D,D3064,2小时42分
海安,合肥南,D,D3156,2小时37分
海安,合肥,D,D5562,2小时32分
海安,肥东,D,D3156,2小时23分
海安,芜湖,K,K136,4小时38分
