海宁,上海南,K,K528,1小时9分
海宁,上海南,K,K80,1小时37分
海宁,上海南,K,K752,1小时37分
海宁,上海南,K,K1186,1小时47分
海宁,上海南,Z,Z248,1小时14分
海宁,上海南,T,T212,1小时46分
海宁,上海南,K,K512,1小时42分
海宁,上海南,T,T170,1小时29分
海宁,上海南,Z,Z258,1小时20分
海宁,上海南,K,K470,1小时31分
海宁,上海南,K,K124,2小时54分
海宁,上海南,T,T78,1小时38分
海宁,上海南,K,K576,2小时1分
海宁,上海南,K,K352,2小时49分
海宁,上海南,K,K760,2小时12分
海宁,上海南,T,T382,1小时31分
海宁,上海南,K,K72,2小时1分
海宁,上海南,K,K112,1小时25分
海宁,上海南,D,D5484,1小时12分
海宁,上海南,T,T82,1小时10分
海宁,上海南,K,K1806,1小时32分
海宁,上海南,T,T26,1小时40分
海宁,上海南,K,K1512,1小时52分
海宁,上海南,K,K48,1小时31分
海宁,上海南,K,K496,1小时48分
海宁,上海虹桥,D,D5456,1小时5分
海宁,上海南,Z,Z282,1小时11分
海宁,上海南,K,K8352,1小时24分
海宁,上海南,K,K336,1小时36分
海宁,上海南,T,T136,1小时26分
海宁,上海南,K,K534,1小时30分
海宁,上海南,K,K808,1小时45分
海宁,上海南,K,K8372,1小时32分
海宁,昆山,K,K470,3小时0分
海宁,昆山,T,T112,1小时41分
海宁,昆山,K,K808,3小时11分
海宁,昆山,K,K1512,3小时16分
海宁,昆山,Z,Z176,1小时45分
海宁,昆山,K,K48,2小时44分
海宁,昆山,K,K8352,2小时41分
海宁,昆山,T,T136,2小时42分
海宁,苏州,K,K528,2小时41分
海宁,苏州,K,K470,3小时28分
海宁,苏州,T,T112,2小时6分
海宁,苏州,K,K1806,3小时6分
海宁,苏州,K,K1512,3小时45分
海宁,苏州,Z,Z176,2小时10分
海宁,苏州,K,K48,3小时11分
海宁,苏州,Z,Z86,1小时50分
海宁,苏州,Z,Z282,2小时42分
海宁,苏州,K,K8352,3小时9分
海宁,苏州,K,K336,3小时44分
海宁,苏州,K,K8372,3小时20分
海宁,苏州,T,T136,3小时6分
海宁,苏州,K,K808,3小时41分
海宁,无锡,K,K528,3小时12分
海宁,无锡,K,K470,4小时24分
海宁,无锡,T,T112,2小时36分
海宁,无锡,K,K808,4小时14分
海宁,无锡,K,K1806,3小时51分
海宁,无锡,K,K1512,4小时18分
海宁,无锡,Z,Z176,2小时44分
海宁,无锡,K,K48,3小时42分
海宁,无锡,Z,Z86,2小时15分
海宁,无锡,Z,Z282,3小时9分
海宁,无锡,K,K8352,4小时29分
海宁,无锡,K,K8372,3小时52分
海宁,无锡,T,T136,3小时35分
海宁,常州,T,T112,3小时2分
海宁,常州,K,K1806,4小时21分
海宁,常州,K,K1512,4小时50分
海宁,常州,Z,Z176,3小时8分
海宁,常州,K,K48,4小时12分
海宁,常州,Z,Z282,3小时34分
海宁,常州,K,K8352,5小时0分
海宁,常州,K,K8372,4小时23分
海宁,常州,T,T136,4小时6分
海宁,常州,K,K528,3小时43分
海宁,常州,K,K336,4小时38分
海宁,丹阳,K,K1806,4小时51分
海宁,丹阳,K,K48,4小时45分
海宁,丹阳,Z,Z176,3小时32分
海宁,镇江,K,K48,5小时8分
海宁,镇江,Z,Z282,4小时12分
海宁,镇江,K,K336,5小时25分
海宁,南京,K,K528,5小时19分
海宁,南京,T,T112,4小时30分
海宁,南京,K,K1806,5小时57分
海宁,南京,K,K1512,6小时28分
海宁,南京,K,K48,5小时57分
海宁,南京,D,D5456,5小时8分
海宁,南京,Z,Z86,3小时42分
海宁,南京,K,K8352,7小时1分
海宁,南京,K,K8372,6小时6分
海宁,南京,T,T136,5小时31分
海宁,南京,Z,Z176,4小时27分
海宁,南京,Z,Z282,5小时5分
海宁,南京,K,K336,6小时14分
海宁,滁州北,K,K1806,6小时58分
海宁,滁州北,K,K8372,6小时51分
海宁,上海南,K,K80,1小时37分
海宁,上海南,K,K752,1小时37分
海宁,上海南,K,K1186,1小时47分
海宁,上海南,Z,Z248,1小时14分
海宁,上海南,T,T212,1小时46分
海宁,上海南,K,K512,1小时42分
海宁,上海南,Z,Z258,1小时20分
海宁,上海南,K,K470,1小时31分
海宁,上海南,K,K124,2小时54分
海宁,上海南,T,T78,1小时38分
海宁,上海南,K,K576,2小时1分
海宁,上海南,K,K352,2小时49分
海宁,上海南,K,K760,2小时12分
海宁,上海南,T,T382,1小时31分
海宁,上海南,K,K72,2小时1分
海宁,上海南,K,K112,1小时25分
海宁,上海南,D,D5484,1小时12分
海宁,上海南,T,T82,1小时10分
海宁,上海南,K,K1806,1小时32分
海宁,上海南,T,T26,1小时40分
海宁,上海南,K,K1512,1小时52分
海宁,上海南,K,K48,1小时31分
海宁,上海南,K,K496,1小时48分
海宁,上海虹桥,D,D5456,1小时5分
海宁,上海南,Z,Z282,1小时11分
海宁,上海南,K,K8352,1小时24分
海宁,上海南,K,K336,1小时36分
海宁,上海南,T,T136,1小时26分
海宁,上海南,K,K528,1小时9分
海宁,上海南,T,T170,1小时29分
海宁,上海南,K,K534,1小时30分
海宁,上海南,K,K808,1小时45分
海宁,上海南,K,K8372,1小时32分
海宁,上海南,K,K80,1小时37分
海宁,上海南,K,K752,1小时37分
海宁,上海南,K,K1186,1小时47分
海宁,上海南,Z,Z248,1小时14分
海宁,上海南,T,T212,1小时46分
海宁,上海南,K,K512,1小时42分
海宁,上海南,Z,Z258,1小时20分
海宁,上海南,K,K470,1小时31分
海宁,上海南,K,K124,2小时54分
海宁,上海南,T,T78,1小时38分
海宁,上海南,K,K576,2小时1分
海宁,上海南,K,K352,2小时49分
海宁,上海南,K,K760,2小时12分
海宁,上海南,T,T382,1小时31分
海宁,上海南,K,K72,2小时1分
海宁,上海南,K,K112,1小时25分
海宁,上海南,D,D5484,1小时12分
海宁,上海南,T,T82,1小时10分
海宁,上海南,K,K1806,1小时32分
海宁,上海南,T,T26,1小时40分
海宁,上海南,K,K1512,1小时52分
海宁,上海南,K,K48,1小时31分
海宁,上海南,K,K496,1小时48分
海宁,上海虹桥,D,D5456,1小时5分
海宁,上海南,Z,Z282,1小时11分
海宁,上海南,K,K8352,1小时24分
海宁,上海南,K,K336,1小时36分
海宁,上海南,T,T136,1小时26分
海宁,上海南,K,K528,1小时9分
海宁,上海南,T,T170,1小时29分
海宁,上海南,K,K534,1小时30分
海宁,上海南,K,K808,1小时45分
海宁,上海南,K,K8372,1小时32分
海宁,昆山,K,K470,3小时0分
海宁,昆山,T,T112,1小时41分
海宁,昆山,K,K808,3小时11分
海宁,昆山,K,K1512,3小时16分
海宁,昆山,Z,Z176,1小时45分
海宁,昆山,K,K48,2小时44分
海宁,昆山,K,K8352,2小时41分
海宁,昆山,T,T136,2小时42分
海宁,苏州,K,K528,2小时41分
海宁,苏州,K,K470,3小时28分
海宁,苏州,T,T112,2小时6分
海宁,苏州,K,K1806,3小时6分
海宁,苏州,K,K1512,3小时45分
海宁,苏州,Z,Z176,2小时10分
海宁,苏州,K,K48,3小时11分
海宁,苏州,Z,Z86,1小时50分
海宁,苏州,Z,Z282,2小时42分
海宁,苏州,K,K8352,3小时9分
海宁,苏州,K,K336,3小时44分
海宁,苏州,K,K8372,3小时20分
海宁,苏州,T,T136,3小时6分
海宁,苏州,K,K808,3小时41分
海宁,苏州,K,K528,2小时41分
海宁,苏州,K,K470,3小时28分
海宁,苏州,T,T112,2小时6分
海宁,苏州,K,K1806,3小时6分
海宁,苏州,K,K1512,3小时45分
海宁,苏州,Z,Z176,2小时10分
海宁,苏州,K,K48,3小时11分
海宁,苏州,Z,Z86,1小时50分
海宁,苏州,Z,Z282,2小时42分
海宁,苏州,K,K8352,3小时9分
海宁,苏州,K,K336,3小时44分
海宁,苏州,K,K8372,3小时20分
海宁,苏州,T,T136,3小时6分
海宁,苏州,K,K808,3小时41分
海宁,苏州,K,K528,2小时41分
海宁,苏州,K,K470,3小时28分
海宁,苏州,T,T112,2小时6分
海宁,苏州,K,K1806,3小时6分
海宁,苏州,K,K1512,3小时45分
海宁,苏州,Z,Z176,2小时10分
海宁,苏州,K,K48,3小时11分
海宁,苏州,Z,Z86,1小时50分
海宁,苏州,Z,Z282,2小时42分
海宁,苏州,K,K8352,3小时9分
海宁,苏州,K,K336,3小时44分
海宁,苏州,K,K8372,3小时20分
海宁,苏州,T,T136,3小时6分
海宁,苏州,K,K808,3小时41分
海宁,无锡,K,K470,4小时24分
海宁,无锡,T,T112,2小时36分
海宁,无锡,K,K808,4小时14分
海宁,无锡,K,K1806,3小时51分
海宁,无锡,K,K1512,4小时18分
海宁,无锡,Z,Z176,2小时44分
海宁,无锡,K,K48,3小时42分
海宁,无锡,Z,Z86,2小时15分
海宁,无锡,Z,Z282,3小时9分
海宁,无锡,K,K8352,4小时29分
海宁,无锡,K,K8372,3小时52分
海宁,无锡,T,T136,3小时35分
海宁,无锡,K,K528,3小时12分
海宁,无锡,K,K528,3小时12分
海宁,无锡,K,K470,4小时24分
海宁,无锡,T,T112,2小时36分
海宁,无锡,K,K808,4小时14分
海宁,无锡,K,K1806,3小时51分
海宁,无锡,K,K1512,4小时18分
海宁,无锡,Z,Z176,2小时44分
海宁,无锡,K,K48,3小时42分
海宁,无锡,Z,Z86,2小时15分
海宁,无锡,Z,Z282,3小时9分
海宁,无锡,K,K8352,4小时29分
海宁,无锡,K,K8372,3小时52分
海宁,无锡,T,T136,3小时35分
海宁,无锡,K,K528,3小时12分
海宁,无锡,K,K470,4小时24分
海宁,无锡,T,T112,2小时36分
海宁,无锡,K,K808,4小时14分
海宁,无锡,K,K1806,3小时51分
海宁,无锡,K,K1512,4小时18分
海宁,无锡,Z,Z176,2小时44分
海宁,无锡,K,K48,3小时42分
海宁,无锡,Z,Z86,2小时15分
海宁,无锡,Z,Z282,3小时9分
海宁,无锡,K,K8352,4小时29分
海宁,无锡,K,K8372,3小时52分
海宁,无锡,T,T136,3小时35分
海宁,常州,K,K528,3小时43分
海宁,常州,T,T112,3小时2分
海宁,常州,K,K1806,4小时21分
海宁,常州,K,K1512,4小时50分
海宁,常州,Z,Z176,3小时8分
海宁,常州,K,K48,4小时12分
海宁,常州,Z,Z282,3小时34分
海宁,常州,K,K8352,5小时0分
海宁,常州,K,K8372,4小时23分
海宁,常州,T,T136,4小时6分
海宁,常州,K,K336,4小时38分
海宁,常州,K,K528,3小时43分
海宁,常州,T,T112,3小时2分
海宁,常州,K,K1806,4小时21分
海宁,常州,K,K1512,4小时50分
海宁,常州,Z,Z176,3小时8分
海宁,常州,K,K48,4小时12分
海宁,常州,Z,Z282,3小时34分
海宁,常州,K,K8352,5小时0分
海宁,常州,K,K8372,4小时23分
海宁,常州,T,T136,4小时6分
海宁,常州,K,K336,4小时38分
海宁,丹阳,K,K1806,4小时51分
海宁,丹阳,Z,Z176,3小时32分
海宁,丹阳,K,K48,4小时45分
海宁,镇江,K,K48,5小时8分
海宁,镇江,Z,Z282,4小时12分
海宁,镇江,K,K336,5小时25分
海宁,南京,K,K528,5小时19分
海宁,南京,T,T112,4小时30分
海宁,南京,K,K1806,5小时57分
海宁,南京,K,K1512,6小时28分
海宁,南京,K,K48,5小时57分
海宁,南京,D,D5456,5小时8分
海宁,南京,Z,Z86,3小时42分
海宁,南京,K,K8352,7小时1分
海宁,南京,K,K8372,6小时6分
海宁,南京,T,T136,5小时31分
海宁,南京,Z,Z176,4小时27分
海宁,南京,Z,Z282,5小时5分
海宁,南京,K,K336,6小时14分
海宁,南京,K,K528,5小时19分
海宁,南京,T,T112,4小时30分
海宁,南京,K,K1806,5小时57分
海宁,南京,K,K1512,6小时28分
海宁,南京,Z,Z176,4小时27分
海宁,南京,K,K48,5小时57分
海宁,南京,D,D5456,5小时8分
海宁,南京,Z,Z86,3小时42分
海宁,南京,K,K8352,7小时1分
海宁,南京,K,K8372,6小时6分
海宁,南京,T,T136,5小时31分
海宁,南京,Z,Z282,5小时5分
海宁,南京,K,K336,6小时14分
海宁,昆山,K,K470,3小时0分
海宁,昆山,T,T112,1小时41分
海宁,昆山,K,K808,3小时11分
海宁,昆山,K,K1512,3小时16分
海宁,昆山,Z,Z176,1小时45分
海宁,昆山,K,K48,2小时44分
海宁,昆山,K,K8352,2小时41分
海宁,昆山,T,T136,2小时42分
海宁,滁州北,K,K1806,6小时58分
海宁,滁州北,K,K8372,6小时51分
海宁,太仓,D,D5456,1小时43分
海宁,太仓,D,D5456,1小时43分
海宁,张家港,D,D5456,2小时16分
海宁,南通西,D,D5456,2小时35分
海宁,扬州,D,D5456,4小时14分
海宁,扬州,D,D5456,4小时14分
海宁,泰州,D,D5456,3小时39分
海宁,姜堰,D,D5456,3小时27分
海宁,海安,D,D5456,3小时6分
海宁,南通西,D,D5456,2小时35分
海宁,嘉善,K,K1186,0小时30分
海宁,嘉善,K,K512,0小时48分
海宁,嘉善,T,T170,0小时29分
海宁,嘉善,K,K470,0小时34分
海宁,嘉善,K,K124,0小时52分
海宁,嘉善,T,T78,0小时27分
海宁,嘉善,K,K576,0小时29分
海宁,嘉善,K,K760,0小时29分
海宁,嘉善,K,K72,0小时32分
海宁,嘉善,T,T112,0小时30分
海宁,嘉善,K,K808,0小时28分
海宁,嘉善,K,K1806,0小时37分
海宁,嘉善,T,T26,0小时27分
海宁,嘉善,K,K1512,0小时31分
海宁,嘉善,Z,Z176,0小时27分
海宁,嘉善,K,K48,0小时35分
海宁,嘉善,K,K496,0小时32分
海宁,嘉善,Z,Z282,0小时23分
海宁,嘉善,K,K8352,0小时28分
海宁,嘉善,K,K336,0小时30分
海宁,嘉善,T,T136,0小时26分
海宁,杭州,Z,Z175,0小时49分
海宁,杭州,K,K1805,0小时53分
海宁,杭州南,K,K335,0小时55分
海宁,杭州南,K,K8371,1小时32分
海宁,杭州南,T,T135,1小时8分
海宁,杭州,K,K8351,1小时5分
海宁,杭州,K,K47,1小时16分
海宁,杭州南,K,K833,1小时21分
海宁,杭州,D,D781,0小时43分
海宁,杭州南,K,K751,1小时0分
海宁,杭州东,D,D771,0小时37分
海宁,杭州,Z,Z85,0小时49分
海宁,杭州,Z,Z281,0小时55分
海宁,杭州南,T,T211,0小时56分
海宁,杭州南,K,K1371,0小时55分
海宁,杭州南,K,K533,0小时58分
海宁,杭州东,D,D5461,0小时38分
海宁,杭州南,K,K759,0小时56分
海宁,杭州南,K,K123,1小时0分
海宁,杭州南,K,K575,0小时58分
海宁,杭州南,K,K71,0小时56分
海宁,杭州东,D,D5485,0小时36分
海宁,杭州南,T,T81,0小时55分
海宁,杭州南,K,K351,0小时56分
海宁,杭州,T,T111,1小时2分
海宁,杭州南,T,T381,0小时53分
海宁,杭州南,K,K271,1小时1分
海宁,杭州南,T,T25,1小时5分
海宁,杭州,K,K1127,0小时56分
海宁,杭州南,Z,Z257,0小时54分
海宁,杭州南,K,K527,1小时2分
海宁,杭州南,K,K511,1小时0分
海宁,杭州南,Z,Z247,0小时51分
海宁,杭州南,T,T169,0小时55分
海宁,杭州东,D,D5455,0小时38分
海宁,杭州南,T,T77,0小时52分
海宁,杭州南,K,K111,0小时56分
海宁,杭州南,K,K79,1小时0分
海宁,杭州南,K,K287,0小时55分
海宁,杭州,Z,Z175,0小时49分
海宁,杭州,K,K1805,0小时53分
海宁,杭州南,K,K335,0小时55分
海宁,杭州南,K,K8371,1小时32分
海宁,杭州南,T,T135,1小时8分
海宁,杭州,K,K8351,1小时5分
海宁,杭州,K,K47,1小时16分
海宁,杭州南,K,K833,1小时21分
海宁,杭州,D,D781,0小时43分
海宁,杭州南,K,K751,1小时0分
海宁,杭州南,D,D771,0小时55分
海宁,杭州,Z,Z85,0小时49分
海宁,杭州,Z,Z281,0小时55分
海宁,杭州南,T,T211,0小时56分
海宁,杭州南,K,K1371,0小时55分
海宁,杭州南,K,K533,0小时58分
海宁,杭州南,D,D5461,0小时56分
海宁,杭州南,K,K759,0小时56分
海宁,杭州南,K,K123,1小时0分
海宁,杭州南,K,K575,0小时58分
海宁,杭州南,K,K71,0小时56分
海宁,杭州东,D,D5485,0小时36分
海宁,杭州南,T,T81,0小时55分
海宁,杭州南,K,K351,0小时56分
海宁,杭州,T,T111,1小时2分
海宁,杭州南,T,T381,0小时53分
海宁,杭州南,K,K271,1小时1分
海宁,杭州南,T,T25,1小时5分
海宁,杭州,K,K1127,0小时56分
海宁,杭州南,Z,Z257,0小时54分
海宁,杭州南,K,K527,1小时2分
海宁,杭州南,K,K511,1小时0分
海宁,杭州南,Z,Z247,0小时51分
海宁,杭州南,T,T169,0小时55分
海宁,杭州南,D,D5455,0小时56分
海宁,杭州南,T,T77,0小时52分
海宁,杭州南,K,K111,0小时56分
海宁,杭州南,K,K79,1小时0分
海宁,杭州南,K,K287,0小时55分
海宁,诸暨,K,K8371,2小时23分
海宁,诸暨,K,K759,1小时39分
海宁,诸暨,K,K71,1小时40分
海宁,诸暨,D,D5485,1小时21分
海宁,诸暨,T,T81,1小时34分
海宁,诸暨,K,K271,1小时54分
海宁,诸暨,K,K1127,2小时15分
海宁,诸暨,K,K527,1小时44分
海宁,义乌,K,K8371,2小时53分
海宁,义乌,K,K833,2小时28分
海宁,义乌,K,K751,2小时30分
海宁,义乌,D,D771,1小时45分
海宁,义乌,T,T211,1小时58分
海宁,义乌,K,K533,2小时3分
海宁,义乌,K,K759,2小时13分
海宁,义乌,K,K123,2小时14分
海宁,义乌,K,K575,2小时11分
海宁,义乌,K,K71,2小时15分
海宁,义乌,D,D5485,1小时42分
海宁,义乌,T,T81,2小时1分
海宁,义乌,K,K351,2小时5分
海宁,义乌,K,K271,2小时25分
海宁,义乌,T,T25,2小时2分
海宁,义乌,K,K527,2小时13分
海宁,义乌,K,K511,2小时16分
海宁,义乌,T,T169,1小时54分
海宁,义乌,T,T77,1小时51分
海宁,义乌,K,K1371,2小时0分
海宁,义乌,K,K111,2小时17分
海宁,义乌,T,T381,1小时54分
海宁,义乌,K,K1127,2小时55分
海宁,义乌,K,K79,2小时26分
海宁,义乌,Z,Z257,1小时43分
海宁,金华,K,K8371,4小时25分
海宁,金华,K,K833,3小时37分
海宁,金华,K,K751,3小时14分
海宁,金华,D,D771,2小时19分
海宁,金华,T,T211,2小时37分
海宁,金华,K,K533,2小时46分
海宁,金华,K,K759,3小时0分
海宁,金华,K,K123,3小时3分
海宁,金华,K,K575,2小时55分
海宁,金华,K,K71,3小时2分
海宁,金华,D,D5485,2小时15分
海宁,金华,T,T81,2小时44分
海宁,金华,K,K351,2小时48分
海宁,金华,K,K271,3小时7分
海宁,金华,T,T25,2小时43分
海宁,金华,K,K527,2小时55分
海宁,金华,K,K511,3小时4分
海宁,金华,T,T169,2小时32分
海宁,金华,T,T77,2小时31分
海宁,金华,K,K1371,2小时42分
海宁,金华,K,K111,2小时59分
海宁,金华,T,T381,2小时34分
海宁,金华,K,K1127,3小时39分
海宁,金华,K,K79,3小时9分
海宁,金华,Z,Z257,2小时18分
海宁,金华,Z,Z247,2小时22分
海宁,金华,K,K287,2小时53分
海宁,上海南,K,K528,1小时9分
海宁,上海南,K,K80,1小时37分
海宁,上海南,K,K752,1小时37分
海宁,上海南,K,K1186,1小时47分
海宁,上海南,Z,Z248,1小时14分
海宁,上海南,T,T212,1小时46分
海宁,上海南,K,K512,1小时42分
海宁,上海南,Z,Z258,1小时20分
海宁,上海南,K,K470,1小时31分
海宁,上海南,K,K124,2小时54分
海宁,上海南,T,T78,1小时38分
海宁,上海南,K,K576,2小时1分
海宁,上海南,K,K352,2小时49分
海宁,上海南,K,K760,2小时12分
海宁,上海南,T,T382,1小时31分
海宁,上海南,K,K72,2小时1分
海宁,上海南,K,K112,1小时25分
海宁,上海南,D,D5484,1小时12分
海宁,上海南,T,T82,1小时10分
海宁,上海南,K,K1806,1小时32分
海宁,上海南,T,T26,1小时40分
海宁,上海南,K,K1512,1小时52分
海宁,上海南,K,K48,1小时31分
海宁,上海南,K,K496,1小时48分
海宁,上海虹桥,D,D5456,1小时5分
海宁,上海南,Z,Z282,1小时11分
海宁,上海南,K,K8352,1小时24分
海宁,上海南,K,K336,1小时36分
海宁,上海南,T,T136,1小时26分
海宁,上海南,T,T170,1小时29分
海宁,上海南,K,K534,1小时30分
海宁,上海南,K,K808,1小时45分
海宁,上海南,K,K8372,1小时32分
海宁,松江,K,K470,1小时1分
海宁,松江,K,K352,1小时54分
海宁,松江,K,K72,1小时16分
海宁,松江,K,K112,0小时48分
海宁,松江,K,K48,1小时3分
海宁,松江,K,K496,1小时0分
海宁,松江,K,K336,0小时58分
海宁,嘉善,K,K1186,0小时30分
海宁,嘉善,K,K512,0小时48分
海宁,嘉善,T,T170,0小时29分
海宁,嘉善,K,K470,0小时34分
海宁,嘉善,K,K124,0小时52分
海宁,嘉善,T,T78,0小时27分
海宁,嘉善,K,K576,0小时29分
海宁,嘉善,K,K760,0小时29分
海宁,嘉善,K,K72,0小时32分
海宁,嘉善,T,T112,0小时30分
海宁,嘉善,K,K1806,0小时37分
海宁,嘉善,T,T26,0小时27分
海宁,嘉善,K,K1512,0小时31分
海宁,嘉善,Z,Z176,0小时27分
海宁,嘉善,K,K48,0小时35分
海宁,嘉善,K,K496,0小时32分
海宁,嘉善,Z,Z282,0小时23分
海宁,嘉善,K,K8352,0小时28分
海宁,嘉善,K,K336,0小时30分
海宁,嘉善,T,T136,0小时26分
海宁,嘉善,K,K808,0小时28分
海宁,杭州,Z,Z175,0小时49分
海宁,杭州,K,K1805,0小时53分
海宁,杭州南,K,K335,0小时55分
海宁,杭州南,K,K8371,1小时32分
海宁,杭州南,T,T135,1小时8分
海宁,杭州,K,K8351,1小时5分
海宁,杭州,K,K47,1小时16分
海宁,杭州南,K,K833,1小时21分
海宁,杭州,D,D781,0小时43分
海宁,杭州南,K,K751,1小时0分
海宁,杭州东,D,D771,0小时37分
海宁,杭州,Z,Z85,0小时49分
海宁,杭州,Z,Z281,0小时55分
海宁,杭州南,T,T211,0小时56分
海宁,杭州南,K,K1371,0小时55分
海宁,杭州南,K,K533,0小时58分
海宁,杭州南,D,D5461,0小时56分
海宁,杭州南,K,K759,0小时56分
海宁,杭州南,K,K123,1小时0分
海宁,杭州南,K,K575,0小时58分
海宁,杭州南,K,K71,0小时56分
海宁,杭州东,D,D5485,0小时36分
海宁,杭州南,T,T81,0小时55分
海宁,杭州南,K,K351,0小时56分
海宁,杭州,T,T111,1小时2分
海宁,杭州南,T,T381,0小时53分
海宁,杭州南,K,K271,1小时1分
海宁,杭州南,T,T25,1小时5分
海宁,杭州,K,K1127,0小时56分
海宁,杭州南,Z,Z257,0小时54分
海宁,杭州南,K,K527,1小时2分
海宁,杭州南,K,K511,1小时0分
海宁,杭州南,Z,Z247,0小时51分
海宁,杭州南,T,T169,0小时55分
海宁,杭州南,D,D5455,0小时56分
海宁,杭州南,T,T77,0小时52分
海宁,杭州南,K,K111,0小时56分
海宁,杭州南,K,K79,1小时0分
海宁,杭州南,K,K287,0小时55分
海宁,绍兴,K,K335,1小时30分
海宁,绍兴,T,T135,1小时42分
海宁,上虞,K,K335,1小时55分
海宁,上虞,T,T135,2小时7分
海宁,余姚,T,T135,2小时40分
海宁,宁波,K,K335,3小时22分
海宁,宁波,T,T135,3小时43分
海宁,宁波,K,K335,3小时22分
海宁,宁波,T,T135,3小时43分
海宁,绍兴,K,K335,1小时30分
海宁,绍兴,T,T135,1小时42分
海宁,上虞,K,K335,1小时55分
海宁,上虞,T,T135,2小时7分
海宁,余姚,T,T135,2小时40分
海宁,金华,K,K8371,4小时25分
海宁,金华,K,K833,3小时37分
海宁,金华,D,D771,2小时19分
海宁,金华,T,T211,2小时37分
海宁,金华,K,K533,2小时46分
海宁,金华,K,K759,3小时0分
海宁,金华,K,K123,3小时3分
海宁,金华,K,K575,2小时55分
海宁,金华,K,K71,3小时2分
海宁,金华,D,D5485,2小时15分
海宁,金华,T,T81,2小时44分
海宁,金华,K,K351,2小时48分
海宁,金华,K,K271,3小时7分
海宁,金华,T,T25,2小时43分
海宁,金华,K,K527,2小时55分
海宁,金华,K,K511,3小时4分
海宁,金华,K,K751,3小时14分
海宁,金华,T,T169,2小时32分
海宁,金华,T,T77,2小时31分
海宁,金华,K,K1371,2小时42分
海宁,金华,K,K111,2小时59分
海宁,金华,T,T381,2小时34分
海宁,金华,K,K1127,3小时39分
海宁,金华,K,K79,3小时9分
海宁,金华,Z,Z257,2小时18分
海宁,金华,Z,Z247,2小时22分
海宁,金华,K,K287,2小时53分
