温岭,上海虹桥,G,G7504,3小时12分
温岭,上海虹桥,G,G7572,3小时34分
温岭,上海虹桥,G,G7506,3小时28分
温岭,上海虹桥,G,G7546,3小时23分
温岭,上海虹桥,D,D3142,3小时24分
温岭,上海虹桥,G,G1674,3小时31分
温岭,上海虹桥,G,G7432,3小时37分
温岭,上海虹桥,D,D3132,3小时51分
温岭,上海虹桥,D,D3206,3小时30分
温岭,上海虹桥,G,G7536,3小时4分
温岭,上海虹桥,G,G7586,3小时25分
温岭,上海虹桥,G,G7576,3小时38分
温岭,上海虹桥,G,G7540,3小时20分
温岭,上海虹桥,G,G7516,3小时17分
温岭,上海虹桥,D,D3136,3小时32分
温岭,上海虹桥,D,D2284,3小时37分
温岭,上海虹桥,D,D2286,3小时34分
温岭,上海虹桥,D,D3108,3小时29分
温岭,昆山南,G,G7572,3小时56分
温岭,昆山南,D,D3142,3小时48分
温岭,昆山南,G,G7432,3小时58分
温岭,昆山南,D,D3136,3小时55分
温岭,苏州,G,G7572,4小时9分
温岭,苏州,D,D3142,4小时3分
温岭,苏州园区,G,G7432,4小时15分
温岭,苏州,G,G7586,4小时3分
温岭,苏州,G,G7576,4小时9分
温岭,苏州园区,D,D3136,4小时7分
温岭,无锡,G,G7572,4小时26分
温岭,无锡,D,D3142,4小时21分
温岭,无锡,G,G7432,4小时39分
温岭,无锡,G,G7586,4小时20分
温岭,无锡,G,G7576,4小时26分
温岭,无锡,D,D3136,4小时54分
温岭,常州,G,G7572,4小时42分
温岭,常州,D,D3142,4小时38分
温岭,常州,G,G7432,4小时55分
温岭,常州,G,G7586,4小时37分
温岭,常州,G,G7576,4小时42分
温岭,常州,D,D3136,5小时17分
温岭,丹阳,D,D3142,4小时56分
温岭,丹阳,G,G7432,5小时13分
温岭,丹阳,G,G7576,5小时0分
温岭,丹阳,D,D3136,5小时35分
温岭,镇江,G,G7572,5小时8分
温岭,镇江,D,D3142,5小时10分
温岭,镇江,G,G7432,5小时27分
温岭,镇江,G,G7576,5小时14分
温岭,镇江,D,D3136,5小时53分
温岭,南京南,G,G7572,5小时43分
温岭,南京南,G,G7486,3小时31分
温岭,南京,D,D3142,5小时35分
温岭,南京南,G,G7690,3小时51分
温岭,南京南,G,G7682,3小时32分
温岭,南京南,G,G7432,5小时56分
温岭,南京南,G,G7576,5小时43分
温岭,南京南,G,G7568,3小时29分
温岭,南京,D,D3136,6小时18分
温岭,上海虹桥,G,G7504,3小时12分
温岭,上海虹桥,G,G7572,3小时34分
温岭,上海虹桥,G,G7506,3小时28分
温岭,上海虹桥,G,G7546,3小时23分
温岭,上海虹桥,D,D3142,3小时24分
温岭,上海虹桥,G,G1674,3小时31分
温岭,上海虹桥,G,G7432,3小时37分
温岭,上海虹桥,D,D3132,3小时51分
温岭,上海虹桥,D,D3206,3小时30分
温岭,上海虹桥,G,G7536,3小时4分
温岭,上海虹桥,G,G7586,3小时25分
温岭,上海虹桥,G,G7576,3小时38分
温岭,上海虹桥,G,G7540,3小时20分
温岭,上海虹桥,G,G7516,3小时17分
温岭,上海虹桥,D,D3136,3小时32分
温岭,上海虹桥,D,D2284,3小时37分
温岭,上海虹桥,D,D2286,3小时34分
温岭,上海虹桥,D,D3108,3小时29分
温岭,上海虹桥,G,G7504,3小时12分
温岭,上海虹桥,G,G7572,3小时34分
温岭,上海虹桥,G,G7506,3小时28分
温岭,上海虹桥,G,G7546,3小时23分
温岭,上海虹桥,D,D3136,3小时32分
温岭,上海虹桥,G,G1674,3小时31分
温岭,上海虹桥,G,G7432,3小时37分
温岭,上海虹桥,D,D3132,3小时51分
温岭,上海虹桥,D,D3206,3小时30分
温岭,上海虹桥,D,D2286,3小时34分
温岭,上海虹桥,D,D3108,3小时29分
温岭,上海虹桥,G,G7536,3小时4分
温岭,上海虹桥,G,G7586,3小时25分
温岭,上海虹桥,G,G7576,3小时38分
温岭,上海虹桥,G,G7540,3小时20分
温岭,上海虹桥,D,D3142,3小时24分
温岭,上海虹桥,G,G7516,3小时17分
温岭,上海虹桥,D,D2284,3小时37分
温岭,安亭北,G,G7586,3小时41分
温岭,昆山南,G,G7572,3小时56分
温岭,昆山南,D,D3142,3小时48分
温岭,昆山南,G,G7432,3小时58分
温岭,昆山南,D,D3136,3小时55分
温岭,苏州,G,G7572,4小时9分
温岭,苏州,D,D3142,4小时3分
温岭,苏州园区,G,G7432,4小时15分
温岭,苏州,G,G7586,4小时3分
温岭,苏州,G,G7576,4小时9分
温岭,苏州园区,D,D3136,4小时7分
温岭,苏州,G,G7572,4小时9分
温岭,苏州,D,D3142,4小时3分
温岭,苏州,G,G7432,4小时22分
温岭,苏州,G,G7586,4小时3分
温岭,苏州,G,G7576,4小时9分
温岭,苏州,D,D3136,4小时36分
温岭,苏州,G,G7572,4小时9分
温岭,苏州,D,D3142,4小时3分
温岭,苏州园区,G,G7432,4小时15分
温岭,苏州,G,G7586,4小时3分
温岭,苏州,G,G7576,4小时9分
温岭,苏州园区,D,D3136,4小时7分
温岭,无锡,G,G7572,4小时26分
温岭,无锡,D,D3136,4小时54分
温岭,无锡,G,G7432,4小时39分
温岭,无锡,G,G7586,4小时20分
温岭,无锡,G,G7576,4小时26分
温岭,无锡,D,D3142,4小时21分
温岭,无锡,G,G7572,4小时26分
温岭,无锡,D,D3142,4小时21分
温岭,无锡,G,G7432,4小时39分
温岭,无锡,G,G7586,4小时20分
温岭,无锡,G,G7576,4小时26分
温岭,无锡,D,D3136,4小时54分
温岭,无锡,G,G7572,4小时26分
温岭,无锡,G,G7432,4小时39分
温岭,无锡,G,G7586,4小时20分
温岭,无锡,G,G7576,4小时26分
温岭,无锡,D,D3142,4小时21分
温岭,惠山,D,D3136,5小时4分
温岭,常州,G,G7572,4小时42分
温岭,常州,D,D3142,4小时38分
温岭,常州,G,G7432,4小时55分
温岭,常州,G,G7586,4小时37分
温岭,常州,G,G7576,4小时42分
温岭,常州,D,D3136,5小时17分
温岭,常州,G,G7572,4小时42分
温岭,常州,D,D3142,4小时38分
温岭,常州,G,G7432,4小时55分
温岭,常州,G,G7586,4小时37分
温岭,常州,G,G7576,4小时42分
温岭,常州,D,D3136,5小时17分
温岭,丹阳,D,D3142,4小时56分
温岭,丹阳,G,G7432,5小时13分
温岭,丹阳,G,G7576,5小时0分
温岭,丹阳,D,D3136,5小时35分
温岭,镇江,G,G7572,5小时8分
温岭,镇江,D,D3142,5小时10分
温岭,镇江,G,G7432,5小时27分
温岭,镇江,G,G7576,5小时14分
温岭,镇江,D,D3136,5小时53分
温岭,南京南,G,G7572,5小时43分
温岭,南京南,G,G7486,3小时31分
温岭,南京南,G,G7690,3小时51分
温岭,南京,D,D3136,6小时18分
温岭,南京南,G,G7682,3小时32分
温岭,南京南,G,G7432,5小时56分
温岭,南京南,G,G7576,5小时43分
温岭,南京南,G,G7568,3小时29分
温岭,南京,D,D3142,5小时35分
温岭,南京南,G,G7572,5小时43分
温岭,南京南,G,G7486,3小时31分
温岭,南京,D,D3142,5小时35分
温岭,南京南,G,G7690,3小时51分
温岭,南京南,G,G7682,3小时32分
温岭,南京南,G,G7432,5小时56分
温岭,南京南,G,G7576,5小时43分
温岭,南京南,G,G7568,3小时29分
温岭,南京,D,D3136,6小时18分
温岭,昆山南,G,G7572,3小时56分
温岭,昆山南,D,D3142,3小时48分
温岭,昆山南,G,G7432,3小时58分
温岭,昆山南,D,D3136,3小时55分
温岭,松江南,G,G7576,3小时22分
温岭,松江南,G,G7540,3小时0分
温岭,金山北,G,G7504,2小时52分
温岭,金山北,G,G7572,3小时12分
温岭,金山北,G,G7516,2小时57分
温岭,金山北,G,G1674,3小时4分
温岭,嘉善南,G,G7572,3小时0分
温岭,嘉善南,G,G7546,2小时55分
温岭,嘉兴南,G,G7504,2小时36分
温岭,嘉兴南,G,G7506,2小时58分
温岭,嘉兴南,D,D3142,2小时52分
温岭,嘉兴南,G,G7432,3小时3分
温岭,嘉兴南,D,D3132,3小时17分
温岭,嘉兴南,D,D3206,2小时55分
温岭,嘉兴南,G,G7586,2小时55分
温岭,嘉兴南,G,G7576,3小时2分
温岭,嘉兴南,D,D3136,3小时1分
温岭,嘉兴南,G,G1674,2小时48分
温岭,嘉兴南,D,D2284,3小时5分
温岭,嘉兴南,D,D2286,3小时2分
温岭,嘉兴南,D,D3108,2小时56分
温岭,桐乡,G,G7572,2小时42分
温岭,桐乡,G,G7586,2小时42分
温岭,桐乡,D,D3136,2小时48分
温岭,海宁西,G,G7506,2小时41分
温岭,海宁西,G,G7546,2小时34分
温岭,海宁西,G,G1674,2小时27分
温岭,海宁西,G,G7576,2小时45分
温岭,海宁西,G,G7540,2小时28分
温岭,海宁西,D,D2284,2小时44分
温岭,余杭,D,D2286,2小时39分
温岭,余杭,D,D3132,2小时48分
温岭,杭州东,G,G7504,2小时11分
温岭,杭州东,G,G7572,2小时22分
温岭,杭州东,G,G7506,2小时24分
温岭,杭州东,G,G7670,2小时17分
温岭,杭州东,G,G7475,3小时39分
温岭,杭州东,G,G7486,2小时7分
温岭,杭州东,G,G7546,2小时17分
温岭,杭州东,D,D3142,2小时17分
温岭,杭州东,D,D3166,2小时19分
温岭,杭州东,G,G7690,2小时31分
温岭,杭州东,G,G1674,2小时9分
温岭,杭州东,G,G7682,2小时7分
温岭,杭州东,G,G7432,2小时29分
温岭,杭州东,D,D3132,2小时37分
温岭,杭州东,D,D3206,2小时24分
温岭,杭州东,G,G7536,2小时9分
温岭,杭州南,G,G7482,2小时37分
温岭,杭州东,G,G7586,2小时22分
温岭,杭州东,G,G7576,2小时29分
温岭,杭州东,G,G7568,2小时12分
温岭,杭州东,G,G7540,2小时11分
温岭,杭州东,G,G7516,2小时23分
温岭,杭州东,D,D3136,2小时16分
温岭,杭州东,D,D2284,2小时28分
温岭,杭州东,D,D2286,2小时25分
温岭,杭州东,D,D3108,2小时28分
温岭,杭州东,G,G7504,2小时11分
温岭,杭州南,G,G7572,2小时10分
温岭,杭州东,G,G7506,2小时24分
温岭,杭州东,G,G7670,2小时17分
温岭,杭州东,G,G7475,3小时39分
温岭,杭州东,G,G7486,2小时7分
温岭,杭州东,G,G7546,2小时17分
温岭,杭州东,D,D3142,2小时17分
温岭,杭州东,D,D3166,2小时19分
温岭,杭州南,G,G7690,2小时17分
温岭,杭州东,G,G7682,2小时7分
温岭,杭州东,G,G7432,2小时29分
温岭,杭州东,D,D3132,2小时37分
温岭,杭州东,D,D3206,2小时24分
温岭,杭州东,G,G7536,2小时9分
温岭,杭州南,G,G7482,2小时37分
温岭,杭州东,G,G7586,2小时22分
温岭,杭州东,G,G7576,2小时29分
温岭,杭州东,G,G7568,2小时12分
温岭,杭州东,G,G7540,2小时11分
温岭,杭州东,G,G7516,2小时23分
温岭,杭州东,D,D3136,2小时16分
温岭,杭州东,G,G1674,2小时9分
温岭,杭州东,D,D2284,2小时28分
温岭,杭州东,D,D2286,2小时25分
温岭,杭州东,D,D3108,2小时28分
温岭,义乌,G,G7475,3小时4分
温岭,金华,G,G2343,2小时47分
温岭,金华南,G,G7475,2小时43分
温岭,金华,G,G2357,3小时2分
温岭,上海虹桥,G,G7504,3小时12分
温岭,上海虹桥,G,G7572,3小时34分
温岭,上海虹桥,G,G7506,3小时28分
温岭,上海虹桥,G,G7546,3小时23分
温岭,上海虹桥,D,D3142,3小时24分
温岭,上海虹桥,G,G7432,3小时37分
温岭,上海虹桥,D,D2284,3小时37分
温岭,上海虹桥,D,D2286,3小时34分
温岭,上海虹桥,G,G7536,3小时4分
温岭,上海虹桥,G,G7586,3小时25分
温岭,上海虹桥,G,G7576,3小时38分
温岭,上海虹桥,G,G7540,3小时20分
温岭,上海虹桥,G,G7516,3小时17分
温岭,上海虹桥,D,D3136,3小时32分
温岭,上海虹桥,G,G1674,3小时31分
温岭,上海虹桥,D,D3132,3小时51分
温岭,上海虹桥,D,D3206,3小时30分
温岭,上海虹桥,D,D3108,3小时29分
温岭,嘉善南,G,G7572,3小时0分
温岭,嘉善南,G,G7546,2小时55分
温岭,海宁西,G,G7506,2小时41分
温岭,海宁西,G,G7546,2小时34分
温岭,海宁西,D,D3142,2小时35分
温岭,海宁西,G,G7576,2小时45分
温岭,海宁西,G,G7540,2小时28分
温岭,海宁西,G,G1674,2小时27分
温岭,海宁西,D,D2284,2小时44分
温岭,杭州东,G,G7504,2小时11分
温岭,杭州南,G,G7572,2小时10分
温岭,杭州东,G,G7506,2小时24分
温岭,杭州东,G,G7670,2小时17分
温岭,杭州东,G,G7475,3小时39分
温岭,杭州东,G,G7486,2小时7分
温岭,杭州东,G,G7546,2小时17分
温岭,杭州东,D,D3142,2小时17分
温岭,杭州东,D,D3166,2小时19分
温岭,杭州南,G,G7690,2小时17分
温岭,杭州东,G,G1674,2小时9分
温岭,杭州东,G,G7682,2小时7分
温岭,杭州东,G,G7432,2小时29分
温岭,杭州东,D,D3132,2小时37分
温岭,杭州东,D,D3206,2小时24分
温岭,杭州东,G,G7536,2小时9分
温岭,杭州南,G,G7482,2小时37分
温岭,杭州东,G,G7586,2小时22分
温岭,杭州东,G,G7576,2小时29分
温岭,杭州东,G,G7568,2小时12分
温岭,杭州东,G,G7540,2小时11分
温岭,杭州东,G,G7516,2小时23分
温岭,杭州东,D,D3136,2小时16分
温岭,杭州东,D,D2284,2小时28分
温岭,杭州东,D,D2286,2小时25分
温岭,杭州东,D,D3108,2小时28分
温岭,溧水,G,G7568,3小时11分
温岭,宜兴,G,G7486,2小时57分
温岭,宜兴,G,G7690,3小时16分
温岭,宜兴,G,G7682,2小时56分
温岭,长兴,G,G7568,2小时39分
温岭,湖州,G,G7690,2小时57分
温岭,湖州,G,G7682,2小时37分
温岭,德清,G,G7486,2小时27分
温岭,绍兴北,G,G7504,1小时50分
温岭,绍兴北,G,G7506,1小时57分
温岭,绍兴北,G,G7670,1小时57分
温岭,绍兴北,G,G7546,1小时56分
温岭,绍兴北,G,G7682,1小时45分
温岭,绍兴北,G,G7432,2小时8分
温岭,绍兴北,D,D3132,2小时15分
温岭,绍兴北,D,D3206,2小时1分
温岭,绍兴北,G,G7536,1小时46分
温岭,绍兴北,G,G7482,2小时22分
温岭,绍兴北,G,G7576,2小时8分
温岭,绍兴北,G,G7568,1小时52分
温岭,绍兴北,G,G7540,1小时50分
温岭,绍兴北,G,G7516,2小时2分
温岭,绍兴北,D,D3136,1小时50分
温岭,绍兴北,D,D2284,2小时4分
温岭,绍兴北,D,D2286,2小时3分
温岭,绍兴北,D,D3108,2小时3分
温岭,绍兴东,G,G7572,1小时49分
温岭,绍兴东,G,G7506,1小时43分
温岭,绍兴东,G,G7670,1小时44分
温岭,绍兴东,D,D3142,1小时48分
温岭,绍兴东,D,D3166,1小时48分
温岭,绍兴东,G,G7690,1小时57分
温岭,绍兴东,D,D3132,1小时52分
温岭,绍兴东,D,D3206,1小时48分
温岭,绍兴东,G,G7482,2小时9分
温岭,绍兴东,G,G7576,1小时55分
温岭,绍兴东,G,G7516,1小时49分
温岭,绍兴东,D,D2286,1小时50分
温岭,绍兴东,D,D3108,1小时49分
温岭,余姚北,G,G7546,1小时36分
温岭,余姚北,D,D3142,1小时30分
温岭,余姚北,G,G7690,1小时42分
温岭,余姚北,G,G1674,1小时34分
温岭,余姚北,G,G7432,1小时48分
温岭,余姚北,D,D3132,1小时35分
温岭,余姚北,D,D3206,1小时34分
温岭,余姚北,G,G7482,1小时47分
温岭,余姚北,G,G7586,1小时41分
温岭,余姚北,G,G7576,1小时41分
温岭,余姚北,G,G7568,1小时32分
温岭,余姚北,D,D2284,1小时42分
温岭,余姚北,D,D2286,1小时36分
温岭,余姚北,D,D3108,1小时35分
温岭,宁波,G,G7504,1小时15分
温岭,宁波,G,G7572,1小时20分
温岭,宁波,G,G7506,1小时9分
温岭,宁波,G,G7670,1小时15分
温岭,宁波,G,G7486,1小时14分
温岭,宁波,G,G7546,1小时15分
温岭,宁波,D,D3142,1小时8分
温岭,宁波,D,D3166,1小时14分
温岭,庄桥,G,G7690,1小时26分
温岭,宁波,G,G7682,1小时7分
温岭,宁波,G,G7432,1小时7分
温岭,宁波,D,D3132,1小时9分
温岭,宁波,D,D3206,1小时8分
温岭,宁波,G,G7536,1小时9分
温岭,宁波,G,G2344,1小时10分
温岭,宁波,G,G7482,1小时20分
温岭,宁波,G,G7586,1小时15分
温岭,宁波,G,G7576,1小时20分
温岭,宁波,G,G7568,1小时10分
温岭,宁波,G,G7540,1小时15分
温岭,宁波,G,G7516,1小时20分
温岭,宁波,D,D3136,1小时8分
温岭,宁波,G,G1674,1小时9分
温岭,宁波,D,D2284,1小时15分
温岭,宁波,D,D2286,1小时12分
温岭,宁波,D,D3108,1小时9分
温岭,宁波,G,G7504,1小时15分
温岭,宁波,G,G7572,1小时20分
温岭,宁波,G,G7506,1小时9分
温岭,宁波,G,G7670,1小时15分
温岭,宁波,G,G7486,1小时14分
温岭,宁波,G,G7546,1小时15分
温岭,宁波,D,D3142,1小时8分
温岭,宁波,D,D3166,1小时14分
温岭,宁波,G,G7690,1小时13分
温岭,宁波,G,G1674,1小时9分
温岭,宁波,G,G7682,1小时7分
温岭,宁波,G,G7432,1小时7分
温岭,宁波,D,D3132,1小时9分
温岭,宁波,D,D3206,1小时8分
温岭,宁波,G,G7536,1小时9分
温岭,宁波,G,G2344,1小时10分
温岭,宁波,G,G7482,1小时20分
温岭,宁波,G,G7586,1小时15分
温岭,宁波,G,G7576,1小时20分
温岭,宁波,G,G7568,1小时10分
温岭,宁波,G,G7540,1小时15分
温岭,宁波,G,G7516,1小时20分
温岭,宁波,D,D3136,1小时8分
温岭,宁波,D,D2284,1小时15分
温岭,宁波,D,D2286,1小时12分
温岭,宁波,D,D3108,1小时9分
温岭,绍兴北,G,G7504,1小时50分
温岭,绍兴北,G,G7506,1小时57分
温岭,绍兴北,G,G7670,1小时57分
温岭,绍兴北,G,G7546,1小时56分
温岭,绍兴北,G,G7682,1小时45分
温岭,绍兴北,G,G7432,2小时8分
温岭,绍兴北,D,D3132,2小时15分
温岭,绍兴北,D,D3206,2小时1分
温岭,绍兴北,G,G7536,1小时46分
温岭,绍兴北,G,G7482,2小时22分
温岭,绍兴北,G,G7576,2小时8分
温岭,绍兴北,G,G7568,1小时52分
温岭,绍兴北,G,G7540,1小时50分
温岭,绍兴北,G,G7516,2小时2分
温岭,绍兴北,D,D3136,1小时50分
温岭,绍兴北,D,D2284,2小时4分
温岭,绍兴北,D,D2286,2小时3分
温岭,绍兴北,D,D3108,2小时3分
温岭,绍兴东,G,G7572,1小时49分
温岭,绍兴东,G,G7506,1小时43分
温岭,绍兴东,G,G7670,1小时44分
温岭,绍兴东,D,D3142,1小时48分
温岭,绍兴东,D,D3166,1小时48分
温岭,绍兴东,G,G7690,1小时57分
温岭,绍兴东,D,D3132,1小时52分
温岭,绍兴东,D,D3206,1小时48分
温岭,绍兴东,G,G7482,2小时9分
温岭,绍兴东,G,G7576,1小时55分
温岭,绍兴东,G,G7516,1小时49分
温岭,绍兴东,D,D2286,1小时50分
温岭,绍兴东,D,D3108,1小时49分
温岭,余姚北,G,G7546,1小时36分
温岭,余姚北,D,D3142,1小时30分
温岭,余姚北,G,G7690,1小时42分
温岭,余姚北,G,G7432,1小时48分
温岭,余姚北,D,D3132,1小时35分
温岭,余姚北,D,D3206,1小时34分
温岭,余姚北,G,G7482,1小时47分
温岭,余姚北,G,G7586,1小时41分
温岭,余姚北,G,G7576,1小时41分
温岭,余姚北,G,G7568,1小时32分
温岭,余姚北,G,G1674,1小时34分
温岭,余姚北,D,D2284,1小时42分
温岭,余姚北,D,D2286,1小时36分
温岭,余姚北,D,D3108,1小时35分
温岭,奉化,G,G7572,1小时0分
温岭,奉化,G,G7670,0小时55分
温岭,奉化,D,D3108,0小时49分
温岭,宁海,G,G7504,0小时42分
温岭,宁海,G,G7572,0小时42分
温岭,宁海,G,G7682,0小时36分
温岭,宁海,G,G7482,0小时48分
温岭,宁海,G,G7586,0小时42分
温岭,宁海,G,G7540,0小时43分
温岭,宁海,G,G7516,0小时48分
温岭,宁海,D,D2284,0小时42分
温岭,宁海,D,D2286,0小时37分
温岭,三门县,G,G7486,0小时32分
温岭,三门县,G,G7546,0小时32分
温岭,三门县,D,D3142,0小时26分
温岭,三门县,D,D3166,0小时32分
温岭,三门县,G,G7690,0小时31分
温岭,三门县,G,G7432,0小时26分
温岭,三门县,D,D3206,0小时25分
温岭,三门县,G,G7576,0小时32分
温岭,临海,G,G7482,0小时24分
温岭,临海,G,G7586,0小时18分
温岭,临海,G,G7576,0小时18分
温岭,临海,G,G7568,0小时20分
温岭,临海,G,G7540,0小时19分
温岭,临海,G,G7516,0小时24分
温岭,台州,G,G7504,0小时11分
温岭,台州,G,G7572,0小时11分
温岭,台州,G,G7506,0小时11分
温岭,台州,G,G7670,0小时12分
温岭,台州,G,G7486,0小时11分
温岭,台州,G,G7546,0小时11分
温岭,台州,D,D3166,0小时11分
温岭,台州,G,G7690,0小时11分
温岭,台州,G,G1674,0小时11分
温岭,台州,D,D3132,0小时11分
温岭,台州,G,G7536,0小时11分
温岭,台州,G,G2344,0小时11分
温岭,台州,G,G7482,0小时11分
温岭,台州,G,G7516,0小时11分
温岭,台州,D,D3136,0小时11分
温岭,台州,D,D2284,0小时11分
温岭,雁荡山,G,G2343,0小时11分
温岭,雁荡山,G,G7475,0小时11分
温岭,雁荡山,G,G2357,0小时11分
温岭,雁荡山,G,G7575,0小时11分
温岭,雁荡山,G,G7645,0小时11分
温岭,绅坊,G,G7475,0小时24分
温岭,绅坊,D,D3239,0小时18分
温岭,绅坊,D,D3131,0小时18分
温岭,绅坊,D,D2285,0小时18分
温岭,绅坊,D,D3215,0小时18分
温岭,绅坊,G,G7539,0小时18分
温岭,绅坊,D,D381,0小时18分
温岭,乐清,G,G2343,0小时30分
温岭,乐清,G,G7475,0小时36分
温岭,乐清,D,D2281,0小时24分
温岭,乐清,D,D3205,0小时24分
温岭,乐清,G,G7431,0小时24分
温岭,乐清,G,G343,0小时26分
温岭,乐清,G,G7681,0小时25分
温岭,乐清,D,D2283,0小时24分
温岭,乐清,G,G7511,0小时24分
温岭,乐清,G,G2357,0小时30分
温岭,乐清,G,G7575,0小时30分
温岭,乐清,G,G7677,0小时24分
温岭,乐清,D,D3291,0小时24分
温岭,乐清,G,G7539,0小时30分
温岭,永嘉,G,G7475,0小时47分
温岭,永嘉,D,D2287,0小时29分
温岭,永嘉,D,D3107,0小时29分
温岭,永嘉,G,G7575,0小时42分
温岭,永嘉,D,D3169,0小时30分
温岭,永嘉,G,G7545,0小时29分
温岭,温州南,D,D3219,0小时36分
温岭,温州南,G,G2343,0小时49分
温岭,温州南,G,G7475,1小时1分
温岭,温州南,D,D3239,0小时41分
温岭,温州南,G,G7501,0小时35分
温岭,温州南,D,D2287,0小时41分
温岭,温州南,D,D3131,0小时41分
温岭,温州南,G,G7609,0小时36分
温岭,温州南,G,G7665,0小时38分
温岭,温州南,D,D2281,0小时41分
温岭,温州南,D,D2285,0小时41分
温岭,温州南,D,D3205,0小时41分
温岭,温州南,G,G7431,0小时43分
温岭,温州南,D,D3107,0小时41分
温岭,温州南,G,G343,0小时44分
温岭,温州南,G,G7681,0小时49分
温岭,温州南,D,D2283,0小时41分
温岭,温州南,G,G7511,0小时41分
温岭,温州南,D,D2293,0小时35分
温岭,温州南,D,D3215,0小时41分
温岭,温州南,G,G2357,1小时0分
温岭,温州南,G,G7575,0小时59分
温岭,温州南,D,D3169,0小时41分
温岭,温州南,G,G7545,0小时42分
温岭,温州南,G,G7521,0小时36分
温岭,温州南,G,G7677,0小时42分
温岭,温州南,G,G7795,0小时36分
温岭,温州南,G,G7661,0小时35分
温岭,温州南,G,G7535,0小时36分
温岭,温州南,D,D3201,0小时35分
温岭,温州南,G,G7645,0小时42分
温岭,温州南,D,D3291,0小时41分
温岭,温州南,D,D3301,0小时35分
温岭,温州南,G,G7567,0小时36分
温岭,温州南,G,G7539,0小时48分
温岭,温州南,D,D381,0小时40分
温岭,温州南,G,G589,0小时35分
温岭,温州南,G,G7525,0小时38分
温岭,温州南,G,G167,0小时42分
温岭,瑞安,D,D3219,0小时49分
温岭,瑞安,D,D3239,0小时55分
温岭,瑞安,G,G7501,0小时50分
温岭,瑞安,D,D3131,0小时54分
温岭,瑞安,D,D2281,0小时54分
温岭,瑞安,D,D3201,0小时48分
温岭,瑞安,D,D3301,0小时48分
温岭,瑞安,G,G7539,1小时11分
温岭,平阳,G,G7501,1小时2分
温岭,平阳,G,G7609,1小时1分
温岭,平阳,D,D2285,1小时0分
温岭,平阳,D,D3107,1小时0分
温岭,平阳,D,D2283,1小时0分
温岭,平阳,D,D3215,1小时1分
温岭,平阳,D,D3169,1小时1分
温岭,平阳,G,G7661,0小时56分
温岭,平阳,D,D3201,1小时0分
温岭,平阳,D,D3291,1小时0分
温岭,平阳,D,D3301,1小时0分
温岭,平阳,G,G7539,1小时23分
温岭,苍南,D,D3219,1小时7分
温岭,苍南,G,G7501,1小时16分
温岭,苍南,D,D2281,1小时12分
温岭,苍南,D,D3205,1小时6分
温岭,苍南,D,D2283,1小时13分
温岭,苍南,D,D3201,1小时13分
温岭,苍南,G,G7645,1小时10分
温岭,苍南,D,D3291,1小时12分
温岭,苍南,G,G7539,1小时36分
温岭,苍南,D,D381,1小时7分
温岭,金华南,G,G2343,2小时34分
温岭,金华南,G,G7475,2小时43分
温岭,金华南,G,G2357,2小时45分
温岭,武义北,G,G2343,2小时21分
温岭,武义北,G,G2357,2小时31分
温岭,永康南,G,G7475,2小时23分
温岭,武义北,G,G2343,2小时21分
温岭,武义北,G,G2357,2小时31分
温岭,永康南,G,G7475,2小时23分
温岭,温州南,D,D3219,0小时36分
温岭,温州南,G,G2343,0小时49分
温岭,温州南,G,G7475,1小时1分
温岭,温州南,D,D3239,0小时41分
温岭,温州南,G,G7501,0小时35分
温岭,温州南,D,D2287,0小时41分
温岭,温州南,D,D3131,0小时41分
温岭,温州南,G,G7609,0小时36分
温岭,温州南,G,G7665,0小时38分
温岭,温州南,D,D2281,0小时41分
温岭,温州南,D,D2285,0小时41分
温岭,温州南,D,D3205,0小时41分
温岭,温州南,G,G7431,0小时43分
温岭,温州南,D,D3107,0小时41分
温岭,温州南,G,G343,0小时44分
温岭,温州南,G,G7681,0小时49分
温岭,温州南,D,D2283,0小时41分
温岭,温州南,G,G7511,0小时41分
温岭,温州南,D,D2293,0小时35分
温岭,温州南,D,D3215,0小时41分
温岭,温州南,G,G2357,1小时0分
温岭,温州南,G,G7575,0小时59分
温岭,温州南,D,D3169,0小时41分
温岭,温州南,G,G7545,0小时42分
温岭,温州南,G,G7521,0小时36分
温岭,温州南,G,G7677,0小时42分
温岭,温州南,G,G7795,0小时36分
温岭,温州南,G,G7661,0小时35分
温岭,温州南,G,G7535,0小时36分
温岭,温州南,D,D3201,0小时35分
温岭,温州南,G,G7645,0小时42分
温岭,温州南,D,D3291,0小时41分
温岭,温州南,D,D3301,0小时35分
温岭,温州南,G,G7567,0小时36分
温岭,温州南,G,G7539,0小时48分
温岭,温州南,D,D381,0小时40分
温岭,温州南,G,G589,0小时35分
温岭,温州南,G,G7525,0小时38分
温岭,富阳,G,G7482,3小时16分
温岭,桐庐,G,G7482,3小时32分
温岭,千岛湖,G,G7482,3小时55分
温岭,全椒,G,G7576,6小时6分
温岭,合肥,G,G7572,6小时40分
温岭,合肥南,G,G7670,4小时48分
温岭,合肥南,G,G7486,4小时22分
温岭,合肥,G,G7682,4小时28分
温岭,合肥南,G,G7432,6小时48分
温岭,合肥南,G,G7576,6小时50分
温岭,合肥,G,G7572,6小时40分
温岭,合肥南,G,G7670,4小时48分
温岭,合肥南,G,G7486,4小时22分
温岭,合肥,G,G7682,4小时28分
温岭,合肥南,G,G7432,6小时48分
温岭,合肥南,G,G7576,6小时50分
温岭,芜湖,G,G7670,3小时47分
温岭,芜湖,G,G7670,3小时47分
温岭,巢湖东,G,G7670,4小时9分
温岭,合肥,G,G7572,6小时40分
温岭,合肥南,G,G7670,4小时48分
温岭,合肥南,G,G7486,4小时22分
温岭,合肥,G,G7682,4小时28分
温岭,合肥南,G,G7432,6小时48分
温岭,合肥南,G,G7576,6小时50分
温岭,水家湖,G,G7572,7小时11分
温岭,肥东,G,G7670,4小时35分
温岭,芜湖,G,G7670,3小时47分
温岭,宣城,G,G7670,3小时18分
温岭,安吉,G,G7670,2小时52分
温岭,德清,G,G7486,2小时27分
温岭,长兴,G,G7568,2小时39分
温岭,巢湖东,G,G7670,4小时9分
