溧阳,上海虹桥,G,G7357,2小时38分
溧阳,上海虹桥,G,G7397,2小时26分
溧阳,南京南,G,G204,0小时27分
溧阳,南京南,D,D2254,1小时2分
溧阳,南京南,G,G3110,0小时26分
溧阳,南京南,G,G1224,0小时34分
溧阳,南京南,G,G7398,0小时33分
溧阳,南京南,G,G7452,0小时26分
溧阳,南京南,G,G1492,0小时33分
溧阳,南京南,G,G1496,0小时34分
溧阳,南京南,G,G1676,0小时33分
溧阳,南京南,G,G7454,0小时28分
溧阳,南京南,G,G7656,0小时33分
溧阳,南京南,D,D2192,0小时30分
溧阳,南京南,G,G62,0小时41分
溧阳,南京南,G,G7752,0小时35分
溧阳,南京南,G,G7610,0小时43分
溧阳,南京南,G,G1732,0小时39分
溧阳,南京南,G,G1662,0小时39分
溧阳,南京南,G,G7666,0小时27分
溧阳,南京南,G,G7394,0小时33分
溧阳,南京南,G,G1504,0小时26分
溧阳,南京南,G,G1668,0小时26分
溧阳,南京南,G,G7630,0小时26分
溧阳,南京南,G,G1506,0小时26分
溧阳,南京南,G,G7674,0小时38分
溧阳,南京南,G,G7796,0小时28分
溧阳,南京南,G,G1870,0小时34分
溧阳,南京南,G,G7582,0小时30分
溧阳,滁州,G,G204,0小时51分
溧阳,滁州,G,G7610,1小时3分
溧阳,滁州,G,G1732,1小时5分
溧阳,滁州,G,G1662,1小时13分
溧阳,滁州,G,G1870,0小时59分
溧阳,定远,G,G204,1小时10分
溧阳,上海虹桥,G,G7357,2小时38分
溧阳,上海虹桥,G,G7397,2小时26分
溧阳,上海虹桥,G,G7357,2小时38分
溧阳,上海虹桥,G,G7397,2小时26分
溧阳,南京南,G,G204,0小时27分
溧阳,南京南,D,D2254,1小时2分
溧阳,南京南,G,G3110,0小时26分
溧阳,南京南,G,G1224,0小时34分
溧阳,南京南,G,G7398,0小时33分
溧阳,南京南,G,G7452,0小时26分
溧阳,南京南,G,G1492,0小时33分
溧阳,南京南,G,G1496,0小时34分
溧阳,南京南,G,G1676,0小时33分
溧阳,南京南,G,G7454,0小时28分
溧阳,南京南,G,G7656,0小时33分
溧阳,南京南,D,D2192,0小时30分
溧阳,南京南,G,G62,0小时41分
溧阳,南京南,G,G7752,0小时35分
溧阳,南京南,G,G7610,0小时43分
溧阳,南京南,G,G1732,0小时39分
溧阳,南京南,G,G1662,0小时39分
溧阳,南京南,G,G7666,0小时27分
溧阳,南京南,G,G7394,0小时33分
溧阳,南京南,G,G1504,0小时26分
溧阳,南京南,G,G1668,0小时26分
溧阳,南京南,G,G7630,0小时26分
溧阳,南京南,G,G1506,0小时26分
溧阳,南京南,G,G7674,0小时38分
溧阳,南京南,G,G7796,0小时28分
溧阳,南京南,G,G1870,0小时34分
溧阳,南京南,G,G7582,0小时30分
溧阳,南京南,G,G204,0小时27分
溧阳,南京南,D,D2254,1小时2分
溧阳,南京南,G,G3110,0小时26分
溧阳,南京南,G,G1224,0小时34分
溧阳,南京南,G,G7398,0小时33分
溧阳,南京南,G,G7452,0小时26分
溧阳,南京南,G,G1492,0小时33分
溧阳,南京南,G,G1496,0小时34分
溧阳,南京南,G,G1676,0小时33分
溧阳,南京南,G,G7454,0小时28分
溧阳,南京南,G,G7656,0小时33分
溧阳,南京南,D,D2192,0小时30分
溧阳,南京南,G,G62,0小时41分
溧阳,南京南,G,G7752,0小时35分
溧阳,南京南,G,G7610,0小时43分
溧阳,南京南,G,G1732,0小时39分
溧阳,南京南,G,G1662,0小时39分
溧阳,南京南,G,G7666,0小时27分
溧阳,南京南,G,G7394,0小时33分
溧阳,南京南,G,G1504,0小时26分
溧阳,南京南,G,G1668,0小时26分
溧阳,南京南,G,G7630,0小时26分
溧阳,南京南,G,G1506,0小时26分
溧阳,南京南,G,G7674,0小时38分
溧阳,南京南,G,G7796,0小时28分
溧阳,南京南,G,G1870,0小时34分
溧阳,南京南,G,G7582,0小时30分
溧阳,滁州,G,G204,0小时51分
溧阳,滁州,G,G7610,1小时3分
溧阳,滁州,G,G1732,1小时5分
溧阳,滁州,G,G1662,1小时13分
溧阳,滁州,G,G1870,0小时59分
溧阳,嘉兴南,G,G7397,1小时56分
溧阳,桐乡,G,G7357,2小时2分
溧阳,余杭,G,G7357,1小时48分
溧阳,杭州,G,G7357,1小时9分
溧阳,杭州东,G,G7625,1小时7分
溧阳,杭州东,G,G1667,1小时7分
溧阳,杭州东,G,G7641,1小时5分
溧阳,杭州东,G,G1505,1小时7分
溧阳,杭州东,D,D3295,1小时3分
溧阳,杭州东,G,G1503,1小时4分
溧阳,杭州东,G,G1603,0小时55分
溧阳,杭州东,G,G7455,1小时2分
溧阳,杭州东,G,G7681,1小时0分
溧阳,杭州东,G,G7695,1小时5分
溧阳,杭州东,G,G1675,1小时1分
溧阳,杭州东,G,G2807,0小时53分
溧阳,杭州东,G,G7673,0小时55分
溧阳,杭州东,G,G7751,0小时56分
溧阳,杭州东,G,G7485,0小时46分
溧阳,杭州东,G,G1223,0小时53分
溧阳,杭州东,G,G7615,0小时54分
溧阳,杭州东,G,G7677,0小时57分
溧阳,杭州东,G,G7795,0小时54分
溧阳,杭州东,G,G7613,1小时0分
溧阳,杭州东,G,G7649,0小时54分
溧阳,杭州,G,G7397,1小时0分
溧阳,杭州东,G,G2667,0小时53分
溧阳,杭州东,G,G45,1小时1分
溧阳,杭州东,G,G37,0小时53分
溧阳,杭州,D,D2187,1小时9分
溧阳,杭州东,G,G589,0小时54分
溧阳,杭州东,G,G593,0小时48分
溧阳,杭州,G,G7357,1小时9分
溧阳,杭州东,G,G7625,1小时7分
溧阳,杭州东,G,G1667,1小时7分
溧阳,杭州东,G,G7641,1小时5分
溧阳,杭州东,G,G1505,1小时7分
溧阳,杭州东,D,D3295,1小时3分
溧阳,杭州东,G,G1503,1小时4分
溧阳,杭州东,G,G1603,0小时55分
溧阳,杭州东,G,G7455,1小时2分
溧阳,杭州东,G,G7681,1小时0分
溧阳,杭州东,G,G7695,1小时5分
溧阳,杭州东,G,G1675,1小时1分
溧阳,杭州东,G,G2807,0小时53分
溧阳,杭州东,G,G7673,0小时55分
溧阳,杭州东,G,G7751,0小时56分
溧阳,杭州南,G,G7485,0小时59分
溧阳,杭州东,G,G1223,0小时53分
溧阳,杭州东,G,G7615,0小时54分
溧阳,杭州东,G,G7677,0小时57分
溧阳,杭州东,G,G7795,0小时54分
溧阳,杭州东,G,G7613,1小时0分
溧阳,杭州东,G,G7649,0小时54分
溧阳,杭州,G,G7397,1小时0分
溧阳,杭州东,G,G2667,0小时53分
溧阳,杭州东,G,G45,1小时1分
溧阳,杭州东,G,G37,0小时53分
溧阳,杭州,D,D2187,1小时9分
溧阳,杭州东,G,G589,0小时54分
溧阳,杭州东,G,G593,0小时48分
溧阳,杭州东,G,G167,0小时46分
溧阳,诸暨,G,G7641,1小时36分
溧阳,诸暨,G,G1503,1小时30分
溧阳,诸暨,G,G7695,1小时36分
溧阳,诸暨,G,G45,1小时35分
溧阳,义乌,G,G7625,1小时44分
溧阳,义乌,G,G1667,1小时44分
溧阳,义乌,G,G1505,1小时49分
溧阳,义乌,G,G1503,1小时45分
溧阳,义乌,G,G7695,1小时52分
溧阳,义乌,G,G1675,1小时40分
溧阳,义乌,G,G7615,1小时29分
溧阳,义乌,G,G7649,1小时33分
溧阳,义乌,G,G45,1小时51分
溧阳,金华南,G,G7625,2小时3分
溧阳,金华,G,G1667,2小时7分
溧阳,金华南,G,G7641,2小时7分
溧阳,金华,G,G1505,2小时7分
溧阳,金华,G,G1503,2小时3分
溧阳,金华,G,G7695,2小时10分
溧阳,金华,G,G1675,1小时59分
溧阳,金华南,G,G7615,1小时48分
溧阳,金华南,G,G7649,1小时52分
溧阳,金华,G,G45,2小时9分
溧阳,上海虹桥,G,G7357,2小时38分
溧阳,上海虹桥,G,G7397,2小时26分
溧阳,杭州,G,G7357,1小时9分
溧阳,杭州东,G,G7625,1小时7分
溧阳,杭州东,G,G1667,1小时7分
溧阳,杭州东,G,G7641,1小时5分
溧阳,杭州东,G,G1505,1小时7分
溧阳,杭州东,D,D3295,1小时3分
溧阳,杭州东,G,G1503,1小时4分
溧阳,杭州东,G,G1603,0小时55分
溧阳,杭州东,G,G7455,1小时2分
溧阳,杭州东,G,G7681,1小时0分
溧阳,杭州东,G,G7695,1小时5分
溧阳,杭州东,G,G1675,1小时1分
溧阳,杭州东,G,G2807,0小时53分
溧阳,杭州东,G,G7673,0小时55分
溧阳,杭州东,G,G7751,0小时56分
溧阳,杭州东,G,G7485,0小时46分
溧阳,杭州东,G,G1223,0小时53分
溧阳,杭州东,G,G7615,0小时54分
溧阳,杭州东,G,G7677,0小时57分
溧阳,杭州东,G,G7795,0小时54分
溧阳,杭州东,G,G7613,1小时0分
溧阳,杭州东,G,G7649,0小时54分
溧阳,杭州,G,G7397,1小时0分
溧阳,杭州东,G,G2667,0小时53分
溧阳,杭州东,G,G45,1小时1分
溧阳,杭州东,G,G37,0小时53分
溧阳,杭州,D,D2187,1小时9分
溧阳,杭州东,G,G589,0小时54分
溧阳,杭州东,G,G593,0小时48分
溧阳,杭州东,G,G167,0小时46分
溧阳,江宁,D,D2254,0小时47分
溧阳,江宁,G,G1496,0小时23分
溧阳,句容西,D,D2254,0小时28分
溧阳,句容西,G,G7656,0小时20分
溧阳,句容西,G,G62,0小时27分
溧阳,溧水,D,D2254,0小时17分
溧阳,溧水,G,G1224,0小时16分
溧阳,溧水,G,G1492,0小时16分
溧阳,溧水,G,G1676,0小时16分
溧阳,溧水,G,G7752,0小时16分
溧阳,溧水,G,G7610,0小时17分
溧阳,溧水,G,G1732,0小时16分
溧阳,溧水,G,G1662,0小时16分
溧阳,溧水,G,G7394,0小时16分
溧阳,溧水,G,G1870,0小时16分
溧阳,瓦屋山,G,G7398,0小时11分
溧阳,瓦屋山,G,G62,0小时11分
溧阳,瓦屋山,G,G7674,0小时11分
溧阳,宜兴,G,G7357,0小时11分
溧阳,宜兴,G,G7625,0小时12分
溧阳,宜兴,G,G1667,0小时12分
溧阳,宜兴,G,G7641,0小时12分
溧阳,宜兴,G,G1505,0小时12分
溧阳,宜兴,D,D3295,0小时13分
溧阳,宜兴,G,G1503,0小时12分
溧阳,宜兴,G,G1603,0小时12分
溧阳,宜兴,G,G7455,0小时12分
溧阳,宜兴,G,G7681,0小时12分
溧阳,宜兴,G,G7695,0小时12分
溧阳,宜兴,G,G1675,0小时12分
溧阳,宜兴,G,G2807,0小时12分
溧阳,宜兴,G,G7673,0小时12分
溧阳,宜兴,G,G7751,0小时12分
溧阳,宜兴,G,G7485,0小时12分
溧阳,宜兴,G,G1223,0小时12分
溧阳,宜兴,G,G7615,0小时12分
溧阳,宜兴,G,G7677,0小时12分
溧阳,宜兴,G,G7795,0小时11分
溧阳,宜兴,G,G7613,0小时12分
溧阳,宜兴,G,G7649,0小时12分
溧阳,宜兴,G,G7397,0小时12分
溧阳,宜兴,G,G2667,0小时11分
溧阳,宜兴,G,G45,0小时11分
溧阳,宜兴,G,G37,0小时11分
溧阳,宜兴,D,D2253,0小时13分
溧阳,宜兴,D,D2187,0小时12分
溧阳,宜兴,G,G589,0小时12分
溧阳,长兴,G,G7625,0小时26分
溧阳,长兴,G,G1667,0小时26分
溧阳,长兴,G,G1505,0小时27分
溧阳,长兴,G,G7455,0小时27分
溧阳,长兴,G,G7681,0小时26分
溧阳,长兴,G,G7695,0小时26分
溧阳,长兴,G,G1675,0小时26分
溧阳,长兴,D,D2187,0小时26分
溧阳,湖州,G,G7357,0小时30分
溧阳,湖州,G,G7625,0小时37分
溧阳,湖州,G,G1667,0小时37分
溧阳,湖州,G,G7641,0小时30分
溧阳,湖州,G,G1505,0小时43分
溧阳,湖州,D,D3295,0小时32分
溧阳,湖州,G,G1503,0小时30分
溧阳,湖州,G,G1603,0小时31分
溧阳,湖州,G,G7455,0小时38分
溧阳,湖州,G,G7681,0小时37分
溧阳,湖州,G,G7695,0小时42分
溧阳,湖州,G,G1675,0小时37分
溧阳,湖州,G,G2807,0小时30分
溧阳,湖州,G,G7673,0小时30分
溧阳,湖州,G,G7751,0小时31分
溧阳,湖州,G,G1223,0小时30分
溧阳,湖州,G,G7615,0小时30分
溧阳,湖州,G,G7677,0小时30分
溧阳,湖州,G,G7795,0小时31分
溧阳,湖州,G,G7613,0小时30分
溧阳,湖州,G,G7649,0小时30分
溧阳,湖州,G,G7397,0小时30分
溧阳,湖州,G,G2667,0小时30分
溧阳,湖州,G,G45,0小时31分
溧阳,湖州,G,G37,0小时30分
溧阳,湖州,D,D2187,0小时38分
溧阳,湖州,G,G589,0小时30分
溧阳,湖州,G,G593,0小时23分
溧阳,湖州,G,G167,0小时23分
溧阳,德清,G,G7357,0小时44分
溧阳,德清,G,G7625,0小时52分
溧阳,德清,G,G1667,0小时52分
溧阳,德清,G,G7641,0小时46分
溧阳,德清,D,D3295,0小时47分
溧阳,德清,G,G1503,0小时45分
溧阳,德清,G,G7613,0小时45分
溧阳,德清,G,G45,0小时46分
溧阳,绍兴北,D,D3295,1小时25分
溧阳,绍兴北,G,G7681,1小时26分
溧阳,绍兴北,G,G2807,1小时18分
溧阳,绍兴北,G,G7485,1小时15分
溧阳,绍兴北,G,G1223,1小时18分
溧阳,绍兴北,G,G7795,1小时22分
溧阳,绍兴北,G,G589,1小时15分
溧阳,绍兴东,D,D3295,1小时39分
溧阳,绍兴东,G,G7485,1小时30分
溧阳,绍兴东,G,G7677,1小时24分
溧阳,绍兴东,G,G589,1小时28分
溧阳,余姚北,D,D3295,1小时57分
溧阳,余姚北,G,G7681,1小时46分
溧阳,余姚北,G,G7677,1小时38分
溧阳,余姚北,G,G7795,1小时42分
溧阳,余姚北,G,G589,1小时42分
溧阳,余姚北,G,G167,1小时27分
溧阳,宁波,D,D3295,2小时20分
溧阳,宁波,G,G7681,2小时17分
溧阳,宁波,G,G2807,1小时54分
溧阳,宁波,G,G7673,1小时49分
溧阳,宁波,G,G7485,2小时0分
溧阳,宁波,G,G7677,1小时59分
溧阳,宁波,G,G7795,2小时3分
溧阳,宁波,G,G589,2小时3分
溧阳,宁波,G,G1223,1小时52分
溧阳,宁波,D,D3295,2小时20分
溧阳,宁波,G,G7681,2小时17分
溧阳,宁波,G,G2807,1小时54分
溧阳,宁波,G,G7673,1小时49分
溧阳,宁波,G,G7485,2小时0分
溧阳,宁波,G,G1223,1小时52分
溧阳,宁波,G,G7677,1小时59分
溧阳,宁波,G,G7795,2小时3分
溧阳,宁波,G,G589,2小时3分
溧阳,宁波,G,G167,1小时48分
溧阳,绍兴北,D,D3295,1小时25分
溧阳,绍兴北,G,G7681,1小时26分
溧阳,绍兴北,G,G2807,1小时18分
溧阳,绍兴北,G,G7485,1小时15分
溧阳,绍兴北,G,G1223,1小时18分
溧阳,绍兴北,G,G7795,1小时22分
溧阳,绍兴北,G,G589,1小时15分
溧阳,绍兴东,D,D3295,1小时39分
溧阳,绍兴东,G,G7485,1小时30分
溧阳,绍兴东,G,G7677,1小时24分
溧阳,绍兴东,G,G589,1小时28分
溧阳,余姚北,D,D3295,1小时57分
溧阳,余姚北,G,G7681,1小时46分
溧阳,余姚北,G,G7677,1小时38分
溧阳,余姚北,G,G7795,1小时42分
溧阳,余姚北,G,G589,1小时42分
溧阳,奉化,D,D3295,2小时42分
溧阳,奉化,G,G7485,2小时26分
溧阳,宁海,G,G7681,2小时47分
溧阳,宁海,G,G7485,2小时44分
溧阳,宁海,G,G7677,2小时31分
溧阳,三门县,D,D3295,3小时10分
溧阳,三门县,G,G7485,3小时1分
溧阳,三门县,G,G7677,2小时48分
溧阳,三门县,G,G7795,2小时48分
溧阳,三门县,G,G589,2小时47分
溧阳,临海,G,G589,3小时0分
溧阳,台州,D,D3295,3小时31分
溧阳,台州,G,G7681,3小时19分
溧阳,台州,G,G7485,3小时22分
溧阳,台州,G,G7677,3小时9分
溧阳,台州,G,G7795,3小时9分
溧阳,台州,G,G589,3小时19分
溧阳,温岭,G,G7681,3小时32分
溧阳,温岭,G,G7677,3小时22分
溧阳,温岭,G,G7795,3小时24分
溧阳,温岭,G,G589,3小时32分
溧阳,绅坊,G,G7485,3小时49分
溧阳,乐清,G,G7681,3小时59分
溧阳,乐清,G,G7677,3小时48分
溧阳,永嘉,D,D3295,4小时9分
溧阳,温州南,G,G7625,3小时36分
溧阳,温州南,G,G7641,3小时25分
溧阳,温州南,D,D3295,4小时21分
溧阳,温州南,G,G7681,4小时23分
溧阳,温州南,G,G7485,4小时12分
溧阳,温州南,G,G7615,3小时27分
溧阳,温州南,G,G7677,4小时6分
溧阳,温州南,G,G7795,4小时2分
溧阳,温州南,G,G7649,3小时17分
溧阳,温州南,G,G589,4小时9分
溧阳,温州南,G,G167,3小时55分
溧阳,平阳,G,G7641,3小时49分
溧阳,平阳,D,D3295,4小时40分
溧阳,金华南,G,G7625,2小时3分
溧阳,金华,G,G1667,2小时7分
溧阳,金华南,G,G7641,2小时7分
溧阳,金华,G,G1505,2小时7分
溧阳,金华,G,G1503,2小时3分
溧阳,金华,G,G7695,2小时10分
溧阳,金华,G,G1675,1小时59分
溧阳,金华南,G,G7615,1小时48分
溧阳,金华南,G,G7649,1小时52分
溧阳,金华,G,G45,2小时9分
溧阳,武义北,G,G7625,2小时16分
溧阳,武义北,G,G7615,2小时2分
溧阳,永康南,G,G7625,2小时30分
溧阳,永康南,G,G7615,2小时16分
溧阳,武义北,G,G7625,2小时16分
溧阳,武义北,G,G7615,2小时2分
溧阳,永康南,G,G7625,2小时30分
溧阳,永康南,G,G7615,2小时16分
溧阳,温州南,G,G7625,3小时36分
溧阳,温州南,G,G7641,3小时25分
溧阳,温州南,D,D3295,4小时21分
溧阳,温州南,G,G7681,4小时23分
溧阳,温州南,G,G7485,4小时12分
溧阳,温州南,G,G7615,3小时27分
溧阳,温州南,G,G7677,4小时6分
溧阳,温州南,G,G7795,4小时2分
溧阳,温州南,G,G7649,3小时17分
溧阳,温州南,G,G589,4小时9分
溧阳,温州南,G,G167,3小时55分
溧阳,富阳,G,G7455,1小时29分
溧阳,桐庐,G,G1603,1小时32分
溧阳,桐庐,G,G7455,1小时45分
溧阳,建德,G,G7455,2小时10分
溧阳,千岛湖,G,G1603,1小时55分
溧阳,千岛湖,G,G7455,2小时24分
溧阳,绩溪北,G,G1603,2小时21分
溧阳,全椒,G,G7656,0小时55分
溧阳,全椒,G,G7674,1小时1分
溧阳,合肥南,D,D2254,1小时58分
溧阳,合肥,G,G3110,1小时24分
溧阳,合肥南,G,G7656,1小时29分
溧阳,合肥南,D,D2192,1小时26分
溧阳,合肥,G,G7752,1小时42分
溧阳,合肥南,G,G7674,1小时35分
溧阳,合肥,G,G7796,1小时23分
溧阳,合肥南,D,D2254,1小时58分
溧阳,合肥,G,G3110,1小时24分
溧阳,合肥南,G,G7656,1小时29分
溧阳,合肥南,D,D2192,1小时26分
溧阳,合肥,G,G7752,1小时42分
溧阳,合肥南,G,G7674,1小时35分
溧阳,合肥,G,G7796,1小时23分
溧阳,合肥南,D,D2254,1小时58分
溧阳,合肥,G,G3110,1小时24分
溧阳,合肥,G,G7796,1小时23分
溧阳,合肥南,G,G7656,1小时29分
溧阳,合肥南,D,D2192,1小时26分
溧阳,合肥,G,G7752,1小时42分
溧阳,合肥南,G,G7674,1小时35分
溧阳,德清,G,G7357,0小时44分
溧阳,德清,G,G7625,0小时52分
溧阳,德清,G,G1667,0小时52分
溧阳,德清,G,G7641,0小时46分
溧阳,德清,D,D3295,0小时47分
溧阳,德清,G,G1503,0小时45分
溧阳,德清,G,G7613,0小时45分
溧阳,德清,G,G45,0小时46分
溧阳,长兴,G,G7625,0小时26分
溧阳,长兴,G,G1667,0小时26分
溧阳,长兴,G,G1505,0小时27分
溧阳,长兴,G,G7455,0小时27分
溧阳,长兴,G,G7681,0小时26分
溧阳,长兴,G,G7695,0小时26分
溧阳,长兴,G,G1675,0小时26分
溧阳,长兴,D,D2187,0小时26分
