苏州,上海南,K,K1511,1小时10分
苏州,上海南,K,K8371,1小时43分
苏州,上海南,K,K335,1小时13分
苏州,上海南,K,K8351,1小时59分
苏州,上海,K,K1047,1小时22分
苏州,上海南,T,T135,2小时0分
苏州,上海,K,K1555,1小时17分
苏州,上海,Z,Z375,1小时15分
苏州,上海,K,K289,1小时5分
苏州,上海南,K,K47,1小时24分
苏州,上海,K,K359,1小时10分
苏州,上海,K,K8481,1小时11分
苏州,上海,K,K8431,1小时35分
苏州,上海,K,K151,1小时22分
苏州,上海,D,D305,0小时56分
苏州,上海,D,D309,0小时56分
苏州,上海,X,1461,1小时13分
苏州,上海,K,K8361,1小时51分
苏州,上海,G,G7213,0小时39分
苏州,上海虹桥,D,D781,0小时50分
苏州,上海,G,G7203,0小时32分
苏州,上海,G,G7029,0小时27分
苏州,上海,G,G7211,0小时34分
苏州,上海,K,K8355,1小时20分
苏州,上海虹桥,G,G7503,0小时43分
苏州,上海,Z,Z91,0小时54分
苏州,上海,G,G7209,0小时41分
苏州,上海,K,K233,1小时39分
苏州,上海,G,G7033,0小时42分
苏州,上海虹桥,G,G7101,0小时33分
苏州,上海南,Z,Z281,1小时53分
苏州,上海虹桥,D,D2281,0小时43分
苏州,上海,G,G7037,0小时50分
苏州,上海,G,G7001,0小时25分
苏州,上海虹桥,G,G7313,0小时33分
苏州,上海,K,K463,1小时36分
苏州,上海,G,G7043,0小时48分
苏州,上海虹桥,G,G7103,0小时32分
苏州,上海,G,G7271,0小时32分
苏州,上海虹桥,G,G7389,0小时35分
苏州,上海,G,G7003,0小时25分
苏州,上海虹桥,G,G7431,0小时35分
苏州,上海,G,G7205,0小时39分
苏州,上海,G,G7225,0小时33分
苏州,上海,K,K171,1小时34分
苏州,上海虹桥,D,D3135,0小时35分
苏州,上海,G,G7005,0小时25分
苏州,上海,G,G7255,0小时38分
苏州,上海虹桥,G,G7147,0小时33分
苏州,上海,K,K781,1小时17分
苏州,上海虹桥,G,G7107,0小时33分
苏州,上海,G,G7201,0小时41分
苏州,上海,Z,Z163,0小时54分
苏州,上海,G,G7045,0小时33分
苏州,上海,Z,Z39,0小时55分
苏州,上海虹桥,G,G7167,0小时32分
苏州,上海,Z,Z267,0小时55分
苏州,上海,G,G7007,0小时33分
苏州,上海虹桥,G,G7591,0小时36分
苏州,上海虹桥,G,G7109,0小时35分
苏州,上海,G,G7221,0小时32分
苏州,上海,T,T131,0小时54分
苏州,上海虹桥,G,G7161,0小时32分
苏州,上海虹桥,G,G7111,0小时34分
苏州,上海,Z,Z251,0小时51分
苏州,上海,G,G7071,0小时34分
苏州,上海,Z,Z171,0小时51分
苏州,上海虹桥,G,G7159,0小时35分
苏州,上海,G,G7009,0小时25分
苏州,上海虹桥,G,G7113,0小时33分
苏州,上海,G,G7075,0小时48分
苏州,上海,T,T115,0小时56分
苏州,上海虹桥,D,D3141,0小时34分
苏州,上海虹桥,D,D3013,0小时34分
苏州,上海,K,K559,1小时2分
苏州,上海虹桥,G,G7175,0小时27分
苏州,上海,K,K849,0小时59分
苏州,上海,K,K1155,1小时38分
苏州,上海,G,G7049,0小时39分
苏州,上海,K,K371,1小时34分
苏州,上海,G,G7011,0小时26分
苏州,上海虹桥,G,G7315,0小时38分
苏州,上海虹桥,G,G7575,0小时36分
苏州,上海虹桥,G,G7583,0小时39分
苏州,上海,Z,Z215,0小时53分
苏州,上海虹桥,G,G7131,0小时26分
苏州,上海,G,G7013,0小时25分
苏州,上海,G,G7229,0小时36分
苏州,上海虹桥,D,D3005,0小时43分
苏州,上海,G,G7053,0小时38分
苏州,上海,G,G7079,0小时33分
苏州,上海,K,K187,1小时5分
苏州,上海虹桥,G,G7127,0小时33分
苏州,上海,K,K1331,1小时13分
苏州,上海,Z,Z303,0小时59分
苏州,上海,G,G7015,0小时26分
苏州,上海,G,G7055,0小时32分
苏州,上海南,K,K469,1小时26分
苏州,上海,G,G7231,0小时40分
苏州,上海虹桥,G,G7135,0小时31分
苏州,上海,G,G7057,0小时34分
苏州,上海南,K,K525,1小时50分
苏州,上海,G,G7799,0小时32分
苏州,上海,K,K515,1小时27分
苏州,上海,G,G7017,0小时26分
苏州,上海,K,K2185,1小时47分
苏州,上海,G,G7059,0小时37分
苏州,上海虹桥,G,G7171,0小时37分
苏州,上海虹桥,G,G7139,0小时37分
苏州,上海,G,G7263,0小时31分
苏州,上海南,K,K807,1小时28分
苏州,上海,G,G7041,0小时42分
苏州,上海,X,1227,1小时14分
苏州,上海,G,G7019,0小时26分
苏州,上海虹桥,G,G7143,0小时33分
苏州,上海南,K,K527,1小时29分
苏州,上海虹桥,G,G7371,0小时40分
苏州,上海,G,G7281,0小时28分
苏州,上海虹桥,G,G7119,0小时38分
苏州,上海,G,G7243,0小时35分
苏州,上海虹桥,D,D3071,0小时39分
苏州,上海,G,G7021,0小时25分
苏州,上海,G,G7207,0小时41分
苏州,上海,G,G7267,0小时34分
苏州,上海,G,G7239,0小时36分
苏州,上海虹桥,G,G7491,0小时36分
苏州,上海,G,G7083,0小时38分
苏州,上海,G,G7285,0小时44分
苏州,上海,G,G7023,0小时26分
苏州,上海,G,G7247,0小时48分
苏州,上海,G,G7235,0小时27分
苏州,上海,G,G7065,0小时37分
苏州,上海虹桥,G,G3163,0小时33分
苏州,上海,D,D951,0小时30分
苏州,上海,G,G7097,0小时35分
苏州,上海,G,G7025,0小时26分
苏州,上海,G,G7099,0小时35分
苏州,上海,G,G7095,0小时44分
苏州,上海,G,G7087,0小时35分
苏州,上海虹桥,D,D3067,0小时34分
苏州,上海,G,G7251,0小时35分
苏州,上海虹桥,G,G7125,0小时26分
苏州,上海,G,G7027,0小时29分
苏州,上海,G,G7217,0小时34分
苏州,上海,K,K8365,1小时2分
苏州,上海虹桥,D,D351,0小时34分
苏州,上海,K,K8427,1小时7分
苏州,上海,G,G7069,0小时34分
苏州,上海,G,G7091,0小时26分
苏州,上海虹桥,G,G7163,0小时32分
苏州,上海南,K,K1805,1小时22分
苏州,上海,K,K1101,1小时10分
苏州,上海,K,K737,2小时1分
苏州,上海虹桥,D,D3009,0小时33分
苏州,上海虹桥,D,D3041,0小时36分
苏州,上海虹桥,G,G7117,0小时36分
苏州,上海虹桥,G,G7585,0小时33分
苏州,上海虹桥,D,D3045,0小时28分
苏州,上海虹桥,G,G3229,0小时32分
苏州,昆山,Z,Z175,0小时24分
苏州,昆山,K,K8371,0小时24分
苏州,昆山,Z,Z375,0小时24分
苏州,昆山,K,K47,0小时24分
苏州,昆山,K,K8361,1小时9分
苏州,昆山南,G,G7213,0小时19分
苏州,昆山南,G,G7211,0小时12分
苏州,昆山,K,K8355,0小时24分
苏州,昆山南,G,G7503,0小时23分
苏州,昆山南,G,G7209,0小时19分
苏州,昆山,K,K233,0小时24分
苏州,昆山南,G,G7101,0小时12分
苏州,昆山南,D,D2281,0小时12分
苏州,昆山南,G,G7037,0小时28分
苏州,昆山,K,K1149,0小时25分
苏州,昆山南,G,G7313,0小时12分
苏州,昆山南,G,G7043,0小时28分
苏州,昆山南,G,G7103,0小时12分
苏州,昆山南,G,G7271,0小时12分
苏州,昆山南,G,G7389,0小时12分
苏州,昆山南,G,G7431,0小时12分
苏州,昆山南,G,G7205,0小时12分
苏州,昆山,T,T235,0小时25分
苏州,昆山南,G,G7225,0小时12分
苏州,昆山,K,K171,0小时24分
苏州,昆山南,D,D3135,0小时12分
苏州,昆山南,G,G7147,0小时13分
苏州,昆山南,G,G7107,0小时13分
苏州,昆山南,G,G7201,0小时19分
苏州,昆山南,G,G7045,0小时12分
苏州,昆山南,G,G7167,0小时12分
苏州,昆山南,G,G7007,0小时12分
苏州,昆山南,G,G7591,0小时13分
苏州,昆山南,G,G7109,0小时12分
苏州,昆山南,G,G7221,0小时12分
苏州,昆山南,G,G7161,0小时12分
苏州,昆山南,G,G7111,0小时12分
苏州,昆山南,G,G7071,0小时12分
苏州,昆山南,G,G7159,0小时12分
苏州,昆山南,G,G7075,0小时12分
苏州,昆山南,D,D3141,0小时12分
苏州,昆山南,D,D3013,0小时12分
苏州,昆山南,G,G7049,0小时12分
苏州,昆山南,G,G7315,0小时18分
苏州,昆山南,G,G7575,0小时13分
苏州,昆山南,G,G7229,0小时13分
苏州,昆山南,D,D3005,0小时12分
苏州,昆山南,G,G7079,0小时13分
苏州,昆山南,G,G7127,0小时13分
苏州,昆山,Z,Z303,0小时22分
苏州,昆山南,G,G7055,0小时12分
苏州,昆山,K,K469,0小时24分
苏州,昆山南,G,G7231,0小时12分
苏州,昆山,T,T111,0小时26分
苏州,阳澄湖,G,G7135,0小时10分
苏州,昆山,K,K525,0小时24分
苏州,昆山南,G,G7799,0小时12分
苏州,昆山,K,K515,0小时26分
苏州,昆山,K,K2185,0小时32分
苏州,昆山南,G,G7171,0小时12分
苏州,昆山南,G,G7139,0小时12分
苏州,昆山,K,K807,0小时24分
苏州,昆山南,G,G7041,0小时12分
苏州,昆山南,G,G7143,0小时13分
苏州,阳澄湖,G,G7371,0小时10分
苏州,昆山南,G,G7119,0小时15分
苏州,昆山南,G,G7243,0小时12分
苏州,昆山南,D,D3071,0小时12分
苏州,昆山南,G,G7207,0小时12分
苏州,昆山南,G,G7267,0小时12分
苏州,昆山南,G,G7239,0小时12分
苏州,昆山南,G,G7491,0小时12分
苏州,昆山南,G,G7285,0小时24分
苏州,昆山南,G,G7247,0小时18分
苏州,昆山南,G,G7065,0小时12分
苏州,昆山南,G,G7097,0小时12分
苏州,昆山南,G,G7099,0小时13分
苏州,昆山南,G,G7095,0小时20分
苏州,昆山南,D,D3067,0小时13分
苏州,昆山南,G,G7251,0小时13分
苏州,昆山南,G,G7217,0小时13分
苏州,昆山南,D,D351,0小时13分
苏州,昆山,K,K8427,0小时24分
苏州,昆山南,G,G7069,0小时12分
苏州,昆山南,G,G7163,0小时12分
苏州,昆山,K,K1101,0小时24分
苏州,昆山南,D,D3009,0小时12分
苏州,昆山南,D,D3041,0小时12分
苏州,昆山南,G,G7117,0小时12分
苏州,昆山南,G,G7585,0小时12分
苏州,昆山南,G,G3163,0小时12分
苏州,昆山南,G,G3229,0小时12分
苏州,无锡,T,T136,0小时26分
苏州,无锡,K,K8428,0小时28分
苏州,无锡,K,K526,0小时28分
苏州,无锡,K,K528,0小时28分
苏州,无锡,G,G7072,0小时15分
苏州,无锡,G,G7032,0小时15分
苏州,无锡,D,D352,0小时15分
苏州,无锡,G,G7076,0小时15分
苏州,无锡新区,G,G3230,0小时12分
苏州,无锡,G,G7002,0小时15分
苏州,无锡,D,D3072,0小时15分
苏州,无锡,G,G7102,0小时15分
苏州,无锡,G,G7080,0小时15分
苏州,无锡,G,G7004,0小时15分
苏州,无锡,G,G7268,0小时15分
苏州,无锡,G,G7036,0小时15分
苏州,无锡,G,G7084,0小时14分
苏州,无锡,G,G7202,0小时16分
苏州,无锡,K,K290,0小时40分
苏州,无锡,Z,Z376,0小时26分
苏州,无锡,G,G7372,0小时15分
苏州,无锡,G,G7132,0小时15分
苏州,无锡,K,K516,0小时28分
苏州,无锡,G,G7008,0小时15分
苏州,无锡,K,K360,0小时28分
苏州,无锡,K,K1150,0小时28分
苏州,无锡,D,D3068,0小时15分
苏州,无锡,G,G7136,0小时15分
苏州,无锡新区,G,G7236,0小时12分
苏州,无锡,G,G7044,0小时15分
苏州,无锡,K,K1556,0小时33分
苏州,无锡,G,G7010,0小时15分
苏州,无锡,G,G7240,0小时15分
苏州,无锡,K,K470,0小时49分
苏州,无锡,T,T236,0小时25分
苏州,无锡,G,G7572,0小时15分
苏州,无锡,G,G7264,0小时15分
苏州,无锡,G,G7316,0小时15分
苏州,无锡,G,G7282,0小时15分
苏州,无锡,K,K2186,0小时28分
苏州,无锡,G,G7108,0小时15分
苏州,无锡,K,K234,0小时28分
苏州,无锡,G,G7244,0小时15分
苏州,无锡,K,K1156,0小时28分
苏州,无锡,G,G7012,0小时15分
苏州,无锡新区,G,G7046,0小时12分
苏州,无锡,K,K36,0小时28分
苏州,无锡,G,G7048,0小时15分
苏州,无锡,T,T112,0小时26分
苏州,无锡,K,K464,0小时28分
苏州,惠山,G,G7110,0小时20分
苏州,无锡,X,1462,0小时28分
苏州,无锡,G,G7014,0小时15分
苏州,无锡,K,K850,0小时28分
苏州,无锡,G,G7164,0小时15分
苏州,无锡,G,G7112,0小时15分
苏州,无锡,G,G7248,0小时15分
苏州,无锡,G,G7176,0小时15分
苏州,无锡,G,G7092,0小时15分
苏州,无锡,G,G7016,0小时15分
苏州,无锡,D,D3006,0小时16分
苏州,无锡,K,K782,0小时28分
苏州,无锡,G,G7114,0小时15分
苏州,无锡,K,K172,0小时28分
苏州,无锡,G,G7276,0小时15分
苏州,无锡,K,K1102,0小时28分
苏州,无锡,G,G7390,0小时15分
苏州,无锡,K,K808,0小时28分
苏州,无锡,K,K738,0小时28分
苏州,无锡,D,D3010,0小时16分
苏州,无锡新区,G,G7100,0小时12分
苏州,无锡,G,G7018,0小时15分
苏州,无锡,K,K2666,0小时29分
苏州,无锡,G,G7140,0小时22分
苏州,无锡,K,K1806,0小时41分
苏州,无锡,Z,Z268,0小时22分
苏州,无锡,K,K560,0小时28分
苏州,无锡,G,G7052,0小时15分
苏州,无锡,G,G7152,0小时15分
苏州,无锡,G,G7168,0小时15分
苏州,无锡,Z,Z176,0小时27分
苏州,无锡,G,G7020,0小时15分
苏州,无锡,D,D3142,0小时16分
苏州,无锡,D,D3014,0小时16分
苏州,无锡,Z,Z252,0小时23分
苏州,无锡,K,K1328,0小时28分
苏州,无锡,G,G7054,0小时15分
苏州,无锡新区,G,G7592,0小时12分
苏州,无锡,G,G7376,0小时16分
苏州,无锡,K,K372,0小时28分
苏州,无锡,G,G7022,0小时15分
苏州,无锡,G,G7222,0小时15分
苏州,无锡,D,D3042,0小时16分
苏州,无锡,K,K152,0小时28分
苏州,无锡新区,G,G7144,0小时12分
苏州,无锡,K,K1512,0小时28分
苏州,无锡,G,G7130,0小时15分
苏州,无锡,G,G7056,0小时14分
苏州,无锡,G,G7024,0小时15分
苏州,无锡,D,D3046,0小时16分
苏州,无锡,G,G7120,0小时15分
苏州,无锡,D,D3136,0小时16分
苏州,无锡新区,G,G7058,0小时12分
苏州,无锡,Z,Z92,0小时25分
苏州,无锡新区,G,G7156,0小时14分
苏州,无锡,G,G7520,0小时15分
苏州,无锡,Z,Z86,0小时22分
苏州,无锡,G,G7272,0小时15分
苏州,无锡,Z,Z216,0小时22分
苏州,无锡,G,G7026,0小时15分
苏州,无锡,G,G7096,0小时15分
苏州,无锡,K,K188,1小时0分
苏州,无锡,G,G7122,0小时15分
苏州,无锡,G,G7584,0小时15分
苏州,无锡新区,G,G7062,0小时12分
苏州,无锡,Z,Z172,0小时22分
苏州,无锡,K,K1332,0小时28分
苏州,无锡,G,G7226,0小时15分
苏州,无锡,G,G7028,0小时15分
苏州,无锡,Z,Z282,0小时22分
苏州,无锡,Z,Z40,0小时22分
苏州,无锡,G,G7432,0小时15分
苏州,无锡,G,G7066,0小时15分
苏州,无锡,Z,Z164,0小时22分
苏州,无锡,G,G7064,0小时15分
苏州,无锡,G,G7286,0小时15分
苏州,无锡,G,G7070,0小时15分
苏州,无锡,X,1228,0小时28分
苏州,无锡,G,G7314,0小时15分
苏州,无锡,K,K282,0小时28分
苏州,无锡,G,G7030,0小时15分
苏州,无锡,G,G7098,0小时15分
苏州,无锡,Z,Z304,0小时23分
苏州,无锡,D,D2282,0小时15分
苏州,无锡,G,G7350,0小时15分
苏州,无锡,G,G7068,0小时15分
苏州,无锡,D,D782,0小时21分
苏州,无锡,K,K8402,0小时28分
苏州,无锡,K,K1048,0小时28分
苏州,无锡,D,D310,0小时22分
苏州,无锡,D,D306,0小时22分
苏州,无锡,K,K8432,0小时29分
苏州,无锡,K,K8362,0小时29分
苏州,无锡,K,K8366,0小时28分
苏州,无锡,G,G7006,0小时15分
苏州,无锡,G,G7586,0小时15分
苏州,无锡,G,G7576,0小时15分
苏州,无锡新区,G,G7148,0小时12分
苏州,无锡,T,T132,0小时27分
苏州,无锡,G,G7218,0小时15分
苏州,无锡,T,T116,0小时25分
苏州,无锡,K,K48,0小时28分
苏州,无锡,G,G7260,0小时15分
苏州,无锡,K,K8356,0小时40分
苏州,无锡,K,K8352,1小时17分
苏州,无锡,K,K8482,0小时28分
苏州,无锡,K,K8372,0小时28分
苏州,常州,K,K8428,1小时2分
苏州,常州,K,K526,0小时59分
苏州,常州,K,K528,0小时59分
苏州,常州,G,G7072,0小时32分
苏州,常州,G,G7032,0小时32分
苏州,戚墅堰,D,D352,0小时28分
苏州,常州,G,G7076,0小时37分
苏州,戚墅堰,G,G3230,0小时35分
苏州,常州,G,G7002,0小时32分
苏州,常州,D,D3072,0小时32分
苏州,常州,G,G7102,0小时31分
苏州,常州,G,G7080,0小时31分
苏州,常州,G,G7004,0小时32分
苏州,常州,G,G7268,0小时31分
苏州,常州,G,G7084,0小时30分
苏州,常州,G,G7104,0小时31分
苏州,戚墅堰,G,G7492,0小时25分
苏州,常州,K,K290,1小时11分
苏州,常州,G,G7372,0小时32分
苏州,常州,K,K516,0小时59分
苏州,常州,G,G7008,0小时31分
苏州,常州,K,K360,0小时59分
苏州,常州,K,K1150,0小时59分
苏州,常州,G,G7042,0小时27分
苏州,常州,D,D3068,0小时32分
苏州,戚墅堰,G,G7136,0小时28分
苏州,常州,G,G7236,0小时39分
苏州,常州,G,G7044,0小时31分
苏州,常州,K,K1556,1小时5分
苏州,常州,G,G7010,0小时31分
苏州,常州,G,G7240,0小时31分
苏州,常州,T,T236,0小时51分
苏州,常州,G,G7572,0小时31分
苏州,常州,G,G7264,0小时31分
苏州,常州,G,G7316,0小时38分
苏州,常州,G,G7126,0小时25分
苏州,常州,K,K2186,0小时59分
苏州,常州,K,K234,0小时59分
苏州,常州,K,K1156,0小时59分
苏州,常州,G,G7012,0小时31分
苏州,常州,K,K36,1小时12分
苏州,戚墅堰,G,G7048,0小时29分
苏州,常州,T,T112,0小时52分
苏州,常州,K,K464,0小时59分
苏州,常州,G,G7110,0小时32分
苏州,常州,X,1462,0小时59分
苏州,常州,G,G7014,0小时31分
苏州,常州,G,G7088,0小时31分
苏州,常州,K,K850,0小时59分
苏州,常州,G,G7164,0小时31分
苏州,常州,G,G7112,0小时31分
苏州,戚墅堰,G,G7248,0小时29分
苏州,常州,G,G7176,0小时31分
苏州,常州,G,G7092,0小时31分
苏州,常州,G,G7016,0小时31分
苏州,常州,D,D3006,0小时33分
苏州,常州,K,K782,1小时0分
苏州,常州,G,G7114,0小时31分
苏州,常州,K,K172,1小时0分
苏州,常州,G,G7276,0小时31分
苏州,常州,K,K1102,1小时0分
苏州,常州,G,G7390,0小时40分
苏州,常州,D,D3010,0小时34分
苏州,常州,G,G7100,0小时42分
苏州,常州,G,G7018,0小时31分
苏州,常州,K,K2666,1小时12分
苏州,常州,G,G7140,0小时38分
苏州,常州,K,K1806,1小时11分
苏州,常州,Z,Z268,0小时46分
苏州,常州,K,K560,0小时59分
苏州,常州,G,G7052,0小时31分
苏州,常州,G,G7152,0小时46分
苏州,常州,Z,Z176,0小时51分
苏州,常州,G,G7020,0小时31分
苏州,常州,D,D3142,0小时33分
苏州,常州,D,D3014,0小时33分
苏州,常州,Z,Z252,0小时49分
苏州,常州,K,K1328,1小时0分
苏州,常州,G,G7054,0小时37分
苏州,常州,G,G7592,0小时37分
苏州,常州,G,G7376,0小时32分
苏州,常州,K,K372,0小时58分
苏州,常州,G,G7022,0小时31分
苏州,常州,D,D3042,0小时32分
苏州,常州,K,K1512,1小时0分
苏州,常州,G,G7130,0小时31分
苏州,常州,G,G7056,0小时37分
苏州,常州,G,G7024,0小时31分
苏州,常州,D,D3046,0小时33分
苏州,戚墅堰,G,G7120,0小时29分
苏州,常州,D,D3136,0小时39分
苏州,常州,G,G7058,0小时38分
苏州,常州,G,G7156,0小时44分
苏州,常州,G,G7520,0小时31分
苏州,常州,G,G7272,0小时31分
苏州,常州,G,G7026,0小时31分
苏州,常州,K,K188,1小时30分
苏州,常州,G,G7122,0小时31分
苏州,常州,G,G7584,0小时31分
苏州,常州,G,G7062,0小时42分
苏州,常州,Z,Z172,0小时46分
苏州,常州,K,K1332,1小时16分
苏州,常州,G,G7226,0小时31分
苏州,常州,G,G7028,0小时31分
苏州,常州,Z,Z282,0小时47分
苏州,常州,Z,Z40,0小时47分
苏州,常州,G,G7432,0小时31分
苏州,常州,G,G7066,0小时31分
苏州,常州,G,G7064,0小时31分
苏州,常州,G,G7286,0小时31分
苏州,常州,G,G7070,0小时31分
苏州,常州,X,1228,0小时58分
苏州,常州,G,G7314,0小时31分
苏州,常州,K,K282,0小时58分
苏州,常州,G,G7030,0小时31分
苏州,常州,G,G7098,0小时31分
苏州,常州,D,D2282,0小时32分
苏州,常州,G,G7350,0小时31分
苏州,常州,G,G7068,0小时31分
苏州,常州,D,D782,0小时43分
苏州,常州,K,K8402,0小时59分
苏州,常州,G,G7212,0小时26分
苏州,常州,K,K336,0小时51分
苏州,常州,K,K1048,0小时58分
苏州,常州,D,D310,0小时45分
苏州,常州,D,D306,0小时45分
苏州,常州,T,T136,0小时57分
苏州,常州,K,K8432,0小时59分
苏州,常州,K,K8362,1小时5分
苏州,常州,G,G7006,0小时31分
苏州,常州,Z,Z376,0小时53分
苏州,常州,G,G7586,0小时32分
苏州,常州,G,G7576,0小时31分
苏州,常州,T,T132,0小时54分
苏州,常州,K,K738,0小时59分
苏州,常州,T,T116,0小时51分
苏州,常州,G,G7222,0小时31分
苏州,常州,K,K152,1小时0分
苏州,常州,K,K48,0小时58分
苏州,常州,G,G7260,0小时31分
苏州,常州,K,K8356,1小时10分
苏州,常州,K,K8352,1小时48分
苏州,常州,K,K8482,0小时57分
苏州,常州,K,K8372,0小时59分
苏州,丹阳,G,G7072,0小时49分
苏州,丹阳,G,G7032,0小时49分
苏州,丹阳,D,D352,0小时55分
苏州,丹阳,G,G7076,0小时55分
苏州,丹阳,G,G3230,1小时6分
苏州,丹阳,G,G7102,0小时49分
苏州,丹阳,G,G7080,0小时49分
苏州,丹阳,G,G7268,0小时49分
苏州,丹阳,G,G7036,0小时49分
苏州,丹阳,G,G7492,0小时51分
苏州,丹阳,G,G7042,0小时44分
苏州,丹阳,D,D3068,0小时50分
苏州,丹阳,G,G7136,0小时51分
苏州,丹阳,G,G7044,0小时49分
苏州,丹阳,G,G7126,0小时43分
苏州,丹阳,G,G7282,0小时44分
苏州,丹阳,K,K2186,1小时33分
苏州,丹阳,G,G7108,0小时43分
苏州,丹阳,K,K1156,1小时30分
苏州,丹阳,G,G7046,0小时49分
苏州,丹阳,G,G7048,0小时55分
苏州,丹阳,K,K464,1小时36分
苏州,丹阳,G,G7110,0小时50分
苏州,丹阳,G,G7112,0小时49分
苏州,丹阳,G,G7248,0小时49分
苏州,丹阳,K,K782,1小时35分
苏州,丹阳,G,G7100,1小时0分
苏州,丹阳,G,G7140,0小时56分
苏州,丹阳,K,K1806,1小时41分
苏州,丹阳,G,G7052,0小时49分
苏州,丹阳,G,G7152,1小时4分
苏州,丹阳,G,G7168,0小时45分
苏州,丹阳,Z,Z176,1小时15分
苏州,丹阳,D,D3142,0小时51分
苏州,丹阳,D,D3014,0小时51分
苏州,丹阳,K,K1328,1小时42分
苏州,丹阳,G,G7592,0小时55分
苏州,丹阳,G,G7144,0小时50分
苏州,丹阳,G,G7056,0小时54分
苏州,丹阳,G,G7120,0小时49分
苏州,丹阳,D,D3136,0小时57分
苏州,丹阳,G,G7156,1小时2分
苏州,丹阳,G,G7520,0小时49分
苏州,丹阳,G,G7584,0小时49分
苏州,丹阳,G,G7432,0小时49分
苏州,丹阳,G,G7070,0小时49分
苏州,丹阳,G,G7314,0小时49分
苏州,丹阳,G,G7098,0小时49分
苏州,丹阳,G,G7576,0小时49分
苏州,丹阳,K,K738,1小时29分
苏州,丹阳,K,K48,1小时31分
苏州,丹阳,G,G7260,0小时49分
苏州,镇江,K,K8428,1小时51分
苏州,镇江,G,G7072,1小时3分
苏州,镇江,G,G7032,1小时3分
苏州,镇江,D,D352,1小时9分
苏州,镇江,G,G7076,1小时9分
苏州,镇江,G,G3230,1小时20分
苏州,镇江,G,G7002,0小时57分
苏州,镇江,D,D3072,0小时58分
苏州,镇江,G,G7080,1小时3分
苏州,镇江,G,G7036,1小时7分
苏州,镇江,G,G7084,0小时56分
苏州,镇江,G,G7104,0小时56分
苏州,镇江,G,G7372,0小时57分
苏州,镇江,G,G7132,0小时51分
苏州,镇江,K,K360,1小时46分
苏州,镇江,K,K1150,1小时49分
苏州,镇江,G,G7042,0小时58分
苏州,镇江,D,D3068,1小时4分
苏州,镇江,G,G7136,1小时5分
苏州,镇江,G,G7236,1小时5分
苏州,镇江,K,K1556,2小时13分
苏州,镇江,G,G7240,0小时58分
苏州,镇江,G,G7572,0小时57分
苏州,镇江,G,G7126,0小时57分
苏州,镇江,G,G7282,0小时58分
苏州,镇江,K,K2186,1小时58分
苏州,镇江,G,G7108,1小时2分
苏州,镇江,G,G7244,0小时50分
苏州,镇江,G,G7046,1小时3分
苏州,镇江,K,K36,2小时7分
苏州,镇江,G,G7048,1小时8分
苏州,镇江,K,K464,2小时0分
苏州,镇江,G,G7112,1小时3分
苏州,镇江,G,G7176,0小时56分
苏州,镇江,G,G7092,0小时56分
苏州,镇江,D,D3006,0小时59分
苏州,镇江,G,G7114,0小时56分
苏州,镇江,G,G7276,0小时57分
苏州,镇江,G,G7100,1小时14分
苏州,镇江,G,G7018,0小时56分
苏州,镇江,K,K560,1小时48分
苏州,镇江,G,G7052,1小时3分
苏州,镇江,G,G7152,1小时18分
苏州,镇江,G,G7168,1小时5分
苏州,镇江,D,D3142,1小时5分
苏州,镇江,D,D3014,1小时5分
苏州,镇江,K,K1328,2小时16分
苏州,镇江,G,G7054,1小时4分
苏州,镇江,G,G7592,1小时13分
苏州,镇江,G,G7376,0小时58分
苏州,镇江,K,K372,1小时46分
苏州,镇江,D,D3042,0小时58分
苏州,镇江,K,K152,1小时55分
苏州,镇江,G,G7144,1小时4分
苏州,镇江,G,G7130,0小时56分
苏州,镇江,G,G7024,0小时56分
苏州,镇江,D,D3046,0小时59分
苏州,镇江,G,G7120,1小时3分
苏州,镇江,D,D3136,1小时15分
苏州,镇江,G,G7058,1小时4分
苏州,镇江,G,G7156,1小时29分
苏州,镇江,G,G7520,1小时3分
苏州,镇江,G,G7026,0小时56分
苏州,镇江,G,G7122,0小时56分
苏州,镇江,G,G7584,1小时3分
苏州,镇江,G,G7062,1小时7分
苏州,镇江,K,K1332,2小时16分
苏州,镇江,G,G7226,0小时56分
苏州,镇江,G,G7028,0小时57分
苏州,镇江,G,G7432,1小时3分
苏州,镇江,G,G7066,0小时56分
苏州,镇江,G,G7064,0小时56分
苏州,镇江,G,G7314,1小时3分
苏州,镇江,G,G7030,0小时56分
苏州,镇江,Z,Z376,1小时44分
苏州,镇江,G,G7576,1小时3分
苏州,镇江,T,T132,1小时41分
苏州,镇江,K,K738,1小时52分
苏州,镇江,K,K48,1小时54分
苏州,镇江,Z,Z282,1小时25分
苏州,镇江,K,K336,1小时38分
苏州,南京,K,K8428,2小时39分
苏州,南京,K,K526,2小时35分
苏州,南京,K,K528,2小时35分
苏州,南京南,G,G7072,1小时33分
苏州,南京,G,G7032,1小时26分
苏州,南京南,D,D352,1小时41分
苏州,南京南,G,G7076,1小时40分
苏州,南京南,G,G3230,1小时51分
苏州,南京,G,G7002,1小时19分
苏州,南京南,D,D3072,1小时30分
苏州,南京,G,G7102,1小时20分
苏州,南京南,G,G7080,1小时31分
苏州,南京,G,G7004,1小时13分
苏州,南京南,G,G7268,1小时26分
苏州,南京,G,G7036,1小时30分
苏州,南京南,G,G7084,1小时27分
苏州,南京,G,G7104,1小时18分
苏州,南京南,G,G7492,1小时29分
苏州,南京,K,K290,2小时49分
苏州,南京南,G,G7372,1小时26分
苏州,南京南,G,G7132,1小时20分
苏州,南京,K,K516,2小时30分
苏州,南京,G,G7008,1小时13分
苏州,南京,K,K360,2小时39分
苏州,南京,K,K1150,2小时38分
苏州,南京,G,G7042,1小时20分
苏州,南京南,D,D3068,1小时35分
苏州,南京南,G,G7136,1小时35分
苏州,南京南,G,G7236,1小时36分
苏州,南京,G,G7044,1小时24分
苏州,南京,K,K1556,3小时3分
苏州,南京,G,G7010,1小时12分
苏州,南京南,G,G7240,1小时27分
苏州,南京南,G,G7572,1小时32分
苏州,南京南,G,G7264,1小时20分
苏州,南京,G,G7126,1小时20分
苏州,南京南,G,G7282,1小时26分
苏州,南京,K,K2186,2小时53分
苏州,南京,G,G7108,1小时26分
苏州,南京,K,K234,2小时40分
苏州,南京南,G,G7244,1小时19分
苏州,南京,K,K1156,2小时44分
苏州,南京,G,G7012,1小时13分
苏州,南京,G,G7046,1小时25分
苏州,南京,K,K36,3小时6分
苏州,南京,G,G7048,1小时31分
苏州,南京,T,T112,2小时20分
苏州,南京,K,K464,2小时59分
苏州,南京,G,G7110,1小时38分
苏州,南京,X,1462,2小时46分
苏州,南京,G,G7014,1小时13分
苏州,南京南,G,G7088,1小时19分
苏州,南京,K,K850,2小时58分
苏州,南京南,G,G7164,1小时20分
苏州,南京,G,G7112,1小时29分
苏州,南京南,G,G7248,1小时26分
苏州,南京南,G,G7148,1小时22分
苏州,南京南,G,G7176,1小时25分
苏州,南京南,G,G7092,1小时29分
苏州,南京,G,G7016,1小时14分
苏州,南京南,D,D3006,1小时30分
苏州,南京,K,K782,2小时48分
苏州,南京,G,G7114,1小时18分
苏州,南京,K,K172,2小时47分
苏州,南京南,G,G7276,1小时27分
苏州,南京,K,K1102,3小时6分
苏州,南京南,D,D3010,1小时27分
苏州,南京,G,G7100,1小时36分
苏州,南京,G,G7018,1小时18分
苏州,南京,K,K2666,2小时48分
苏州,南京南,G,G7140,1小时35分
苏州,南京,K,K1806,2小时47分
苏州,南京,Z,Z268,1小时58分
苏州,南京,K,K560,3小时3分
苏州,南京,G,G7052,1小时32分
苏州,南京南,G,G7152,1小时47分
苏州,南京南,G,G7168,1小时34分
苏州,南京,Z,Z176,2小时10分
苏州,南京,G,G7020,1小时12分
苏州,南京,D,D3142,1小时30分
苏州,南京南,D,D3014,1小时37分
苏州,南京,Z,Z252,2小时10分
苏州,南京,K,K1328,3小时25分
苏州,南京,G,G7054,1小时27分
苏州,南京南,G,G7592,1小时41分
苏州,南京南,G,G7376,1小时27分
苏州,南京,K,K372,2小时34分
苏州,南京,G,G7022,1小时14分
苏州,南京南,D,D3042,1小时29分
苏州,南京,K,K152,2小时54分
苏州,南京南,G,G7144,1小时33分
苏州,南京,K,K1512,2小时38分
苏州,南京,G,G7130,1小时18分
苏州,南京,G,G7056,1小时24分
苏州,南京,G,G7024,1小时18分
苏州,南京南,D,D3046,1小时33分
苏州,南京,G,G7120,1小时26分
苏州,南京,D,D3136,1小时40分
苏州,南京,G,G7058,1小时26分
苏州,南京南,G,G7156,1小时58分
苏州,南京南,G,G7520,1小时32分
苏州,南京,Z,Z86,1小时49分
苏州,南京南,G,G7272,1小时22分
苏州,南京,G,G7026,1小时18分
苏州,南京,K,K188,3小时30分
苏州,南京南,G,G7122,1小时25分
苏州,南京,G,G7584,1小时25分
苏州,南京,G,G7062,1小时29分
苏州,南京,K,K1332,3小时4分
苏州,南京南,G,G7226,1小时25分
苏州,南京,G,G7028,1小时18分
苏州,南京,Z,Z282,2小时18分
苏州,南京,Z,Z40,2小时6分
苏州,南京南,G,G7432,1小时32分
苏州,南京,G,G7066,1小时18分
苏州,南京,Z,Z164,1小时56分
苏州,南京南,G,G7064,1小时29分
苏州,南京南,G,G7286,1小时18分
苏州,南京南,G,G7070,1小时26分
苏州,南京,G,G7314,1小时25分
苏州,南京,K,K282,3小时15分
苏州,南京南,G,G7030,1小时25分
苏州,南京,G,G7098,1小时19分
苏州,南京,D,D2282,1小时17分
苏州,南京南,G,G7350,1小时19分
苏州,南京,G,G7068,1小时12分
苏州,南京,D,D782,1小时57分
苏州,南京,K,K8402,2小时36分
苏州,南京,K,K1048,3小时0分
苏州,南京,D,D310,2小时10分
苏州,南京,D,D306,2小时10分
苏州,南京,T,T136,2小时22分
苏州,南京,K,K8432,2小时33分
苏州,南京,K,K8362,2小时39分
苏州,南京,K,K8366,2小时24分
苏州,南京,G,G7006,1小时14分
苏州,南京,Z,Z376,2小时37分
苏州,南京,T,T236,2小时15分
苏州,南京南,G,G7576,1小时32分
苏州,南京,T,T132,2小时31分
苏州,南京,K,K738,2小时51分
苏州,南京南,G,G7218,1小时16分
苏州,南京,T,T116,2小时12分
苏州,南京南,G,G7222,1小时20分
苏州,南京,K,K48,2小时43分
苏州,南京,Z,Z92,1小时56分
苏州,南京,Z,Z216,1小时49分
苏州,南京南,G,G7260,1小时26分
苏州,南京,Z,Z172,2小时0分
苏州,南京,K,K8356,2小时37分
苏州,南京,X,1228,3小时4分
苏州,南京,K,K8352,3小时49分
苏州,南京,Z,Z304,1小时51分
苏州,南京,K,K336,2小时27分
苏州,南京,K,K8482,2小时27分
苏州,南京,K,K8372,2小时42分
苏州,滁州北,K,K290,3小时39分
苏州,滁州北,K,K516,3小时20分
苏州,滁州北,K,K360,3小时23分
苏州,滁州北,K,K2186,3小时42分
苏州,滁州北,K,K464,3小时47分
苏州,滁州北,X,1462,3小时34分
苏州,滁州北,K,K850,3小时51分
苏州,滁州北,K,K2666,3小时34分
苏州,滁州北,K,K8432,3小时20分
苏州,滁州北,K,K172,3小时51分
苏州,滁州北,K,K1102,3小时54分
苏州,滁州北,K,K738,3小时43分
苏州,滁州北,K,K1806,3小时48分
苏州,滁州北,K,K188,4小时17分
苏州,滁州北,K,K1332,3小时50分
苏州,滁州北,X,1228,3小时48分
苏州,滁州北,K,K8482,3小时13分
苏州,滁州北,K,K8372,3小时27分
苏州,上海南,K,K1511,1小时10分
苏州,上海南,K,K8371,1小时43分
苏州,上海南,K,K335,1小时13分
苏州,上海南,K,K8351,1小时59分
苏州,上海,K,K1047,1小时22分
苏州,上海南,T,T135,2小时0分
苏州,上海,K,K1555,1小时17分
苏州,上海,Z,Z375,1小时15分
苏州,上海,K,K289,1小时5分
苏州,上海南,K,K47,1小时24分
苏州,上海,K,K359,1小时10分
苏州,上海,K,K8481,1小时11分
苏州,上海,K,K8431,1小时35分
苏州,上海,K,K151,1小时22分
苏州,上海,D,D305,0小时56分
苏州,上海,D,D309,0小时56分
苏州,上海,X,1461,1小时13分
苏州,上海,K,K8361,1小时51分
苏州,上海,G,G7213,0小时39分
苏州,上海虹桥,D,D781,0小时50分
苏州,上海,G,G7203,0小时32分
苏州,上海,G,G7029,0小时27分
苏州,上海,G,G7211,0小时34分
苏州,上海,K,K8355,1小时20分
苏州,上海虹桥,G,G7503,0小时43分
苏州,上海,Z,Z91,0小时54分
苏州,上海,G,G7209,0小时41分
苏州,上海,K,K233,1小时39分
苏州,上海,G,G7033,0小时42分
苏州,上海虹桥,G,G7101,0小时33分
苏州,上海南,Z,Z281,1小时53分
苏州,上海虹桥,D,D2281,0小时43分
苏州,上海,G,G7037,0小时50分
苏州,上海,G,G7001,0小时25分
苏州,上海虹桥,G,G7313,0小时33分
苏州,上海,K,K463,1小时36分
苏州,上海,G,G7043,0小时48分
苏州,上海虹桥,G,G7103,0小时32分
苏州,上海,G,G7271,0小时32分
苏州,上海虹桥,G,G7389,0小时35分
苏州,上海,G,G7003,0小时25分
苏州,上海虹桥,G,G7431,0小时35分
苏州,上海,G,G7205,0小时39分
苏州,上海,G,G7225,0小时33分
苏州,上海,K,K171,1小时34分
苏州,上海虹桥,D,D3135,0小时35分
苏州,上海,G,G7005,0小时25分
苏州,上海,G,G7255,0小时38分
苏州,上海虹桥,G,G7147,0小时33分
苏州,上海,K,K781,1小时17分
苏州,上海虹桥,G,G7107,0小时33分
苏州,上海,G,G7201,0小时41分
苏州,上海,Z,Z163,0小时54分
苏州,上海,G,G7045,0小时33分
苏州,上海,Z,Z39,0小时55分
苏州,上海虹桥,G,G7167,0小时32分
苏州,上海,Z,Z267,0小时55分
苏州,上海,G,G7007,0小时33分
苏州,上海虹桥,G,G7591,0小时36分
苏州,上海虹桥,G,G7109,0小时35分
苏州,上海,G,G7221,0小时32分
苏州,上海,T,T131,0小时54分
苏州,上海虹桥,G,G7161,0小时32分
苏州,上海虹桥,G,G7111,0小时34分
苏州,上海,Z,Z251,0小时51分
苏州,上海,G,G7071,0小时34分
苏州,上海,Z,Z171,0小时51分
苏州,上海虹桥,G,G7159,0小时35分
苏州,上海,G,G7009,0小时25分
苏州,上海虹桥,G,G7113,0小时33分
苏州,上海,G,G7075,0小时48分
苏州,上海,T,T115,0小时56分
苏州,上海虹桥,D,D3141,0小时34分
苏州,上海虹桥,D,D3013,0小时34分
苏州,上海,K,K559,1小时2分
苏州,上海虹桥,G,G7175,0小时27分
苏州,上海,K,K849,0小时59分
苏州,上海,K,K1155,1小时38分
苏州,上海,G,G7049,0小时39分
苏州,上海,K,K371,1小时34分
苏州,上海,G,G7011,0小时26分
苏州,上海虹桥,G,G7315,0小时38分
苏州,上海虹桥,G,G7575,0小时36分
苏州,上海虹桥,G,G7583,0小时39分
苏州,上海,Z,Z215,0小时53分
苏州,上海虹桥,G,G7131,0小时26分
苏州,上海,G,G7013,0小时25分
苏州,上海,G,G7229,0小时36分
苏州,上海虹桥,D,D3005,0小时43分
苏州,上海,G,G7053,0小时38分
苏州,上海,G,G7079,0小时33分
苏州,上海,K,K187,1小时5分
苏州,上海虹桥,G,G7127,0小时33分
苏州,上海,K,K1331,1小时13分
苏州,上海,Z,Z303,0小时59分
苏州,上海,G,G7015,0小时26分
苏州,上海,G,G7055,0小时32分
苏州,上海南,K,K469,1小时26分
苏州,上海,G,G7231,0小时40分
苏州,上海虹桥,G,G7135,0小时31分
苏州,上海,G,G7057,0小时34分
苏州,上海南,K,K525,1小时50分
苏州,上海,G,G7799,0小时32分
苏州,上海,K,K515,1小时27分
苏州,上海,G,G7017,0小时26分
苏州,上海,K,K2185,1小时47分
苏州,上海,G,G7059,0小时37分
苏州,上海虹桥,G,G7171,0小时37分
苏州,上海虹桥,G,G7139,0小时37分
苏州,上海,G,G7263,0小时31分
苏州,上海南,K,K807,1小时28分
苏州,上海,G,G7041,0小时42分
苏州,上海,X,1227,1小时14分
苏州,上海,G,G7019,0小时26分
苏州,上海虹桥,G,G7143,0小时33分
苏州,上海南,K,K527,1小时29分
苏州,上海虹桥,G,G7371,0小时40分
苏州,上海,G,G7281,0小时28分
苏州,上海虹桥,G,G7119,0小时38分
苏州,上海,G,G7243,0小时35分
苏州,上海南,D,D3071,1小时13分
苏州,上海,G,G7021,0小时25分
苏州,上海,G,G7207,0小时41分
苏州,上海,G,G7267,0小时34分
苏州,上海,G,G7239,0小时36分
苏州,上海虹桥,G,G7491,0小时36分
苏州,上海,G,G7083,0小时38分
苏州,上海,G,G7285,0小时44分
苏州,上海,G,G7023,0小时26分
苏州,上海,G,G7247,0小时48分
苏州,上海,G,G7235,0小时27分
苏州,上海,G,G7065,0小时37分
苏州,上海虹桥,G,G3163,0小时33分
苏州,上海,D,D951,0小时30分
苏州,上海,G,G7097,0小时35分
苏州,上海,G,G7025,0小时26分
苏州,上海,G,G7099,0小时35分
苏州,上海,G,G7095,0小时44分
苏州,上海,G,G7087,0小时35分
苏州,上海南,D,D3067,1小时6分
苏州,上海,G,G7251,0小时35分
苏州,上海虹桥,G,G7125,0小时26分
苏州,上海,G,G7027,0小时29分
苏州,上海,G,G7217,0小时34分
苏州,上海,K,K8365,1小时2分
苏州,上海虹桥,D,D351,0小时34分
苏州,上海,K,K8427,1小时7分
苏州,上海,G,G7069,0小时34分
苏州,上海,G,G7091,0小时26分
苏州,上海虹桥,G,G7163,0小时32分
苏州,上海南,K,K1805,1小时22分
苏州,上海,K,K1101,1小时10分
苏州,上海,K,K737,2小时1分
苏州,上海虹桥,D,D3009,0小时33分
苏州,上海虹桥,D,D3041,0小时36分
苏州,上海虹桥,G,G7117,0小时36分
苏州,上海虹桥,G,G7585,0小时33分
苏州,上海虹桥,D,D3045,0小时28分
苏州,上海虹桥,G,G3229,0小时32分
苏州,上海南,K,K1511,1小时10分
苏州,上海南,K,K8371,1小时43分
苏州,上海南,K,K335,1小时13分
苏州,上海,K,K1047,1小时22分
苏州,上海南,T,T135,2小时0分
苏州,上海,K,K1555,1小时17分
苏州,上海,Z,Z375,1小时15分
苏州,上海,K,K289,1小时5分
苏州,上海南,K,K47,1小时24分
苏州,上海,K,K359,1小时10分
苏州,上海,K,K8481,1小时11分
苏州,上海,K,K8431,1小时35分
苏州,上海,K,K151,1小时22分
苏州,上海,D,D305,0小时56分
苏州,上海,D,D309,0小时56分
苏州,上海,X,1461,1小时13分
苏州,上海,K,K8361,1小时51分
苏州,上海,G,G7213,0小时39分
苏州,上海虹桥,D,D781,0小时50分
苏州,上海,G,G7203,0小时32分
苏州,上海,G,G7029,0小时27分
苏州,上海,G,G7211,0小时34分
苏州,上海,K,K8355,1小时20分
苏州,上海虹桥,G,G7503,0小时43分
苏州,上海,Z,Z91,0小时54分
苏州,上海,G,G7209,0小时41分
苏州,上海,K,K233,1小时39分
苏州,上海,G,G7033,0小时42分
苏州,上海虹桥,G,G7101,0小时33分
苏州,上海南,Z,Z281,1小时53分
苏州,上海虹桥,D,D2281,0小时43分
苏州,上海,G,G7037,0小时50分
苏州,上海,G,G7001,0小时25分
苏州,上海虹桥,G,G7313,0小时33分
苏州,上海,K,K463,1小时36分
苏州,上海,G,G7043,0小时48分
苏州,上海虹桥,G,G7103,0小时32分
苏州,上海,G,G7271,0小时32分
苏州,上海虹桥,G,G7389,0小时35分
苏州,上海,G,G7003,0小时25分
苏州,上海虹桥,G,G7431,0小时35分
苏州,上海,G,G7205,0小时39分
苏州,上海,G,G7225,0小时33分
苏州,上海,K,K171,1小时34分
苏州,上海虹桥,D,D3135,0小时35分
苏州,上海,G,G7005,0小时25分
苏州,上海,G,G7255,0小时38分
苏州,上海虹桥,G,G7147,0小时33分
苏州,上海,K,K781,1小时17分
苏州,上海虹桥,G,G7107,0小时33分
苏州,上海,K,K737,2小时1分
苏州,上海,G,G7201,0小时41分
苏州,上海,Z,Z163,0小时54分
苏州,上海,G,G7045,0小时33分
苏州,上海,Z,Z39,0小时55分
苏州,上海虹桥,G,G7167,0小时32分
苏州,上海,Z,Z267,0小时55分
苏州,上海,G,G7007,0小时33分
苏州,上海虹桥,G,G7591,0小时36分
苏州,上海虹桥,G,G7109,0小时35分
苏州,上海,G,G7221,0小时32分
苏州,上海,T,T131,0小时54分
苏州,上海虹桥,G,G7161,0小时32分
苏州,上海虹桥,G,G7111,0小时34分
苏州,上海,Z,Z251,0小时51分
苏州,上海,G,G7071,0小时34分
苏州,上海,Z,Z171,0小时51分
苏州,上海虹桥,G,G7159,0小时35分
苏州,上海,G,G7009,0小时25分
苏州,上海虹桥,G,G7113,0小时33分
苏州,上海西,G,G7075,0小时32分
苏州,上海,T,T115,0小时56分
苏州,上海虹桥,D,D3141,0小时34分
苏州,上海虹桥,D,D3013,0小时34分
苏州,上海,K,K559,1小时2分
苏州,上海虹桥,G,G7175,0小时27分
苏州,上海,K,K849,0小时59分
苏州,上海,K,K1155,1小时38分
苏州,上海,G,G7049,0小时39分
苏州,上海,K,K371,1小时34分
苏州,上海,G,G7011,0小时26分
苏州,上海虹桥,G,G7315,0小时38分
苏州,上海虹桥,G,G7575,0小时36分
苏州,上海虹桥,G,G7583,0小时39分
苏州,上海,Z,Z215,0小时53分
苏州,上海虹桥,G,G7131,0小时26分
苏州,上海,G,G7013,0小时25分
苏州,上海,G,G7229,0小时36分
苏州,上海虹桥,D,D3005,0小时43分
苏州,上海西,G,G7053,0小时30分
苏州,上海,G,G7079,0小时33分
苏州,上海,K,K187,1小时5分
苏州,上海虹桥,G,G7127,0小时33分
苏州,上海,K,K1331,1小时13分
苏州,上海,Z,Z303,0小时59分
苏州,上海,G,G7015,0小时26分
苏州,上海,G,G7055,0小时32分
苏州,上海南,K,K469,1小时26分
苏州,上海,G,G7231,0小时40分
苏州,上海虹桥,G,G7135,0小时31分
苏州,上海,G,G7057,0小时34分
苏州,上海南,K,K525,1小时50分
苏州,上海,G,G7799,0小时32分
苏州,上海,K,K515,1小时27分
苏州,上海,G,G7017,0小时26分
苏州,上海,K,K2185,1小时47分
苏州,上海西,G,G7059,0小时30分
苏州,上海虹桥,G,G7171,0小时37分
苏州,上海虹桥,G,G7139,0小时37分
苏州,上海,G,G7263,0小时31分
苏州,上海南,K,K807,1小时28分
苏州,上海,G,G7041,0小时42分
苏州,上海,X,1227,1小时14分
苏州,上海,G,G7019,0小时26分
苏州,上海虹桥,G,G7143,0小时33分
苏州,上海南,K,K527,1小时29分
苏州,上海虹桥,G,G7371,0小时40分
苏州,上海,G,G7281,0小时28分
苏州,上海虹桥,G,G7119,0小时38分
苏州,上海,G,G7243,0小时35分
苏州,上海南,D,D3071,1小时13分
苏州,上海,G,G7021,0小时25分
苏州,上海西,G,G7207,0小时32分
苏州,上海,G,G7267,0小时34分
苏州,上海,G,G7239,0小时36分
苏州,上海虹桥,G,G7491,0小时36分
苏州,上海西,G,G7083,0小时30分
苏州,上海,G,G7285,0小时44分
苏州,上海,G,G7023,0小时26分
苏州,上海西,G,G7247,0小时40分
苏州,上海,G,G7235,0小时27分
苏州,上海西,G,G7065,0小时29分
苏州,上海虹桥,G,G3163,0小时33分
苏州,上海,D,D951,0小时30分
苏州,上海,G,G7097,0小时35分
苏州,上海,G,G7025,0小时26分
苏州,上海,G,G7099,0小时35分
苏州,上海,G,G7095,0小时44分
苏州,上海,G,G7087,0小时35分
苏州,上海南,D,D3067,1小时6分
苏州,上海,G,G7251,0小时35分
苏州,上海虹桥,G,G7125,0小时26分
苏州,上海西,G,G7027,0小时22分
苏州,上海,G,G7217,0小时34分
苏州,上海,K,K8365,1小时2分
苏州,上海虹桥,D,D351,0小时34分
苏州,上海,K,K8427,1小时7分
苏州,上海,G,G7069,0小时34分
苏州,上海,G,G7091,0小时26分
苏州,上海虹桥,G,G7163,0小时32分
苏州,上海南,K,K1805,1小时22分
苏州,上海南,K,K8351,1小时59分
苏州,上海,K,K1101,1小时10分
苏州,上海虹桥,D,D3009,0小时33分
苏州,上海虹桥,D,D3041,0小时36分
苏州,上海虹桥,G,G7117,0小时36分
苏州,上海虹桥,G,G7585,0小时33分
苏州,上海虹桥,D,D3045,0小时28分
苏州,上海虹桥,G,G3229,0小时32分
苏州,南翔北,G,G7231,0小时28分
苏州,南翔北,G,G7263,0小时20分
苏州,安亭北,G,G7033,0小时24分
苏州,安亭北,G,G7205,0小时25分
苏州,安亭北,G,G7255,0小时24分
苏州,安亭北,D,D3005,0小时23分
苏州,安亭北,G,G7059,0小时17分
苏州,安亭北,G,G7041,0小时27分
苏州,昆山,Z,Z175,0小时24分
苏州,昆山,K,K8371,0小时24分
苏州,昆山,Z,Z375,0小时24分
苏州,昆山,K,K47,0小时24分
苏州,昆山,K,K8361,1小时9分
苏州,阳澄湖,G,G7213,0小时10分
苏州,昆山南,G,G7211,0小时12分
苏州,昆山,K,K8355,0小时24分
苏州,昆山南,G,G7503,0小时23分
苏州,昆山南,G,G7209,0小时19分
苏州,昆山,K,K233,0小时24分
苏州,昆山南,G,G7101,0小时12分
苏州,昆山南,D,D2281,0小时12分
苏州,昆山南,G,G7037,0小时28分
苏州,昆山,K,K1149,0小时25分
苏州,昆山南,G,G7313,0小时12分
苏州,昆山南,G,G7043,0小时28分
苏州,昆山南,G,G7103,0小时12分
苏州,昆山南,G,G7271,0小时12分
苏州,昆山南,G,G7389,0小时12分
苏州,昆山南,G,G7431,0小时12分
苏州,昆山南,G,G7205,0小时12分
苏州,昆山,T,T235,0小时25分
苏州,昆山南,G,G7225,0小时12分
苏州,昆山,K,K171,0小时24分
苏州,昆山南,D,D3135,0小时12分
苏州,昆山南,G,G7147,0小时13分
苏州,昆山南,G,G7107,0小时13分
苏州,昆山南,G,G7201,0小时19分
苏州,昆山南,G,G7045,0小时12分
苏州,昆山南,G,G7167,0小时12分
苏州,昆山南,G,G7007,0小时12分
苏州,昆山南,G,G7591,0小时13分
苏州,昆山南,G,G7109,0小时12分
苏州,昆山南,G,G7221,0小时12分
苏州,昆山南,G,G7161,0小时12分
苏州,昆山南,G,G7111,0小时12分
苏州,昆山南,G,G7071,0小时12分
苏州,昆山南,G,G7159,0小时12分
苏州,昆山南,G,G7075,0小时12分
苏州,昆山南,D,D3141,0小时12分
苏州,昆山南,D,D3013,0小时12分
苏州,昆山南,G,G7049,0小时12分
苏州,昆山南,G,G7315,0小时18分
苏州,昆山南,G,G7575,0小时13分
苏州,昆山南,G,G7229,0小时13分
苏州,昆山南,D,D3005,0小时12分
苏州,昆山南,G,G7079,0小时13分
苏州,昆山南,G,G7127,0小时13分
苏州,昆山,Z,Z303,0小时22分
苏州,昆山南,G,G7055,0小时12分
苏州,昆山,K,K469,0小时24分
苏州,昆山南,G,G7231,0小时12分
苏州,昆山,T,T111,0小时26分
苏州,阳澄湖,G,G7135,0小时10分
苏州,昆山,K,K525,0小时24分
苏州,昆山南,G,G7799,0小时12分
苏州,昆山,K,K515,0小时26分
苏州,昆山,K,K2185,0小时32分
苏州,昆山南,G,G7171,0小时12分
苏州,昆山南,G,G7139,0小时12分
苏州,昆山,K,K807,0小时24分
苏州,昆山南,G,G7041,0小时12分
苏州,昆山南,G,G7143,0小时13分
苏州,阳澄湖,G,G7371,0小时10分
苏州,昆山南,G,G7119,0小时15分
苏州,昆山南,G,G7243,0小时12分
苏州,昆山南,D,D3071,0小时12分
苏州,昆山南,G,G7207,0小时12分
苏州,昆山南,G,G7267,0小时12分
苏州,昆山南,G,G7239,0小时12分
苏州,昆山南,G,G7491,0小时12分
苏州,阳澄湖,G,G7285,0小时11分
苏州,昆山南,G,G7247,0小时18分
苏州,昆山南,G,G7065,0小时12分
苏州,昆山南,G,G7097,0小时12分
苏州,昆山南,G,G7099,0小时13分
苏州,阳澄湖,G,G7095,0小时11分
苏州,昆山南,D,D3067,0小时13分
苏州,昆山南,G,G7251,0小时13分
苏州,昆山南,G,G7217,0小时13分
苏州,昆山南,D,D351,0小时13分
苏州,昆山,K,K8427,0小时24分
苏州,昆山南,G,G7069,0小时12分
苏州,昆山南,G,G7163,0小时12分
苏州,昆山,K,K1101,0小时24分
苏州,昆山南,D,D3009,0小时12分
苏州,昆山南,D,D3041,0小时12分
苏州,昆山南,G,G7117,0小时12分
苏州,昆山南,G,G7585,0小时12分
苏州,昆山南,G,G3163,0小时12分
苏州,昆山南,G,G3229,0小时12分
苏州,苏州园区,G,G7203,0小时7分
苏州,苏州园区,G,G7503,0小时7分
苏州,苏州园区,G,G7209,0小时7分
苏州,苏州园区,G,G7033,0小时7分
苏州,苏州园区,G,G7037,0小时7分
苏州,苏州园区,G,G7043,0小时7分
苏州,苏州园区,G,G7255,0小时7分
苏州,苏州园区,G,G7201,0小时8分
苏州,苏州园区,G,G7113,0小时7分
苏州,苏州园区,G,G7315,0小时7分
苏州,苏州园区,G,G7583,0小时7分
苏州,苏州园区,G,G7053,0小时7分
苏州,苏州园区,G,G7057,0小时7分
苏州,苏州园区,G,G7083,0小时6分
苏州,苏州园区,G,G7247,0小时7分
苏州,苏州园区,G,G7087,0小时8分
苏州,苏州新区,G,G7104,0小时8分
苏州,苏州新区,G,G7088,0小时8分
苏州,苏州新区,G,G7140,0小时8分
苏州,无锡,T,T136,0小时26分
苏州,无锡,K,K8428,0小时28分
苏州,无锡,K,K526,0小时28分
苏州,无锡,K,K528,0小时28分
苏州,无锡,G,G7072,0小时15分
苏州,无锡,G,G7032,0小时15分
苏州,无锡,D,D352,0小时15分
苏州,无锡,G,G7076,0小时15分
苏州,无锡新区,G,G3230,0小时12分
苏州,无锡,G,G7002,0小时15分
苏州,无锡,D,D3072,0小时15分
苏州,无锡,G,G7102,0小时15分
苏州,无锡,G,G7080,0小时15分
苏州,无锡,G,G7004,0小时15分
苏州,无锡,G,G7268,0小时15分
苏州,无锡,G,G7036,0小时15分
苏州,无锡,G,G7084,0小时14分
苏州,无锡,G,G7202,0小时16分
苏州,无锡,K,K290,0小时40分
苏州,无锡,Z,Z376,0小时26分
苏州,无锡,G,G7372,0小时15分
苏州,无锡,G,G7132,0小时15分
苏州,无锡,K,K516,0小时28分
苏州,无锡,G,G7008,0小时15分
苏州,无锡,K,K360,0小时28分
苏州,无锡,K,K1150,0小时28分
苏州,无锡,D,D3068,0小时15分
苏州,无锡,G,G7136,0小时15分
苏州,无锡新区,G,G7236,0小时12分
苏州,无锡,G,G7044,0小时15分
苏州,无锡,K,K1556,0小时33分
苏州,无锡,G,G7010,0小时15分
苏州,无锡,G,G7240,0小时15分
苏州,无锡,K,K470,0小时49分
苏州,无锡,T,T236,0小时25分
苏州,无锡,G,G7572,0小时15分
苏州,无锡,G,G7264,0小时15分
苏州,无锡,G,G7316,0小时15分
苏州,无锡,G,G7282,0小时15分
苏州,无锡,K,K2186,0小时28分
苏州,无锡,G,G7108,0小时15分
苏州,无锡,K,K234,0小时28分
苏州,无锡,G,G7244,0小时15分
苏州,无锡,K,K1156,0小时28分
苏州,无锡,G,G7012,0小时15分
苏州,无锡新区,G,G7046,0小时12分
苏州,无锡,K,K36,0小时28分
苏州,无锡,G,G7048,0小时15分
苏州,无锡,T,T112,0小时26分
苏州,无锡,K,K464,0小时28分
苏州,惠山,G,G7110,0小时20分
苏州,无锡,X,1462,0小时28分
苏州,无锡,G,G7014,0小时15分
苏州,无锡,K,K850,0小时28分
苏州,无锡,G,G7164,0小时15分
苏州,无锡,G,G7112,0小时15分
苏州,无锡,G,G7248,0小时15分
苏州,无锡,G,G7176,0小时15分
苏州,无锡,G,G7092,0小时15分
苏州,无锡,G,G7016,0小时15分
苏州,无锡,D,D3006,0小时16分
苏州,无锡,K,K782,0小时28分
苏州,无锡,G,G7114,0小时15分
苏州,无锡,K,K172,0小时28分
苏州,无锡,G,G7276,0小时15分
苏州,无锡,K,K1102,0小时28分
苏州,无锡,G,G7390,0小时15分
苏州,无锡,K,K808,0小时28分
苏州,无锡,K,K738,0小时28分
苏州,无锡,D,D3010,0小时16分
苏州,无锡新区,G,G7100,0小时12分
苏州,无锡,G,G7018,0小时15分
苏州,无锡,K,K2666,0小时29分
苏州,无锡,G,G7140,0小时22分
苏州,无锡,K,K1806,0小时41分
苏州,无锡,Z,Z268,0小时22分
苏州,无锡,K,K560,0小时28分
苏州,无锡,G,G7052,0小时15分
苏州,无锡,G,G7152,0小时15分
苏州,无锡,G,G7168,0小时15分
苏州,无锡,Z,Z176,0小时27分
苏州,无锡,G,G7020,0小时15分
苏州,无锡,D,D3142,0小时16分
苏州,无锡,D,D3014,0小时16分
苏州,无锡,Z,Z252,0小时23分
苏州,无锡,K,K1328,0小时28分
苏州,无锡,G,G7054,0小时15分
苏州,无锡新区,G,G7592,0小时12分
苏州,无锡,G,G7376,0小时16分
苏州,无锡,K,K372,0小时28分
苏州,无锡,G,G7022,0小时15分
苏州,无锡,D,D3042,0小时16分
苏州,无锡,K,K152,0小时28分
苏州,无锡新区,G,G7144,0小时12分
苏州,无锡,K,K1512,0小时28分
苏州,无锡,G,G7130,0小时15分
苏州,无锡,G,G7056,0小时14分
苏州,无锡,G,G7024,0小时15分
苏州,无锡,D,D3046,0小时16分
苏州,无锡,G,G7120,0小时15分
苏州,无锡,D,D3136,0小时16分
苏州,无锡新区,G,G7058,0小时12分
苏州,无锡,Z,Z92,0小时25分
苏州,无锡新区,G,G7156,0小时14分
苏州,无锡,G,G7520,0小时15分
苏州,无锡,Z,Z86,0小时22分
苏州,无锡,G,G7272,0小时15分
苏州,无锡,Z,Z216,0小时22分
苏州,无锡,G,G7026,0小时15分
苏州,无锡,G,G7096,0小时15分
苏州,无锡,K,K188,1小时0分
苏州,无锡,G,G7122,0小时15分
苏州,无锡,G,G7584,0小时15分
苏州,无锡新区,G,G7062,0小时12分
苏州,无锡,Z,Z172,0小时22分
苏州,无锡,K,K1332,0小时28分
苏州,无锡,G,G7226,0小时15分
苏州,无锡,G,G7028,0小时15分
苏州,无锡,Z,Z282,0小时22分
苏州,无锡,Z,Z40,0小时22分
苏州,无锡,G,G7432,0小时15分
苏州,无锡,G,G7066,0小时15分
苏州,无锡,Z,Z164,0小时22分
苏州,无锡,G,G7064,0小时15分
苏州,无锡,G,G7286,0小时15分
苏州,无锡,G,G7070,0小时15分
苏州,无锡,X,1228,0小时28分
苏州,无锡,G,G7314,0小时15分
苏州,无锡,K,K282,0小时28分
苏州,无锡,G,G7030,0小时15分
苏州,无锡,G,G7098,0小时15分
苏州,无锡,Z,Z304,0小时23分
苏州,无锡,D,D2282,0小时15分
苏州,无锡,G,G7350,0小时15分
苏州,无锡,G,G7068,0小时15分
苏州,无锡,D,D782,0小时21分
苏州,无锡,K,K8402,0小时28分
苏州,无锡,K,K1048,0小时28分
苏州,无锡,D,D310,0小时22分
苏州,无锡,D,D306,0小时22分
苏州,无锡,K,K8432,0小时29分
苏州,无锡,K,K8362,0小时29分
苏州,无锡,K,K8366,0小时28分
苏州,无锡,G,G7006,0小时15分
苏州,无锡,G,G7586,0小时15分
苏州,无锡,G,G7576,0小时15分
苏州,无锡新区,G,G7148,0小时12分
苏州,无锡,T,T132,0小时27分
苏州,无锡,G,G7218,0小时15分
苏州,无锡,T,T116,0小时25分
苏州,无锡,G,G7222,0小时15分
苏州,无锡,K,K48,0小时28分
苏州,无锡,G,G7260,0小时15分
苏州,无锡,K,K8356,0小时40分
苏州,无锡,K,K8352,1小时17分
苏州,无锡,K,K8482,0小时28分
苏州,无锡,K,K8372,0小时28分
苏州,无锡,T,T136,0小时26分
苏州,无锡,K,K8428,0小时28分
苏州,无锡,K,K526,0小时28分
苏州,无锡,K,K528,0小时28分
苏州,无锡,G,G7072,0小时15分
苏州,无锡,G,G7032,0小时15分
苏州,无锡,D,D352,0小时15分
苏州,无锡,G,G7076,0小时15分
苏州,无锡,G,G3230,0小时21分
苏州,无锡,G,G7002,0小时15分
苏州,无锡,D,D3072,0小时15分
苏州,无锡,G,G7102,0小时15分
苏州,无锡,G,G7080,0小时15分
苏州,无锡,G,G7004,0小时15分
苏州,无锡,G,G7268,0小时15分
苏州,无锡,G,G7036,0小时15分
苏州,无锡,G,G7084,0小时14分
苏州,无锡,G,G7202,0小时16分
苏州,无锡,K,K290,0小时40分
苏州,无锡,Z,Z376,0小时26分
苏州,无锡,G,G7372,0小时15分
苏州,无锡,G,G7132,0小时15分
苏州,无锡,K,K516,0小时28分
苏州,无锡,G,G7008,0小时15分
苏州,无锡,K,K360,0小时28分
苏州,无锡,K,K1150,0小时28分
苏州,无锡,D,D3068,0小时15分
苏州,无锡,G,G7136,0小时15分
苏州,无锡新区,G,G7236,0小时12分
苏州,无锡,G,G7044,0小时15分
苏州,无锡,K,K1556,0小时33分
苏州,无锡,G,G7010,0小时15分
苏州,无锡,G,G7240,0小时15分
苏州,无锡,K,K470,0小时49分
苏州,无锡,T,T236,0小时25分
苏州,无锡,G,G7572,0小时15分
苏州,无锡,G,G7264,0小时15分
苏州,无锡,G,G7316,0小时15分
苏州,无锡,G,G7282,0小时15分
苏州,无锡,K,K2186,0小时28分
苏州,无锡,G,G7108,0小时15分
苏州,无锡,K,K234,0小时28分
苏州,无锡,G,G7244,0小时15分
苏州,无锡,K,K1156,0小时28分
苏州,无锡,G,G7012,0小时15分
苏州,无锡,G,G7046,0小时21分
苏州,无锡,K,K36,0小时28分
苏州,无锡,G,G7048,0小时15分
苏州,无锡,T,T112,0小时26分
苏州,无锡,K,K464,0小时28分
苏州,惠山,G,G7110,0小时20分
苏州,无锡,X,1462,0小时28分
苏州,无锡,G,G7014,0小时15分
苏州,无锡,K,K850,0小时28分
苏州,无锡,G,G7164,0小时15分
苏州,无锡,G,G7112,0小时15分
苏州,无锡,G,G7248,0小时15分
苏州,无锡,G,G7176,0小时15分
苏州,无锡,G,G7092,0小时15分
苏州,无锡,G,G7016,0小时15分
苏州,无锡,D,D3006,0小时16分
苏州,无锡,K,K782,0小时28分
苏州,无锡,G,G7114,0小时15分
苏州,无锡,K,K172,0小时28分
苏州,无锡,G,G7276,0小时15分
苏州,无锡,K,K1102,0小时28分
苏州,无锡,G,G7390,0小时15分
苏州,无锡,K,K808,0小时28分
苏州,无锡,K,K738,0小时28分
苏州,无锡,D,D3010,0小时16分
苏州,无锡,G,G7100,0小时26分
苏州,无锡,G,G7018,0小时15分
苏州,无锡,K,K2666,0小时29分
苏州,无锡,G,G7140,0小时22分
苏州,无锡,K,K1806,0小时41分
苏州,无锡,Z,Z268,0小时22分
苏州,无锡,K,K560,0小时28分
苏州,无锡,G,G7052,0小时15分
苏州,无锡,G,G7152,0小时15分
苏州,无锡,G,G7168,0小时15分
苏州,无锡,Z,Z176,0小时27分
苏州,无锡,G,G7020,0小时15分
苏州,无锡,D,D3142,0小时16分
苏州,无锡,D,D3014,0小时16分
苏州,无锡,Z,Z252,0小时23分
苏州,无锡,K,K1328,0小时28分
苏州,无锡,G,G7054,0小时15分
苏州,无锡,G,G7592,0小时21分
苏州,无锡,G,G7376,0小时16分
苏州,无锡,K,K372,0小时28分
苏州,无锡,G,G7022,0小时15分
苏州,无锡,D,D3042,0小时16分
苏州,无锡,K,K152,0小时28分
苏州,无锡,G,G7144,0小时22分
苏州,无锡,K,K1512,0小时28分
苏州,无锡,G,G7130,0小时15分
苏州,无锡,G,G7056,0小时14分
苏州,无锡,G,G7024,0小时15分
苏州,无锡,D,D3046,0小时16分
苏州,无锡,G,G7120,0小时15分
苏州,无锡,D,D3136,0小时16分
苏州,无锡,G,G7058,0小时21分
苏州,无锡,Z,Z92,0小时25分
苏州,无锡,G,G7156,0小时28分
苏州,无锡,G,G7520,0小时15分
苏州,无锡,Z,Z86,0小时22分
苏州,无锡,G,G7272,0小时15分
苏州,无锡,Z,Z216,0小时22分
苏州,无锡,G,G7026,0小时15分
苏州,无锡,G,G7096,0小时15分
苏州,无锡,K,K188,1小时0分
苏州,无锡,G,G7122,0小时15分
苏州,无锡,G,G7584,0小时15分
苏州,无锡,G,G7062,0小时26分
苏州,无锡,Z,Z172,0小时22分
苏州,无锡,K,K1332,0小时28分
苏州,无锡,G,G7226,0小时15分
苏州,无锡,G,G7028,0小时15分
苏州,无锡,Z,Z282,0小时22分
苏州,无锡,Z,Z40,0小时22分
苏州,无锡,G,G7432,0小时15分
苏州,无锡,G,G7066,0小时15分
苏州,无锡,Z,Z164,0小时22分
苏州,无锡,G,G7064,0小时15分
苏州,无锡,G,G7286,0小时15分
苏州,无锡,G,G7070,0小时15分
苏州,无锡,X,1228,0小时28分
苏州,无锡,G,G7314,0小时15分
苏州,无锡,K,K282,0小时28分
苏州,无锡,G,G7030,0小时15分
苏州,无锡,G,G7098,0小时15分
苏州,无锡,Z,Z304,0小时23分
苏州,无锡,D,D2282,0小时15分
苏州,无锡,G,G7350,0小时15分
苏州,无锡,G,G7068,0小时15分
苏州,无锡,D,D782,0小时21分
苏州,无锡,K,K8402,0小时28分
苏州,无锡,K,K1048,0小时28分
苏州,无锡,D,D310,0小时22分
苏州,无锡,D,D306,0小时22分
苏州,无锡,K,K8432,0小时29分
苏州,无锡,K,K8362,0小时29分
苏州,无锡,K,K8366,0小时28分
苏州,无锡,G,G7006,0小时15分
苏州,无锡,G,G7586,0小时15分
苏州,无锡,G,G7576,0小时15分
苏州,无锡新区,G,G7148,0小时12分
苏州,无锡,T,T132,0小时27分
苏州,无锡,G,G7218,0小时15分
苏州,无锡,T,T116,0小时25分
苏州,无锡,G,G7222,0小时15分
苏州,无锡,K,K48,0小时28分
苏州,无锡,G,G7260,0小时15分
苏州,无锡,K,K8356,0小时40分
苏州,无锡,K,K8352,1小时17分
苏州,无锡,K,K8482,0小时28分
苏州,无锡,K,K8372,0小时28分
苏州,无锡,T,T136,0小时26分
苏州,无锡,K,K8428,0小时28分
苏州,无锡,K,K526,0小时28分
苏州,无锡,K,K528,0小时28分
苏州,无锡,G,G7072,0小时15分
苏州,无锡,G,G7032,0小时15分
苏州,无锡,D,D352,0小时15分
苏州,惠山,G,G7076,0小时26分
苏州,无锡新区,G,G3230,0小时12分
苏州,无锡,G,G7002,0小时15分
苏州,无锡,D,D3072,0小时15分
苏州,无锡,G,G7102,0小时15分
苏州,无锡,G,G7080,0小时15分
苏州,无锡,G,G7004,0小时15分
苏州,无锡,G,G7268,0小时15分
苏州,惠山,G,G7036,0小时26分
苏州,无锡,G,G7084,0小时14分
苏州,无锡,G,G7202,0小时16分
苏州,无锡,K,K290,0小时40分
苏州,无锡,Z,Z376,0小时26分
苏州,无锡,G,G7372,0小时15分
苏州,无锡,G,G7132,0小时15分
苏州,无锡,K,K516,0小时28分
苏州,无锡,G,G7008,0小时15分
苏州,无锡,K,K360,0小时28分
苏州,无锡,K,K1150,0小时28分
苏州,无锡,D,D3068,0小时15分
苏州,无锡,G,G7136,0小时15分
苏州,惠山,G,G7236,0小时26分
苏州,无锡,G,G7044,0小时15分
苏州,无锡,K,K1556,0小时33分
苏州,无锡,G,G7010,0小时15分
苏州,无锡,G,G7240,0小时15分
苏州,无锡,K,K470,0小时49分
苏州,无锡,T,T236,0小时25分
苏州,无锡,G,G7572,0小时15分
苏州,无锡,G,G7264,0小时15分
苏州,无锡,G,G7316,0小时15分
苏州,无锡,G,G7282,0小时15分
苏州,无锡,K,K2186,0小时28分
苏州,无锡,G,G7108,0小时15分
苏州,无锡,K,K234,0小时28分
苏州,无锡,G,G7244,0小时15分
苏州,无锡,K,K1156,0小时28分
苏州,无锡,G,G7012,0小时15分
苏州,无锡新区,G,G7046,0小时12分
苏州,无锡,K,K36,0小时28分
苏州,无锡,G,G7048,0小时15分
苏州,无锡,T,T112,0小时26分
苏州,无锡,K,K464,0小时28分
苏州,惠山,G,G7110,0小时20分
苏州,无锡,X,1462,0小时28分
苏州,无锡,G,G7014,0小时15分
苏州,无锡,K,K850,0小时28分
苏州,无锡,G,G7164,0小时15分
苏州,无锡,G,G7112,0小时15分
苏州,无锡,G,G7248,0小时15分
苏州,无锡,G,G7176,0小时15分
苏州,无锡,G,G7092,0小时15分
苏州,无锡,G,G7016,0小时15分
苏州,无锡,D,D3006,0小时16分
苏州,无锡,K,K782,0小时28分
苏州,无锡,G,G7114,0小时15分
苏州,无锡,K,K172,0小时28分
苏州,无锡,G,G7276,0小时15分
苏州,无锡,K,K1102,0小时28分
苏州,无锡,G,G7390,0小时15分
苏州,无锡,K,K808,0小时28分
苏州,无锡,K,K738,0小时28分
苏州,无锡,D,D3010,0小时16分
苏州,无锡新区,G,G7100,0小时12分
苏州,无锡,G,G7018,0小时15分
苏州,无锡,K,K2666,0小时29分
苏州,无锡,G,G7140,0小时22分
苏州,无锡,K,K1806,0小时41分
苏州,无锡,Z,Z268,0小时22分
苏州,无锡,K,K560,0小时28分
苏州,无锡,G,G7052,0小时15分
苏州,惠山,G,G7152,0小时26分
苏州,无锡,G,G7168,0小时15分
苏州,无锡,Z,Z176,0小时27分
苏州,无锡,G,G7020,0小时15分
苏州,无锡,D,D3142,0小时16分
苏州,无锡,D,D3014,0小时16分
苏州,无锡,Z,Z252,0小时23分
苏州,无锡,K,K1328,0小时28分
苏州,惠山,G,G7054,0小时26分
苏州,无锡新区,G,G7592,0小时12分
苏州,无锡,G,G7376,0小时16分
苏州,无锡,K,K372,0小时28分
苏州,无锡,G,G7022,0小时15分
苏州,无锡,G,G7222,0小时15分
苏州,无锡,D,D3042,0小时16分
苏州,无锡,K,K152,0小时28分
苏州,无锡新区,G,G7144,0小时12分
苏州,无锡,K,K1512,0小时28分
苏州,无锡,G,G7130,0小时15分
苏州,惠山,G,G7056,0小时25分
苏州,无锡,G,G7024,0小时15分
苏州,无锡,D,D3046,0小时16分
苏州,无锡,G,G7120,0小时15分
苏州,惠山,D,D3136,0小时26分
苏州,无锡新区,G,G7058,0小时12分
苏州,无锡,Z,Z92,0小时25分
苏州,无锡新区,G,G7156,0小时14分
苏州,无锡,G,G7520,0小时15分
苏州,无锡,Z,Z86,0小时22分
苏州,无锡,G,G7272,0小时15分
苏州,无锡,Z,Z216,0小时22分
苏州,无锡,G,G7026,0小时15分
苏州,无锡,G,G7096,0小时15分
苏州,无锡,K,K188,1小时0分
苏州,无锡,G,G7122,0小时15分
苏州,无锡,G,G7584,0小时15分
苏州,无锡新区,G,G7062,0小时12分
苏州,无锡,Z,Z172,0小时22分
苏州,无锡,K,K1332,0小时28分
苏州,无锡,G,G7226,0小时15分
苏州,无锡,G,G7028,0小时15分
苏州,无锡,Z,Z282,0小时22分
苏州,无锡,Z,Z40,0小时22分
苏州,无锡,G,G7432,0小时15分
苏州,无锡,G,G7066,0小时15分
苏州,无锡,Z,Z164,0小时22分
苏州,无锡,G,G7064,0小时15分
苏州,无锡,G,G7286,0小时15分
苏州,无锡,G,G7070,0小时15分
苏州,无锡,X,1228,0小时28分
苏州,无锡,G,G7314,0小时15分
苏州,无锡,K,K282,0小时28分
苏州,无锡,G,G7030,0小时15分
苏州,无锡,G,G7098,0小时15分
苏州,无锡,Z,Z304,0小时23分
苏州,无锡,D,D2282,0小时15分
苏州,无锡,G,G7350,0小时15分
苏州,无锡,G,G7068,0小时15分
苏州,无锡,D,D782,0小时21分
苏州,无锡,K,K8402,0小时28分
苏州,无锡,K,K1048,0小时28分
苏州,无锡,D,D310,0小时22分
苏州,无锡,D,D306,0小时22分
苏州,无锡,K,K8432,0小时29分
苏州,无锡,K,K8362,0小时29分
苏州,无锡,K,K8366,0小时28分
苏州,无锡,G,G7006,0小时15分
苏州,无锡,G,G7586,0小时15分
苏州,无锡,G,G7576,0小时15分
苏州,惠山,G,G7148,0小时26分
苏州,无锡,T,T132,0小时27分
苏州,无锡,G,G7218,0小时15分
苏州,无锡,T,T116,0小时25分
苏州,无锡,K,K48,0小时28分
苏州,无锡,G,G7260,0小时15分
苏州,无锡,K,K8356,0小时40分
苏州,无锡,K,K8352,1小时17分
苏州,无锡,K,K8482,0小时28分
苏州,无锡,K,K8372,0小时28分
苏州,常州,K,K8428,1小时2分
苏州,常州,K,K526,0小时59分
苏州,常州,K,K528,0小时59分
苏州,常州,G,G7072,0小时32分
苏州,常州,G,G7032,0小时32分
苏州,戚墅堰,D,D352,0小时28分
苏州,常州,G,G7076,0小时37分
苏州,戚墅堰,G,G3230,0小时35分
苏州,常州,G,G7002,0小时32分
苏州,常州,D,D3072,0小时32分
苏州,常州,G,G7102,0小时31分
苏州,常州,G,G7080,0小时31分
苏州,常州,G,G7004,0小时32分
苏州,常州,G,G7268,0小时31分
苏州,常州,G,G7084,0小时30分
苏州,常州,G,G7104,0小时31分
苏州,戚墅堰,G,G7492,0小时25分
苏州,常州,K,K290,1小时11分
苏州,常州,Z,Z376,0小时53分
苏州,常州,G,G7372,0小时32分
苏州,常州,K,K516,0小时59分
苏州,常州,G,G7008,0小时31分
苏州,常州,K,K360,0小时59分
苏州,常州,K,K1150,0小时59分
苏州,常州,G,G7042,0小时27分
苏州,常州,D,D3068,0小时32分
苏州,戚墅堰,G,G7136,0小时28分
苏州,常州,G,G7236,0小时39分
苏州,常州,G,G7044,0小时31分
苏州,常州,K,K1556,1小时5分
苏州,常州,G,G7010,0小时31分
苏州,常州,G,G7240,0小时31分
苏州,常州,T,T236,0小时51分
苏州,常州,G,G7572,0小时31分
苏州,常州,G,G7264,0小时31分
苏州,常州,G,G7316,0小时38分
苏州,常州,G,G7126,0小时25分
苏州,常州,K,K2186,0小时59分
苏州,常州,K,K234,0小时59分
苏州,常州,K,K1156,0小时59分
苏州,常州,G,G7012,0小时31分
苏州,常州,K,K36,1小时12分
苏州,戚墅堰,G,G7048,0小时29分
苏州,常州,T,T112,0小时52分
苏州,常州,K,K464,0小时59分
苏州,常州,G,G7110,0小时32分
苏州,常州,X,1462,0小时59分
苏州,常州,G,G7014,0小时31分
苏州,常州,G,G7088,0小时31分
苏州,常州,K,K850,0小时59分
苏州,常州,G,G7164,0小时31分
苏州,常州,G,G7112,0小时31分
苏州,戚墅堰,G,G7248,0小时29分
苏州,常州,G,G7176,0小时31分
苏州,常州,G,G7092,0小时31分
苏州,常州,G,G7016,0小时31分
苏州,常州,D,D3006,0小时33分
苏州,常州,K,K782,1小时0分
苏州,常州,G,G7114,0小时31分
苏州,常州,K,K172,1小时0分
苏州,常州,G,G7276,0小时31分
苏州,常州,K,K1102,1小时0分
苏州,戚墅堰,G,G7390,0小时29分
苏州,常州,D,D3010,0小时34分
苏州,常州,G,G7100,0小时42分
苏州,常州,G,G7018,0小时31分
苏州,常州,K,K2666,1小时12分
苏州,常州,G,G7140,0小时38分
苏州,常州,K,K1806,1小时11分
苏州,常州,Z,Z268,0小时46分
苏州,常州,K,K560,0小时59分
苏州,常州,G,G7052,0小时31分
苏州,常州,G,G7152,0小时46分
苏州,常州,Z,Z176,0小时51分
苏州,常州,G,G7020,0小时31分
苏州,常州,D,D3142,0小时33分
苏州,常州,D,D3014,0小时33分
苏州,常州,Z,Z252,0小时49分
苏州,常州,K,K1328,1小时0分
苏州,常州,G,G7054,0小时37分
苏州,常州,G,G7592,0小时37分
苏州,常州,G,G7376,0小时32分
苏州,常州,K,K372,0小时58分
苏州,常州,G,G7022,0小时31分
苏州,常州,D,D3042,0小时32分
苏州,常州,K,K152,1小时0分
苏州,常州,K,K1512,1小时0分
苏州,常州,G,G7130,0小时31分
苏州,常州,G,G7056,0小时37分
苏州,常州,G,G7024,0小时31分
苏州,常州,D,D3046,0小时33分
苏州,戚墅堰,G,G7120,0小时29分
苏州,常州,D,D3136,0小时39分
苏州,常州,G,G7058,0小时38分
苏州,常州,G,G7156,0小时44分
苏州,常州,G,G7520,0小时31分
苏州,常州,G,G7272,0小时31分
苏州,常州,G,G7026,0小时31分
苏州,常州,K,K188,1小时30分
苏州,常州,G,G7122,0小时31分
苏州,常州,G,G7584,0小时31分
苏州,常州,G,G7062,0小时42分
苏州,常州,Z,Z172,0小时46分
苏州,常州,K,K1332,1小时16分
苏州,常州,G,G7226,0小时31分
苏州,常州,G,G7028,0小时31分
苏州,常州,Z,Z282,0小时47分
苏州,常州,Z,Z40,0小时47分
苏州,常州,G,G7432,0小时31分
苏州,常州,G,G7066,0小时31分
苏州,常州,G,G7064,0小时31分
苏州,常州,G,G7286,0小时31分
苏州,常州,G,G7070,0小时31分
苏州,常州,X,1228,0小时58分
苏州,常州,G,G7314,0小时31分
苏州,常州,K,K282,0小时58分
苏州,常州,G,G7030,0小时31分
苏州,常州,G,G7098,0小时31分
苏州,常州,D,D2282,0小时32分
苏州,常州,G,G7350,0小时31分
苏州,常州,G,G7068,0小时31分
苏州,常州,D,D782,0小时43分
苏州,常州,K,K8402,0小时59分
苏州,常州,G,G7212,0小时26分
苏州,常州,K,K336,0小时51分
苏州,常州,K,K1048,0小时58分
苏州,常州,D,D310,0小时45分
苏州,常州,D,D306,0小时45分
苏州,常州,T,T136,0小时57分
苏州,常州,K,K8432,0小时59分
苏州,常州,K,K8362,1小时5分
苏州,常州,G,G7006,0小时31分
苏州,常州,G,G7586,0小时32分
苏州,常州,G,G7576,0小时31分
苏州,常州,T,T132,0小时54分
苏州,常州,K,K738,0小时59分
苏州,常州,T,T116,0小时51分
苏州,常州,G,G7222,0小时31分
苏州,常州,K,K48,0小时58分
苏州,常州,G,G7260,0小时31分
苏州,常州,K,K8356,1小时10分
苏州,常州,K,K8352,1小时48分
苏州,常州,K,K8482,0小时57分
苏州,常州,K,K8372,0小时59分
苏州,常州,K,K8428,1小时2分
苏州,常州,K,K526,0小时59分
苏州,常州,K,K528,0小时59分
苏州,常州,G,G7072,0小时32分
苏州,常州,G,G7032,0小时32分
苏州,常州,D,D352,0小时37分
苏州,常州,G,G7076,0小时37分
苏州,常州,G,G3230,0小时48分
苏州,常州,G,G7002,0小时32分
苏州,常州,D,D3072,0小时32分
苏州,常州,G,G7102,0小时31分
苏州,常州,G,G7080,0小时31分
苏州,常州,G,G7004,0小时32分
苏州,常州,G,G7268,0小时31分
苏州,常州,G,G7084,0小时30分
苏州,常州,G,G7104,0小时31分
苏州,常州,G,G7492,0小时34分
苏州,常州,K,K290,1小时11分
苏州,常州,Z,Z376,0小时53分
苏州,常州,G,G7372,0小时32分
苏州,常州,K,K516,0小时59分
苏州,常州,G,G7008,0小时31分
苏州,常州,K,K360,0小时59分
苏州,常州,K,K1150,0小时59分
苏州,常州,G,G7042,0小时27分
苏州,常州,D,D3068,0小时32分
苏州,戚墅堰,G,G7136,0小时28分
苏州,常州,G,G7236,0小时39分
苏州,常州,G,G7044,0小时31分
苏州,常州,K,K1556,1小时5分
苏州,常州,G,G7010,0小时31分
苏州,常州,G,G7240,0小时31分
苏州,常州,T,T236,0小时51分
苏州,常州,G,G7572,0小时31分
苏州,常州,G,G7264,0小时31分
苏州,常州,G,G7316,0小时38分
苏州,常州,G,G7126,0小时25分
苏州,常州,K,K2186,0小时59分
苏州,常州,K,K234,0小时59分
苏州,常州,K,K1156,0小时59分
苏州,常州,G,G7012,0小时31分
苏州,常州,K,K36,1小时12分
苏州,常州,G,G7048,0小时37分
苏州,常州,T,T112,0小时52分
苏州,常州,K,K464,0小时59分
苏州,常州,G,G7110,0小时32分
苏州,常州,X,1462,0小时59分
苏州,常州,G,G7014,0小时31分
苏州,常州,G,G7088,0小时31分
苏州,常州,K,K850,0小时59分
苏州,常州,G,G7164,0小时31分
苏州,常州,G,G7112,0小时31分
苏州,戚墅堰,G,G7248,0小时29分
苏州,常州,G,G7176,0小时31分
苏州,常州,G,G7092,0小时31分
苏州,常州,G,G7016,0小时31分
苏州,常州,D,D3006,0小时33分
苏州,常州,K,K782,1小时0分
苏州,常州,G,G7114,0小时31分
苏州,常州,K,K172,1小时0分
苏州,常州,G,G7276,0小时31分
苏州,常州,K,K1102,1小时0分
苏州,常州,G,G7390,0小时40分
苏州,常州,D,D3010,0小时34分
苏州,常州,G,G7100,0小时42分
苏州,常州,G,G7018,0小时31分
苏州,常州,K,K2666,1小时12分
苏州,常州,G,G7140,0小时38分
苏州,常州,K,K1806,1小时11分
苏州,常州,Z,Z268,0小时46分
苏州,常州,K,K560,0小时59分
苏州,常州,G,G7052,0小时31分
苏州,常州,G,G7152,0小时46分
苏州,常州,Z,Z176,0小时51分
苏州,常州,G,G7020,0小时31分
苏州,常州,D,D3142,0小时33分
苏州,常州,D,D3014,0小时33分
苏州,常州,Z,Z252,0小时49分
苏州,常州,K,K1328,1小时0分
苏州,常州,G,G7054,0小时37分
苏州,常州,G,G7592,0小时37分
苏州,常州,G,G7376,0小时32分
苏州,常州,K,K372,0小时58分
苏州,常州,G,G7022,0小时31分
苏州,常州,D,D3042,0小时32分
苏州,常州,K,K152,1小时0分
苏州,常州,K,K1512,1小时0分
苏州,常州,G,G7130,0小时31分
苏州,常州,G,G7056,0小时37分
苏州,常州,G,G7024,0小时31分
苏州,常州,D,D3046,0小时33分
苏州,戚墅堰,G,G7120,0小时29分
苏州,常州,D,D3136,0小时39分
苏州,常州,G,G7058,0小时38分
苏州,常州,G,G7156,0小时44分
苏州,常州,G,G7520,0小时31分
苏州,常州,G,G7272,0小时31分
苏州,常州,G,G7026,0小时31分
苏州,常州,K,K188,1小时30分
苏州,常州,G,G7122,0小时31分
苏州,常州,G,G7584,0小时31分
苏州,常州,G,G7062,0小时42分
苏州,常州,Z,Z172,0小时46分
苏州,常州,K,K1332,1小时16分
苏州,常州,G,G7226,0小时31分
苏州,常州,G,G7028,0小时31分
苏州,常州,Z,Z282,0小时47分
苏州,常州,Z,Z40,0小时47分
苏州,常州,G,G7432,0小时31分
苏州,常州,G,G7066,0小时31分
苏州,常州,G,G7064,0小时31分
苏州,常州,G,G7286,0小时31分
苏州,常州,G,G7070,0小时31分
苏州,常州,X,1228,0小时58分
苏州,常州,G,G7314,0小时31分
苏州,常州,K,K282,0小时58分
苏州,常州,G,G7030,0小时31分
苏州,常州,G,G7098,0小时31分
苏州,常州,D,D2282,0小时32分
苏州,常州,G,G7350,0小时31分
苏州,常州,G,G7068,0小时31分
苏州,常州,D,D782,0小时43分
苏州,常州,K,K8402,0小时59分
苏州,常州,G,G7212,0小时26分
苏州,常州,K,K336,0小时51分
苏州,常州,K,K1048,0小时58分
苏州,常州,D,D310,0小时45分
苏州,常州,D,D306,0小时45分
苏州,常州,T,T136,0小时57分
苏州,常州,K,K8432,0小时59分
苏州,常州,K,K8362,1小时5分
苏州,常州,G,G7006,0小时31分
苏州,常州,G,G7586,0小时32分
苏州,常州,G,G7576,0小时31分
苏州,常州,T,T132,0小时54分
苏州,常州,K,K738,0小时59分
苏州,常州,T,T116,0小时51分
苏州,常州,G,G7222,0小时31分
苏州,常州,K,K48,0小时58分
苏州,常州,G,G7260,0小时31分
苏州,常州,K,K8356,1小时10分
苏州,常州,K,K8352,1小时48分
苏州,常州,K,K8482,0小时57分
苏州,常州,K,K8372,0小时59分
苏州,丹阳,G,G7072,0小时49分
苏州,丹阳,G,G7032,0小时49分
苏州,丹阳,D,D352,0小时55分
苏州,丹阳,G,G7076,0小时55分
苏州,丹阳,G,G3230,1小时6分
苏州,丹阳,G,G7102,0小时49分
苏州,丹阳,G,G7080,0小时49分
苏州,丹阳,G,G7268,0小时49分
苏州,丹阳,G,G7036,0小时49分
苏州,丹阳,G,G7492,0小时51分
苏州,丹阳,G,G7042,0小时44分
苏州,丹阳,D,D3068,0小时50分
苏州,丹阳,G,G7136,0小时51分
苏州,丹阳,G,G7044,0小时49分
苏州,丹阳,G,G7126,0小时43分
苏州,丹阳,G,G7282,0小时44分
苏州,丹阳,K,K2186,1小时33分
苏州,丹阳,G,G7108,0小时43分
苏州,丹阳,K,K1156,1小时30分
苏州,丹阳,G,G7046,0小时49分
苏州,丹阳,G,G7048,0小时55分
苏州,丹阳,K,K464,1小时36分
苏州,丹阳,G,G7110,0小时50分
苏州,丹阳,G,G7112,0小时49分
苏州,丹阳,G,G7248,0小时49分
苏州,丹阳,K,K782,1小时35分
苏州,丹阳,G,G7100,1小时0分
苏州,丹阳,G,G7140,0小时56分
苏州,丹阳,K,K1806,1小时41分
苏州,丹阳,G,G7052,0小时49分
苏州,丹阳,G,G7152,1小时4分
苏州,丹阳,G,G7168,0小时45分
苏州,丹阳,Z,Z176,1小时15分
苏州,丹阳,D,D3142,0小时51分
苏州,丹阳,D,D3014,0小时51分
苏州,丹阳,K,K1328,1小时42分
苏州,丹阳,G,G7592,0小时55分
苏州,丹阳,G,G7144,0小时50分
苏州,丹阳,G,G7056,0小时54分
苏州,丹阳,G,G7120,0小时49分
苏州,丹阳,D,D3136,0小时57分
苏州,丹阳,G,G7156,1小时2分
苏州,丹阳,G,G7520,0小时49分
苏州,丹阳,G,G7584,0小时49分
苏州,丹阳,G,G7432,0小时49分
苏州,丹阳,G,G7070,0小时49分
苏州,丹阳,G,G7314,0小时49分
苏州,丹阳,G,G7098,0小时49分
苏州,丹阳,G,G7576,0小时49分
苏州,丹阳,K,K738,1小时29分
苏州,丹阳,K,K48,1小时31分
苏州,丹阳,G,G7260,0小时49分
苏州,镇江,K,K8428,1小时51分
苏州,镇江,G,G7072,1小时3分
苏州,镇江,G,G7032,1小时3分
苏州,镇江,D,D352,1小时9分
苏州,镇江,G,G7076,1小时9分
苏州,镇江,G,G3230,1小时20分
苏州,镇江,G,G7002,0小时57分
苏州,镇江,D,D3072,0小时58分
苏州,镇江,G,G7080,1小时3分
苏州,镇江,G,G7036,1小时7分
苏州,镇江,G,G7084,0小时56分
苏州,镇江,G,G7104,0小时56分
苏州,镇江,G,G7372,0小时57分
苏州,镇江,G,G7132,0小时51分
苏州,镇江,K,K360,1小时46分
苏州,镇江,K,K1150,1小时49分
苏州,镇江,G,G7042,0小时58分
苏州,镇江,D,D3068,1小时4分
苏州,镇江,G,G7136,1小时5分
苏州,镇江,G,G7236,1小时5分
苏州,镇江,K,K1556,2小时13分
苏州,镇江,G,G7240,0小时58分
苏州,镇江,G,G7572,0小时57分
苏州,镇江,G,G7126,0小时57分
苏州,镇江,G,G7282,0小时58分
苏州,镇江,K,K2186,1小时58分
苏州,镇江,G,G7108,1小时2分
苏州,镇江,G,G7244,0小时50分
苏州,镇江,G,G7046,1小时3分
苏州,镇江,K,K36,2小时7分
苏州,镇江,G,G7048,1小时8分
苏州,镇江,K,K464,2小时0分
苏州,镇江,G,G7112,1小时3分
苏州,镇江,G,G7176,0小时56分
苏州,镇江,G,G7092,0小时56分
苏州,镇江,D,D3006,0小时59分
苏州,镇江,G,G7114,0小时56分
苏州,镇江,G,G7276,0小时57分
苏州,镇江,G,G7100,1小时14分
苏州,镇江,G,G7018,0小时56分
苏州,镇江,K,K560,1小时48分
苏州,镇江,G,G7052,1小时3分
苏州,镇江,G,G7152,1小时18分
苏州,镇江,G,G7168,1小时5分
苏州,镇江,D,D3142,1小时5分
苏州,镇江,D,D3014,1小时5分
苏州,镇江,K,K1328,2小时16分
苏州,镇江,G,G7054,1小时4分
苏州,镇江,G,G7592,1小时13分
苏州,镇江,G,G7376,0小时58分
苏州,镇江,K,K372,1小时46分
苏州,镇江,D,D3042,0小时58分
苏州,镇江,K,K152,1小时55分
苏州,镇江,G,G7144,1小时4分
苏州,镇江,G,G7130,0小时56分
苏州,镇江,G,G7024,0小时56分
苏州,镇江,D,D3046,0小时59分
苏州,镇江,G,G7120,1小时3分
苏州,镇江,D,D3136,1小时15分
苏州,镇江,G,G7058,1小时4分
苏州,镇江,G,G7156,1小时29分
苏州,镇江,G,G7520,1小时3分
苏州,镇江,G,G7026,0小时56分
苏州,镇江,G,G7122,0小时56分
苏州,镇江,G,G7584,1小时3分
苏州,镇江,G,G7062,1小时7分
苏州,镇江,K,K1332,2小时16分
苏州,镇江,G,G7226,0小时56分
苏州,镇江,G,G7028,0小时57分
苏州,镇江,Z,Z282,1小时25分
苏州,镇江,G,G7432,1小时3分
苏州,镇江,G,G7066,0小时56分
苏州,镇江,G,G7064,0小时56分
苏州,镇江,G,G7314,1小时3分
苏州,镇江,G,G7030,0小时56分
苏州,镇江,Z,Z376,1小时44分
苏州,镇江,G,G7576,1小时3分
苏州,镇江,T,T132,1小时41分
苏州,镇江,K,K738,1小时52分
苏州,镇江,K,K48,1小时54分
苏州,镇江,K,K336,1小时38分
苏州,南京,K,K8428,2小时39分
苏州,南京,K,K526,2小时35分
苏州,南京,K,K528,2小时35分
苏州,南京南,G,G7072,1小时33分
苏州,南京,G,G7032,1小时26分
苏州,南京南,D,D352,1小时41分
苏州,南京南,G,G7076,1小时40分
苏州,南京南,G,G3230,1小时51分
苏州,南京,G,G7002,1小时19分
苏州,南京南,D,D3072,1小时30分
苏州,南京,G,G7102,1小时20分
苏州,南京南,G,G7080,1小时31分
苏州,南京,G,G7004,1小时13分
苏州,南京南,G,G7268,1小时26分
苏州,南京,G,G7036,1小时30分
苏州,南京南,G,G7084,1小时27分
苏州,南京,G,G7104,1小时18分
苏州,南京南,G,G7492,1小时29分
苏州,南京,K,K290,2小时49分
苏州,南京南,G,G7372,1小时26分
苏州,南京南,G,G7132,1小时20分
苏州,南京,K,K516,2小时30分
苏州,南京,G,G7008,1小时13分
苏州,南京,K,K360,2小时39分
苏州,南京,K,K1150,2小时38分
苏州,南京,G,G7042,1小时20分
苏州,南京南,D,D3068,1小时35分
苏州,南京南,G,G7136,1小时35分
苏州,南京南,G,G7236,1小时36分
苏州,南京,G,G7044,1小时24分
苏州,南京,K,K1556,3小时3分
苏州,南京,G,G7010,1小时12分
苏州,南京南,G,G7240,1小时27分
苏州,南京南,G,G7572,1小时32分
苏州,南京南,G,G7264,1小时20分
苏州,南京,G,G7126,1小时20分
苏州,南京南,G,G7282,1小时26分
苏州,南京,K,K2186,2小时53分
苏州,南京,G,G7108,1小时26分
苏州,南京,K,K234,2小时40分
苏州,南京南,G,G7244,1小时19分
苏州,南京,K,K1156,2小时44分
苏州,南京,G,G7012,1小时13分
苏州,南京,G,G7046,1小时25分
苏州,南京,K,K36,3小时6分
苏州,南京,G,G7048,1小时31分
苏州,南京,T,T112,2小时20分
苏州,南京,K,K464,2小时59分
苏州,仙林,G,G7110,1小时24分
苏州,南京,X,1462,2小时46分
苏州,南京,G,G7014,1小时13分
苏州,南京南,G,G7088,1小时19分
苏州,南京,K,K850,2小时58分
苏州,南京南,G,G7164,1小时20分
苏州,南京,G,G7112,1小时29分
苏州,南京南,G,G7248,1小时26分
苏州,南京南,G,G7148,1小时22分
苏州,南京南,G,G7176,1小时25分
苏州,南京南,G,G7092,1小时29分
苏州,南京,G,G7016,1小时14分
苏州,南京南,D,D3006,1小时30分
苏州,南京,K,K782,2小时48分
苏州,南京,G,G7114,1小时18分
苏州,南京,K,K172,2小时47分
苏州,南京南,G,G7276,1小时27分
苏州,南京,K,K1102,3小时6分
苏州,南京南,D,D3010,1小时27分
苏州,南京,G,G7100,1小时36分
苏州,南京,G,G7018,1小时18分
苏州,南京,K,K2666,2小时48分
苏州,南京南,G,G7140,1小时35分
苏州,南京,K,K1806,2小时47分
苏州,南京,Z,Z268,1小时58分
苏州,南京,K,K560,3小时3分
苏州,南京,G,G7052,1小时32分
苏州,南京南,G,G7152,1小时47分
苏州,南京南,G,G7168,1小时34分
苏州,南京,Z,Z176,2小时10分
苏州,南京,G,G7020,1小时12分
苏州,南京,D,D3142,1小时30分
苏州,南京南,D,D3014,1小时37分
苏州,南京,Z,Z252,2小时10分
苏州,南京,K,K1328,3小时25分
苏州,南京,G,G7054,1小时27分
苏州,南京南,G,G7592,1小时41分
苏州,南京南,G,G7376,1小时27分
苏州,南京,K,K372,2小时34分
苏州,南京,G,G7022,1小时14分
苏州,南京南,D,D3042,1小时29分
苏州,南京,K,K152,2小时54分
苏州,南京南,G,G7144,1小时33分
苏州,南京,K,K1512,2小时38分
苏州,南京,G,G7130,1小时18分
苏州,南京,G,G7056,1小时24分
苏州,南京,G,G7024,1小时18分
苏州,南京南,D,D3046,1小时33分
苏州,南京,G,G7120,1小时26分
苏州,南京,D,D3136,1小时40分
苏州,南京,G,G7058,1小时26分
苏州,南京南,G,G7156,1小时58分
苏州,南京南,G,G7520,1小时32分
苏州,南京,Z,Z86,1小时49分
苏州,南京南,G,G7272,1小时22分
苏州,南京,G,G7026,1小时18分
苏州,南京,K,K188,3小时30分
苏州,南京南,G,G7122,1小时25分
苏州,南京,G,G7584,1小时25分
苏州,南京,G,G7062,1小时29分
苏州,南京,K,K1332,3小时4分
苏州,南京南,G,G7226,1小时25分
苏州,南京,G,G7028,1小时18分
苏州,南京,Z,Z40,2小时6分
苏州,南京南,G,G7432,1小时32分
苏州,南京,G,G7066,1小时18分
苏州,南京,Z,Z164,1小时56分
苏州,南京南,G,G7064,1小时29分
苏州,南京南,G,G7286,1小时18分
苏州,南京南,G,G7070,1小时26分
苏州,南京,G,G7314,1小时25分
苏州,南京,K,K282,3小时15分
苏州,南京南,G,G7030,1小时25分
苏州,南京,G,G7098,1小时19分
苏州,南京,D,D2282,1小时17分
苏州,南京南,G,G7350,1小时19分
苏州,南京,G,G7068,1小时12分
苏州,南京,D,D782,1小时57分
苏州,南京,K,K8402,2小时36分
苏州,南京,K,K1048,3小时0分
苏州,南京,D,D310,2小时10分
苏州,南京,D,D306,2小时10分
苏州,南京,T,T136,2小时22分
苏州,南京,K,K8432,2小时33分
苏州,南京,K,K8362,2小时39分
苏州,南京,K,K8366,2小时24分
苏州,南京,G,G7006,1小时14分
苏州,南京,Z,Z376,2小时37分
苏州,南京,T,T236,2小时15分
苏州,南京南,G,G7576,1小时32分
苏州,南京,T,T132,2小时31分
苏州,南京,K,K738,2小时51分
苏州,南京南,G,G7218,1小时16分
苏州,南京,T,T116,2小时12分
苏州,南京南,G,G7222,1小时20分
苏州,南京,K,K48,2小时43分
苏州,南京,Z,Z92,1小时56分
苏州,南京,Z,Z216,1小时49分
苏州,南京南,G,G7260,1小时26分
苏州,南京,Z,Z172,2小时0分
苏州,南京,Z,Z282,2小时18分
苏州,南京,K,K8356,2小时37分
苏州,南京,X,1228,3小时4分
苏州,南京,K,K8352,3小时49分
苏州,南京,Z,Z304,1小时51分
苏州,南京,K,K336,2小时27分
苏州,南京,K,K8482,2小时27分
苏州,南京,K,K8372,2小时42分
苏州,南京,K,K8428,2小时39分
苏州,南京,K,K526,2小时35分
苏州,南京,K,K528,2小时35分
苏州,南京南,G,G7072,1小时33分
苏州,南京,G,G7032,1小时26分
苏州,南京南,D,D352,1小时41分
苏州,南京南,G,G7076,1小时40分
苏州,南京南,G,G3230,1小时51分
苏州,南京,G,G7002,1小时19分
苏州,南京南,D,D3072,1小时30分
苏州,南京,G,G7102,1小时20分
苏州,南京南,G,G7080,1小时31分
苏州,南京,G,G7004,1小时13分
苏州,南京南,G,G7268,1小时26分
苏州,南京,G,G7036,1小时30分
苏州,南京南,G,G7084,1小时27分
苏州,南京,G,G7104,1小时18分
苏州,南京南,G,G7492,1小时29分
苏州,南京,K,K290,2小时49分
苏州,南京南,G,G7372,1小时26分
苏州,南京南,G,G7132,1小时20分
苏州,南京,K,K516,2小时30分
苏州,南京,G,G7008,1小时13分
苏州,南京,K,K360,2小时39分
苏州,南京,K,K1150,2小时38分
苏州,南京,G,G7042,1小时20分
苏州,南京南,D,D3068,1小时35分
苏州,南京南,G,G7136,1小时35分
苏州,南京南,G,G7236,1小时36分
苏州,南京,G,G7044,1小时24分
苏州,南京,K,K1556,3小时3分
苏州,南京,G,G7010,1小时12分
苏州,南京南,G,G7240,1小时27分
苏州,南京南,G,G7572,1小时32分
苏州,南京南,G,G7264,1小时20分
苏州,南京,G,G7126,1小时20分
苏州,南京南,G,G7282,1小时26分
苏州,南京,K,K2186,2小时53分
苏州,南京,G,G7108,1小时26分
苏州,南京,K,K234,2小时40分
苏州,南京南,G,G7244,1小时19分
苏州,南京,K,K1156,2小时44分
苏州,南京,G,G7012,1小时13分
苏州,南京,G,G7046,1小时25分
苏州,南京,K,K36,3小时6分
苏州,南京,G,G7048,1小时31分
苏州,南京,T,T112,2小时20分
苏州,南京,K,K464,2小时59分
苏州,南京,G,G7110,1小时38分
苏州,南京,X,1462,2小时46分
苏州,南京,G,G7014,1小时13分
苏州,南京南,G,G7088,1小时19分
苏州,南京,K,K850,2小时58分
苏州,南京南,G,G7164,1小时20分
苏州,南京,G,G7112,1小时29分
苏州,南京南,G,G7248,1小时26分
苏州,南京南,G,G7148,1小时22分
苏州,南京南,G,G7176,1小时25分
苏州,南京南,G,G7092,1小时29分
苏州,南京,G,G7016,1小时14分
苏州,南京南,D,D3006,1小时30分
苏州,南京,K,K782,2小时48分
苏州,南京,G,G7114,1小时18分
苏州,南京,K,K172,2小时47分
苏州,南京南,G,G7276,1小时27分
苏州,南京,K,K1102,3小时6分
苏州,南京南,D,D3010,1小时27分
苏州,南京,G,G7100,1小时36分
苏州,南京,G,G7018,1小时18分
苏州,南京,K,K2666,2小时48分
苏州,南京南,G,G7140,1小时35分
苏州,南京,K,K1806,2小时47分
苏州,南京,Z,Z268,1小时58分
苏州,南京,K,K560,3小时3分
苏州,南京,G,G7052,1小时32分
苏州,南京南,G,G7152,1小时47分
苏州,南京南,G,G7168,1小时34分
苏州,南京,Z,Z176,2小时10分
苏州,南京,G,G7020,1小时12分
苏州,南京,D,D3142,1小时30分
苏州,南京南,D,D3014,1小时37分
苏州,南京,Z,Z252,2小时10分
苏州,南京,K,K1328,3小时25分
苏州,南京,G,G7054,1小时27分
苏州,南京南,G,G7592,1小时41分
苏州,南京南,G,G7376,1小时27分
苏州,南京,K,K372,2小时34分
苏州,南京,G,G7022,1小时14分
苏州,南京南,D,D3042,1小时29分
苏州,南京,K,K152,2小时54分
苏州,南京南,G,G7144,1小时33分
苏州,南京,K,K1512,2小时38分
苏州,南京,G,G7130,1小时18分
苏州,南京,G,G7056,1小时24分
苏州,南京,G,G7024,1小时18分
苏州,南京南,D,D3046,1小时33分
苏州,南京,G,G7120,1小时26分
苏州,南京,D,D3136,1小时40分
苏州,南京,G,G7058,1小时26分
苏州,南京南,G,G7156,1小时58分
苏州,南京南,G,G7520,1小时32分
苏州,南京,Z,Z86,1小时49分
苏州,南京南,G,G7272,1小时22分
苏州,南京,G,G7026,1小时18分
苏州,南京,K,K188,3小时30分
苏州,南京南,G,G7122,1小时25分
苏州,南京,G,G7584,1小时25分
苏州,南京,G,G7062,1小时29分
苏州,南京,K,K1332,3小时4分
苏州,南京南,G,G7226,1小时25分
苏州,南京,G,G7028,1小时18分
苏州,南京,Z,Z282,2小时18分
苏州,南京,Z,Z40,2小时6分
苏州,南京南,G,G7432,1小时32分
苏州,南京,G,G7066,1小时18分
苏州,南京,Z,Z164,1小时56分
苏州,南京南,G,G7064,1小时29分
苏州,南京南,G,G7286,1小时18分
苏州,南京南,G,G7070,1小时26分
苏州,南京,G,G7314,1小时25分
苏州,南京,K,K282,3小时15分
苏州,南京南,G,G7030,1小时25分
苏州,南京,G,G7098,1小时19分
苏州,南京,D,D2282,1小时17分
苏州,南京南,G,G7350,1小时19分
苏州,南京,G,G7068,1小时12分
苏州,南京,D,D782,1小时57分
苏州,南京,K,K8402,2小时36分
苏州,南京,K,K1048,3小时0分
苏州,南京,D,D310,2小时10分
苏州,南京,D,D306,2小时10分
苏州,南京,T,T136,2小时22分
苏州,南京,K,K8432,2小时33分
苏州,南京,K,K8362,2小时39分
苏州,南京,K,K8366,2小时24分
苏州,南京,G,G7006,1小时14分
苏州,南京,Z,Z376,2小时37分
苏州,南京,T,T236,2小时15分
苏州,南京南,G,G7576,1小时32分
苏州,南京,T,T132,2小时31分
苏州,南京,K,K738,2小时51分
苏州,南京南,G,G7218,1小时16分
苏州,南京,T,T116,2小时12分
苏州,南京南,G,G7222,1小时20分
苏州,南京,K,K48,2小时43分
苏州,南京,Z,Z92,1小时56分
苏州,南京,Z,Z216,1小时49分
苏州,南京南,G,G7260,1小时26分
苏州,南京,Z,Z172,2小时0分
苏州,南京,K,K8356,2小时37分
苏州,南京,X,1228,3小时4分
苏州,南京,K,K8352,3小时49分
苏州,南京,Z,Z304,1小时51分
苏州,南京,K,K336,2小时27分
苏州,南京,K,K8482,2小时27分
苏州,南京,K,K8372,2小时42分
苏州,昆山,Z,Z175,0小时24分
苏州,昆山,K,K8371,0小时24分
苏州,昆山,Z,Z375,0小时24分
苏州,昆山,K,K47,0小时24分
苏州,昆山,K,K8361,1小时9分
苏州,阳澄湖,G,G7213,0小时10分
苏州,昆山南,G,G7211,0小时12分
苏州,昆山,K,K8355,0小时24分
苏州,昆山南,G,G7503,0小时23分
苏州,昆山南,G,G7209,0小时19分
苏州,昆山,K,K233,0小时24分
苏州,昆山南,G,G7101,0小时12分
苏州,昆山南,D,D2281,0小时12分
苏州,昆山南,G,G7037,0小时28分
苏州,昆山,K,K1149,0小时25分
苏州,昆山南,G,G7313,0小时12分
苏州,昆山南,G,G7043,0小时28分
苏州,昆山南,G,G7103,0小时12分
苏州,昆山南,G,G7271,0小时12分
苏州,昆山南,G,G7389,0小时12分
苏州,昆山南,G,G7431,0小时12分
苏州,昆山南,G,G7205,0小时12分
苏州,昆山,T,T235,0小时25分
苏州,昆山南,G,G7225,0小时12分
苏州,昆山,K,K171,0小时24分
苏州,昆山南,D,D3135,0小时12分
苏州,昆山南,G,G7147,0小时13分
苏州,昆山南,G,G7107,0小时13分
苏州,昆山南,G,G7201,0小时19分
苏州,昆山南,G,G7045,0小时12分
苏州,昆山南,G,G7167,0小时12分
苏州,昆山南,G,G7007,0小时12分
苏州,昆山南,G,G7591,0小时13分
苏州,昆山南,G,G7109,0小时12分
苏州,昆山南,G,G7221,0小时12分
苏州,昆山南,G,G7161,0小时12分
苏州,昆山南,G,G7111,0小时12分
苏州,昆山南,G,G7071,0小时12分
苏州,昆山南,G,G7159,0小时12分
苏州,昆山南,G,G7075,0小时12分
苏州,昆山南,D,D3141,0小时12分
苏州,昆山南,D,D3013,0小时12分
苏州,昆山南,G,G7049,0小时12分
苏州,昆山南,G,G7315,0小时18分
苏州,昆山南,G,G7575,0小时13分
苏州,昆山南,G,G7229,0小时13分
苏州,昆山南,D,D3005,0小时12分
苏州,昆山南,G,G7079,0小时13分
苏州,昆山南,G,G7127,0小时13分
苏州,昆山,Z,Z303,0小时22分
苏州,昆山南,G,G7055,0小时12分
苏州,昆山,K,K469,0小时24分
苏州,昆山南,G,G7231,0小时12分
苏州,昆山,T,T111,0小时26分
苏州,阳澄湖,G,G7135,0小时10分
苏州,昆山,K,K525,0小时24分
苏州,昆山南,G,G7799,0小时12分
苏州,昆山,K,K515,0小时26分
苏州,昆山,K,K2185,0小时32分
苏州,昆山南,G,G7171,0小时12分
苏州,昆山南,G,G7139,0小时12分
苏州,昆山,K,K807,0小时24分
苏州,昆山南,G,G7041,0小时12分
苏州,昆山南,G,G7143,0小时13分
苏州,阳澄湖,G,G7371,0小时10分
苏州,昆山南,G,G7119,0小时15分
苏州,昆山南,G,G7243,0小时12分
苏州,昆山南,D,D3071,0小时12分
苏州,昆山南,G,G7207,0小时12分
苏州,昆山南,G,G7267,0小时12分
苏州,昆山南,G,G7239,0小时12分
苏州,昆山南,G,G7491,0小时12分
苏州,阳澄湖,G,G7285,0小时11分
苏州,昆山南,G,G7247,0小时18分
苏州,昆山南,G,G7065,0小时12分
苏州,昆山南,G,G7097,0小时12分
苏州,昆山南,G,G7099,0小时13分
苏州,阳澄湖,G,G7095,0小时11分
苏州,昆山南,D,D3067,0小时13分
苏州,昆山南,G,G7251,0小时13分
苏州,昆山南,G,G7217,0小时13分
苏州,昆山南,D,D351,0小时13分
苏州,昆山,K,K8427,0小时24分
苏州,昆山南,G,G7069,0小时12分
苏州,昆山南,G,G7163,0小时12分
苏州,昆山,K,K1101,0小时24分
苏州,昆山南,D,D3009,0小时12分
苏州,昆山南,D,D3041,0小时12分
苏州,昆山南,G,G7117,0小时12分
苏州,昆山南,G,G7585,0小时12分
苏州,昆山南,G,G3163,0小时12分
苏州,昆山南,G,G3229,0小时12分
苏州,滁州北,K,K290,3小时39分
苏州,滁州北,K,K360,3小时23分
苏州,滁州北,K,K2186,3小时42分
苏州,滁州北,K,K464,3小时47分
苏州,滁州北,X,1462,3小时34分
苏州,滁州北,K,K850,3小时51分
苏州,滁州北,K,K172,3小时51分
苏州,滁州北,K,K2666,3小时34分
苏州,滁州北,K,K8432,3小时20分
苏州,滁州北,K,K516,3小时20分
苏州,滁州北,K,K1102,3小时54分
苏州,滁州北,K,K738,3小时43分
苏州,滁州北,K,K1806,3小时48分
苏州,滁州北,K,K188,4小时17分
苏州,滁州北,K,K1332,3小时50分
苏州,滁州北,X,1228,3小时48分
苏州,滁州北,K,K8482,3小时13分
苏州,滁州北,K,K8372,3小时27分
苏州,金山北,G,G7575,0小时58分
苏州,金山北,G,G7371,1小时8分
苏州,嘉善,K,K8371,3小时3分
苏州,嘉善,K,K335,2小时11分
苏州,嘉善,K,K47,2小时42分
苏州,嘉善南,D,D2281,1小时11分
苏州,嘉善南,G,G7313,1小时5分
苏州,嘉善南,D,D3135,1小时4分
苏州,嘉善南,G,G7583,1小时6分
苏州,嘉善,K,K469,2小时44分
苏州,嘉善,K,K807,2小时30分
苏州,嘉兴南,G,G7503,1小时18分
苏州,嘉兴南,D,D2281,1小时28分
苏州,嘉兴南,G,G7313,1小时18分
苏州,嘉兴南,G,G7389,1小时6分
苏州,嘉兴南,D,D3135,1小时27分
苏州,嘉兴南,G,G7591,1小时10分
苏州,嘉兴南,D,D3141,1小时9分
苏州,嘉兴南,G,G7575,1小时14分
苏州,嘉兴南,G,G7315,1小时9分
苏州,嘉兴南,G,G7585,1小时4分
苏州,嘉兴,K,K1805,2小时39分
苏州,桐乡,D,D2281,1小时42分
苏州,桐乡,G,G7313,1小时31分
苏州,桐乡,G,G7583,1小时23分
苏州,海宁,Z,Z175,2小时26分
苏州,海宁,K,K8371,3小时38分
苏州,海宁,K,K335,2小时44分
苏州,海宁,K,K8351,3小时56分
苏州,海宁,T,T135,3小时30分
苏州,海宁,K,K47,3小时15分
苏州,海宁,D,D781,2小时2分
苏州,海宁,Z,Z281,3小时24分
苏州,海宁,Z,Z85,1小时41分
苏州,海宁西,G,G7431,1小时19分
苏州,海宁西,D,D3135,1小时46分
苏州,海宁,T,T111,2小时6分
苏州,海宁,K,K527,3小时9分
苏州,海宁,K,K1805,3小时4分
苏州,海宁西,G,G7315,1小时29分
苏州,余杭,D,D3141,1小时30分
苏州,余杭,G,G7585,1小时23分
苏州,杭州,K,K1805,4小时0分
苏州,杭州,Z,Z175,3小时18分
苏州,杭州南,K,K1511,3小时47分
苏州,杭州南,K,K8371,5小时15分
苏州,杭州南,K,K335,3小时43分
苏州,杭州,K,K8351,5小时6分
苏州,杭州南,T,T135,4小时43分
苏州,杭州,K,K47,4小时34分
苏州,杭州,D,D781,2小时48分
苏州,杭州东,G,G7503,1小时43分
苏州,杭州,Z,Z281,4小时22分
苏州,杭州东,D,D2281,2小时6分
苏州,杭州东,G,G7313,1小时55分
苏州,杭州东,G,G7389,1小时32分
苏州,杭州,Z,Z85,2小时34分
苏州,杭州东,G,G7431,1小时34分
苏州,杭州东,D,D3135,2小时10分
苏州,杭州东,G,G7591,1小时43分
苏州,杭州东,D,D3141,1小时42分
苏州,杭州东,G,G7315,1小时44分
苏州,杭州东,G,G7575,1小时39分
苏州,杭州东,G,G7583,1小时42分
苏州,杭州东,K,K469,4小时2分
苏州,杭州,T,T111,3小时14分
苏州,杭州南,K,K525,4小时33分
苏州,杭州东,K,K807,3小时49分
苏州,杭州南,K,K527,4小时15分
苏州,杭州东,G,G7371,1小时43分
苏州,杭州东,G,G7491,1小时28分
苏州,杭州东,G,G7585,1小时35分
苏州,杭州,K,K1805,4小时0分
苏州,杭州,Z,Z175,3小时18分
苏州,杭州南,K,K1511,3小时47分
苏州,杭州南,K,K8371,5小时15分
苏州,杭州南,K,K335,3小时43分
苏州,杭州,K,K8351,5小时6分
苏州,杭州南,T,T135,4小时43分
苏州,杭州,K,K47,4小时34分
苏州,杭州,D,D781,2小时48分
苏州,杭州东,G,G7503,1小时43分
苏州,杭州,Z,Z281,4小时22分
苏州,杭州东,D,D2281,2小时6分
苏州,杭州东,G,G7313,1小时55分
苏州,杭州东,G,G7389,1小时32分
苏州,杭州,Z,Z85,2小时34分
苏州,杭州东,G,G7431,1小时34分
苏州,杭州南,D,D3135,2小时22分
苏州,杭州东,G,G7591,1小时43分
苏州,杭州东,D,D3141,1小时42分
苏州,杭州东,G,G7315,1小时44分
苏州,杭州东,G,G7575,1小时39分
苏州,杭州东,G,G7583,1小时42分
苏州,杭州,T,T111,3小时14分
苏州,杭州南,K,K525,4小时33分
苏州,杭州南,K,K807,4小时14分
苏州,杭州南,K,K527,4小时15分
苏州,杭州东,G,G7371,1小时43分
苏州,杭州东,G,G7491,1小时28分
苏州,杭州南,K,K469,4小时28分
苏州,杭州东,G,G7585,1小时35分
苏州,诸暨,K,K8371,6小时6分
苏州,诸暨,G,G7389,2小时1分
苏州,诸暨,K,K525,5小时19分
苏州,诸暨,K,K527,4小时57分
苏州,诸暨,G,G7371,2小时22分
苏州,诸暨,G,G7491,2小时9分
苏州,诸暨,K,K469,5小时11分
苏州,义乌,K,K1511,4小时52分
苏州,义乌,K,K8371,6小时36分
苏州,义乌,G,G7591,2小时20分
苏州,义乌,K,K469,5小时51分
苏州,义乌,K,K807,5小时52分
苏州,义乌,K,K527,5小时26分
苏州,义乌,G,G7371,2小时38分
苏州,义乌,G,G7491,2小时25分
苏州,金华,K,K1511,5小时38分
苏州,金华,K,K8371,8小时8分
苏州,金华,G,G7389,2小时28分
苏州,金华南,G,G7591,2小时43分
苏州,金华,K,K469,6小时33分
苏州,金华,K,K525,6小时41分
苏州,金华,K,K807,6小时36分
苏州,金华,K,K527,6小时8分
苏州,金华,G,G7371,2小时56分
苏州,金华,G,G7491,2小时43分
苏州,上海南,K,K1511,1小时10分
苏州,上海南,K,K8371,1小时43分
苏州,上海南,K,K335,1小时13分
苏州,上海南,K,K8351,1小时59分
苏州,上海,K,K1047,1小时22分
苏州,上海南,T,T135,2小时0分
苏州,上海,K,K1555,1小时17分
苏州,上海,Z,Z375,1小时15分
苏州,上海,K,K289,1小时5分
苏州,上海南,K,K47,1小时24分
苏州,上海,K,K359,1小时10分
苏州,上海,K,K8481,1小时11分
苏州,上海,K,K8431,1小时35分
苏州,上海,K,K151,1小时22分
苏州,上海,D,D305,0小时56分
苏州,上海,D,D309,0小时56分
苏州,上海,X,1461,1小时13分
苏州,上海,K,K8361,1小时51分
苏州,上海,G,G7213,0小时39分
苏州,上海虹桥,D,D781,0小时50分
苏州,上海,G,G7203,0小时32分
苏州,上海,G,G7029,0小时27分
苏州,上海,G,G7211,0小时34分
苏州,上海,K,K8355,1小时20分
苏州,上海虹桥,G,G7503,0小时43分
苏州,上海,Z,Z91,0小时54分
苏州,上海,G,G7209,0小时41分
苏州,上海,K,K233,1小时39分
苏州,上海,G,G7033,0小时42分
苏州,上海虹桥,G,G7101,0小时33分
苏州,上海南,Z,Z281,1小时53分
苏州,上海虹桥,D,D2281,0小时43分
苏州,上海,G,G7037,0小时50分
苏州,上海,G,G7001,0小时25分
苏州,上海虹桥,G,G7313,0小时33分
苏州,上海,K,K463,1小时36分
苏州,上海,G,G7043,0小时48分
苏州,上海虹桥,G,G7103,0小时32分
苏州,上海,G,G7271,0小时32分
苏州,上海虹桥,G,G7389,0小时35分
苏州,上海,G,G7003,0小时25分
苏州,上海虹桥,G,G7431,0小时35分
苏州,上海,G,G7205,0小时39分
苏州,上海,G,G7225,0小时33分
苏州,上海,K,K171,1小时34分
苏州,上海虹桥,D,D3135,0小时35分
苏州,上海,G,G7005,0小时25分
苏州,上海,G,G7255,0小时38分
苏州,上海虹桥,G,G7147,0小时33分
苏州,上海,K,K781,1小时17分
苏州,上海虹桥,G,G7107,0小时33分
苏州,上海,G,G7201,0小时41分
苏州,上海,Z,Z163,0小时54分
苏州,上海,G,G7045,0小时33分
苏州,上海,Z,Z39,0小时55分
苏州,上海虹桥,G,G7167,0小时32分
苏州,上海,Z,Z267,0小时55分
苏州,上海,G,G7007,0小时33分
苏州,上海虹桥,G,G7591,0小时36分
苏州,上海虹桥,G,G7109,0小时35分
苏州,上海,G,G7221,0小时32分
苏州,上海,T,T131,0小时54分
苏州,上海虹桥,G,G7161,0小时32分
苏州,上海虹桥,G,G7111,0小时34分
苏州,上海,Z,Z251,0小时51分
苏州,上海,G,G7071,0小时34分
苏州,上海,Z,Z171,0小时51分
苏州,上海虹桥,G,G7159,0小时35分
苏州,上海,G,G7009,0小时25分
苏州,上海虹桥,G,G7113,0小时33分
苏州,上海,G,G7075,0小时48分
苏州,上海,T,T115,0小时56分
苏州,上海虹桥,D,D3141,0小时34分
苏州,上海虹桥,D,D3013,0小时34分
苏州,上海,K,K559,1小时2分
苏州,上海虹桥,G,G7175,0小时27分
苏州,上海,K,K849,0小时59分
苏州,上海,K,K1155,1小时38分
苏州,上海,G,G7049,0小时39分
苏州,上海,K,K371,1小时34分
苏州,上海,G,G7011,0小时26分
苏州,上海虹桥,G,G7315,0小时38分
苏州,上海虹桥,G,G7575,0小时36分
苏州,上海虹桥,G,G7583,0小时39分
苏州,上海,Z,Z215,0小时53分
苏州,上海虹桥,G,G7131,0小时26分
苏州,上海,G,G7013,0小时25分
苏州,上海,G,G7229,0小时36分
苏州,上海虹桥,D,D3005,0小时43分
苏州,上海,G,G7053,0小时38分
苏州,上海,G,G7079,0小时33分
苏州,上海,K,K187,1小时5分
苏州,上海虹桥,G,G7127,0小时33分
苏州,上海,K,K1331,1小时13分
苏州,上海,Z,Z303,0小时59分
苏州,上海,G,G7015,0小时26分
苏州,上海,G,G7055,0小时32分
苏州,上海南,K,K469,1小时26分
苏州,上海,G,G7231,0小时40分
苏州,上海虹桥,G,G7135,0小时31分
苏州,上海,G,G7057,0小时34分
苏州,上海南,K,K525,1小时50分
苏州,上海,G,G7799,0小时32分
苏州,上海,K,K515,1小时27分
苏州,上海,G,G7017,0小时26分
苏州,上海,K,K2185,1小时47分
苏州,上海,G,G7059,0小时37分
苏州,上海虹桥,G,G7171,0小时37分
苏州,上海虹桥,G,G7139,0小时37分
苏州,上海,G,G7263,0小时31分
苏州,上海南,K,K807,1小时28分
苏州,上海,G,G7041,0小时42分
苏州,上海,X,1227,1小时14分
苏州,上海,G,G7019,0小时26分
苏州,上海虹桥,G,G7143,0小时33分
苏州,上海南,K,K527,1小时29分
苏州,上海虹桥,G,G7371,0小时40分
苏州,上海,G,G7281,0小时28分
苏州,上海虹桥,G,G7119,0小时38分
苏州,上海,G,G7243,0小时35分
苏州,上海南,D,D3071,1小时13分
苏州,上海,G,G7021,0小时25分
苏州,上海,G,G7207,0小时41分
苏州,上海,G,G7267,0小时34分
苏州,上海,G,G7239,0小时36分
苏州,上海虹桥,G,G7491,0小时36分
苏州,上海,G,G7083,0小时38分
苏州,上海,G,G7285,0小时44分
苏州,上海,G,G7023,0小时26分
苏州,上海,G,G7247,0小时48分
苏州,上海,G,G7235,0小时27分
苏州,上海,G,G7065,0小时37分
苏州,上海虹桥,G,G3163,0小时33分
苏州,上海,D,D951,0小时30分
苏州,上海,G,G7097,0小时35分
苏州,上海,G,G7025,0小时26分
苏州,上海,G,G7099,0小时35分
苏州,上海,G,G7095,0小时44分
苏州,上海,G,G7087,0小时35分
苏州,上海南,D,D3067,1小时6分
苏州,上海,G,G7251,0小时35分
苏州,上海虹桥,G,G7125,0小时26分
苏州,上海,G,G7027,0小时29分
苏州,上海,G,G7217,0小时34分
苏州,上海,K,K8365,1小时2分
苏州,上海虹桥,D,D351,0小时34分
苏州,上海,K,K8427,1小时7分
苏州,上海,G,G7069,0小时34分
苏州,上海,G,G7091,0小时26分
苏州,上海虹桥,G,G7163,0小时32分
苏州,上海南,K,K1805,1小时22分
苏州,上海,K,K1101,1小时10分
苏州,上海,K,K737,2小时1分
苏州,上海虹桥,D,D3009,0小时33分
苏州,上海虹桥,D,D3041,0小时36分
苏州,上海虹桥,G,G7117,0小时36分
苏州,上海虹桥,G,G7585,0小时33分
苏州,上海虹桥,D,D3045,0小时28分
苏州,上海虹桥,G,G3229,0小时32分
苏州,松江,K,K8371,2小时37分
苏州,松江,K,K47,2小时17分
苏州,松江,K,K469,2小时16分
苏州,松江,K,K525,2小时41分
苏州,嘉善,K,K8371,3小时3分
苏州,嘉善,K,K335,2小时11分
苏州,嘉善,K,K47,2小时42分
苏州,嘉善南,D,D2281,1小时11分
苏州,嘉善南,G,G7313,1小时5分
苏州,嘉善南,D,D3135,1小时4分
苏州,嘉善南,G,G7583,1小时6分
苏州,嘉善,K,K469,2小时44分
苏州,嘉善,K,K807,2小时30分
苏州,海宁,Z,Z175,2小时26分
苏州,海宁,K,K8371,3小时38分
苏州,海宁,K,K335,2小时44分
苏州,海宁,T,T135,3小时30分
苏州,海宁,K,K47,3小时15分
苏州,海宁,D,D781,2小时2分
苏州,海宁,Z,Z281,3小时24分
苏州,海宁,Z,Z85,1小时41分
苏州,海宁西,G,G7431,1小时19分
苏州,海宁西,D,D3135,1小时46分
苏州,海宁,T,T111,2小时6分
苏州,海宁,K,K527,3小时9分
苏州,海宁,K,K1805,3小时4分
苏州,海宁,K,K8351,3小时56分
苏州,海宁西,G,G7315,1小时29分
苏州,杭州,K,K1805,4小时0分
苏州,杭州,Z,Z175,3小时18分
苏州,杭州南,K,K1511,3小时47分
苏州,杭州南,K,K8371,5小时15分
苏州,杭州南,K,K335,3小时43分
苏州,杭州,K,K8351,5小时6分
苏州,杭州南,T,T135,4小时43分
苏州,杭州,K,K47,4小时34分
苏州,杭州,D,D781,2小时48分
苏州,杭州东,G,G7503,1小时43分
苏州,杭州,Z,Z281,4小时22分
苏州,杭州东,D,D2281,2小时6分
苏州,杭州东,G,G7313,1小时55分
苏州,杭州东,G,G7389,1小时32分
苏州,杭州,Z,Z85,2小时34分
苏州,杭州东,G,G7431,1小时34分
苏州,杭州东,D,D3135,2小时10分
苏州,杭州东,G,G7591,1小时43分
苏州,杭州东,D,D3141,1小时42分
苏州,杭州东,G,G7315,1小时44分
苏州,杭州东,G,G7575,1小时39分
苏州,杭州东,G,G7583,1小时42分
苏州,杭州东,K,K469,4小时2分
苏州,杭州,T,T111,3小时14分
苏州,杭州南,K,K525,4小时33分
苏州,杭州东,K,K807,3小时49分
苏州,杭州南,K,K527,4小时15分
苏州,杭州东,G,G7371,1小时43分
苏州,杭州东,G,G7491,1小时28分
苏州,杭州东,G,G7585,1小时35分
苏州,绍兴,K,K335,4小时18分
苏州,绍兴,T,T135,5小时17分
苏州,绍兴北,G,G7503,2小时4分
苏州,绍兴北,G,G7431,1小时58分
苏州,绍兴北,G,G7575,2小时0分
苏州,绍兴北,G,G7583,2小时4分
苏州,绍兴北,G,G7585,1小时56分
苏州,上虞,K,K335,4小时43分
苏州,上虞,T,T135,5小时42分
苏州,绍兴东,D,D2281,2小时38分
苏州,绍兴东,G,G7431,2小时11分
苏州,余姚,T,T135,6小时15分
苏州,余姚北,D,D2281,2小时51分
苏州,余姚北,D,D3135,2小时53分
苏州,余姚北,D,D3141,2小时22分
苏州,余姚北,G,G7575,2小时20分
苏州,余姚北,G,G7585,2小时16分
苏州,宁波,K,K335,6小时10分
苏州,宁波,T,T135,7小时18分
苏州,宁波,G,G7503,2小时39分
苏州,宁波,D,D2281,3小时15分
苏州,宁波,G,G7431,2小时40分
苏州,宁波,D,D3135,3小时16分
苏州,宁波,D,D3141,2小时47分
苏州,宁波,G,G7575,2小时47分
苏州,宁波,G,G7583,2小时39分
苏州,宁波,G,G7585,2小时37分
苏州,宁波,K,K335,6小时10分
苏州,宁波,T,T135,7小时18分
苏州,宁波,G,G7503,2小时39分
苏州,宁波,D,D2281,3小时15分
苏州,宁波,G,G7431,2小时40分
苏州,宁波,D,D3135,3小时16分
苏州,宁波,D,D3141,2小时47分
苏州,宁波,G,G7575,2小时47分
苏州,宁波,G,G7583,2小时39分
苏州,宁波,G,G7585,2小时37分
苏州,绍兴,K,K335,4小时18分
苏州,绍兴,T,T135,5小时17分
苏州,绍兴北,G,G7503,2小时4分
苏州,绍兴北,G,G7431,1小时58分
苏州,绍兴北,G,G7575,2小时0分
苏州,绍兴北,G,G7583,2小时4分
苏州,绍兴北,G,G7585,1小时56分
苏州,上虞,K,K335,4小时43分
苏州,上虞,T,T135,5小时42分
苏州,绍兴东,D,D2281,2小时38分
苏州,绍兴东,G,G7431,2小时11分
苏州,余姚,T,T135,6小时15分
苏州,余姚北,D,D2281,2小时51分
苏州,余姚北,D,D3135,2小时53分
苏州,余姚北,D,D3141,2小时22分
苏州,余姚北,G,G7575,2小时20分
苏州,余姚北,G,G7585,2小时16分
苏州,奉化,G,G7503,3小时3分
苏州,宁海,G,G7503,3小时20分
苏州,宁海,G,G7431,3小时14分
苏州,宁海,D,D3135,3小时51分
苏州,宁海,D,D3141,3小时19分
苏州,三门县,G,G7431,3小时31分
苏州,三门县,G,G7575,3小时28分
苏州,三门县,G,G7585,3小时20分
苏州,临海,G,G7585,3小时33分
苏州,台州,G,G7503,3小时52分
苏州,台州,D,D2281,4小时16分
苏州,台州,G,G7431,3小时52分
苏州,台州,D,D3135,4小时23分
苏州,台州,D,D3141,3小时51分
苏州,台州,G,G7575,3小时56分
苏州,台州,G,G7585,3小时47分
苏州,温岭,D,D2281,4小时29分
苏州,温岭,G,G7431,4小时5分
苏州,温岭,G,G7575,4小时9分
苏州,雁荡山,D,D3135,4小时43分
苏州,雁荡山,G,G7575,4小时22分
苏州,乐清,D,D2281,4小时55分
苏州,乐清,G,G7431,4小时31分
苏州,乐清,G,G7575,4小时41分
苏州,乐清,G,G7585,4小时20分
苏州,永嘉,D,D3141,4小时29分
苏州,永嘉,G,G7575,4小时53分
苏州,温州南,D,D2281,5小时12分
苏州,温州南,G,G7431,4小时50分
苏州,温州南,D,D3135,5小时15分
苏州,温州南,G,G7591,4小时10分
苏州,温州南,D,D3141,4小时46分
苏州,温州南,G,G7575,5小时10分
苏州,温州南,G,G7585,4小时38分
苏州,瑞安,D,D2281,5小时25分
苏州,瑞安,D,D3135,5小时28分
苏州,苍南,D,D2281,5小时43分
苏州,苍南,D,D3135,5小时46分
苏州,苍南,D,D3141,5小时12分
苏州,金华,K,K1511,5小时38分
苏州,金华,K,K8371,8小时8分
苏州,金华,G,G7389,2小时28分
苏州,金华南,G,G7591,2小时43分
苏州,金华,K,K469,6小时33分
苏州,金华,K,K525,6小时41分
苏州,金华,K,K807,6小时36分
苏州,金华,K,K527,6小时8分
苏州,金华,G,G7371,2小时56分
苏州,金华,G,G7491,2小时43分
苏州,温州南,D,D2281,5小时12分
苏州,温州南,G,G7431,4小时50分
苏州,温州南,D,D3135,5小时15分
苏州,温州南,G,G7591,4小时10分
苏州,温州南,D,D3141,4小时46分
苏州,温州南,G,G7575,5小时10分
苏州,温州南,G,G7585,4小时38分
苏州,富阳,G,G7315,2小时9分
苏州,桐庐,G,G7315,2小时25分
苏州,建德,G,G7313,2小时39分
苏州,建德,G,G7315,2小时42分
苏州,千岛湖,G,G7315,2小时56分
苏州,绩溪北,G,G7315,3小时28分
苏州,全椒,G,G3230,2小时16分
苏州,全椒,D,D3072,1小时57分
苏州,全椒,G,G7244,1小时42分
苏州,全椒,G,G7164,1小时45分
苏州,全椒,D,D3006,1小时55分
苏州,全椒,D,D3014,2小时0分
苏州,全椒,D,D3042,1小时55分
苏州,全椒,G,G7576,1小时55分
苏州,合肥,K,K8362,6小时40分
苏州,合肥南,D,D352,2小时36分
苏州,合肥南,G,G3230,2小时55分
苏州,合肥南,D,D3072,2小时36分
苏州,合肥,G,G7268,2小时20分
苏州,合肥,G,G7372,2小时21分
苏州,合肥南,D,D3068,2小时27分
苏州,合肥南,G,G7236,2小时33分
苏州,合肥南,G,G7240,2小时21分
苏州,合肥,G,G7572,2小时29分
苏州,合肥南,G,G7264,2小时14分
苏州,合肥南,G,G7244,2小时21分
苏州,合肥,K,K1156,6小时52分
苏州,合肥,G,G7164,2小时27分
苏州,合肥南,G,G7248,2小时19分
苏州,合肥南,D,D3006,2小时36分
苏州,合肥,G,G7276,2小时22分
苏州,合肥南,D,D3010,2小时19分
苏州,合肥南,D,D3014,2小时34分
苏州,合肥南,G,G7376,2小时23分
苏州,合肥,G,G7222,2小时14分
苏州,合肥南,D,D3042,2小时29分
苏州,合肥南,D,D3046,2小时26分
苏州,合肥南,G,G7156,2小时51分
苏州,合肥南,G,G7260,2小时18分
苏州,合肥南,G,G7432,2小时24分
苏州,合肥,T,T236,6小时36分
苏州,合肥南,G,G7576,2小时39分
苏州,合肥,K,K8362,6小时40分
苏州,合肥南,D,D352,2小时36分
苏州,合肥南,G,G3230,2小时55分
苏州,合肥南,D,D3072,2小时36分
苏州,合肥,G,G7268,2小时20分
苏州,合肥,G,G7372,2小时21分
苏州,合肥南,D,D3068,2小时27分
苏州,合肥南,G,G7236,2小时33分
苏州,合肥南,G,G7240,2小时21分
苏州,合肥,G,G7572,2小时29分
苏州,合肥南,G,G7264,2小时14分
苏州,合肥南,G,G7244,2小时21分
苏州,合肥,K,K1156,6小时52分
苏州,合肥,G,G7164,2小时27分
苏州,合肥南,G,G7248,2小时19分
苏州,合肥南,D,D3006,2小时36分
苏州,合肥,G,G7276,2小时22分
苏州,合肥南,D,D3010,2小时19分
苏州,合肥南,D,D3014,2小时34分
苏州,合肥南,G,G7376,2小时23分
苏州,合肥,G,G7222,2小时14分
苏州,合肥南,D,D3042,2小时29分
苏州,合肥南,D,D3046,2小时26分
苏州,合肥南,G,G7156,2小时51分
苏州,合肥南,G,G7260,2小时18分
苏州,合肥南,G,G7432,2小时24分
苏州,合肥,T,T236,6小时36分
苏州,合肥南,G,G7576,2小时39分
苏州,江宁西,G,G7080,1小时46分
苏州,江宁西,G,G7592,1小时57分
苏州,马鞍山东,G,G7072,1小时54分
苏州,马鞍山东,G,G7076,1小时59分
苏州,马鞍山东,G,G7080,1小时57分
苏州,马鞍山东,G,G7084,1小时50分
苏州,马鞍山东,G,G7492,1小时48分
苏州,马鞍山东,G,G7132,1小时40分
苏州,马鞍山东,G,G7136,1小时56分
苏州,马鞍山,K,K1556,4小时22分
苏州,马鞍山东,G,G7282,1小时46分
苏州,马鞍山,K,K1156,4小时14分
苏州,马鞍山东,G,G7088,1小时38分
苏州,马鞍山东,G,G7148,1小时43分
苏州,马鞍山东,G,G7176,1小时45分
苏州,马鞍山东,G,G7092,1小时49分
苏州,马鞍山,K,K782,4小时20分
苏州,马鞍山东,G,G7140,1小时54分
苏州,马鞍山东,G,G7218,1小时35分
苏州,马鞍山东,G,G7152,2小时7分
苏州,马鞍山东,G,G7168,1小时55分
苏州,马鞍山东,G,G7592,2小时8分
苏州,马鞍山东,G,G7144,1小时52分
苏州,马鞍山东,G,G7272,1小时41分
苏州,马鞍山东,G,G7226,1小时47分
苏州,马鞍山东,G,G7286,1小时38分
苏州,马鞍山,T,T236,3小时45分
苏州,当涂东,G,G7072,2小时5分
苏州,当涂东,G,G7492,1小时59分
苏州,当涂东,G,G7136,2小时7分
苏州,当涂东,G,G7148,1小时54分
苏州,当涂东,G,G7152,2小时18分
苏州,当涂东,G,G7144,2小时3分
苏州,芜湖,G,G7072,2小时20分
苏州,芜湖,G,G7076,2小时19分
苏州,芜湖,G,G7080,2小时17分
苏州,芜湖,G,G7084,2小时10分
苏州,芜湖,G,G7492,2小时14分
苏州,芜湖,G,G7132,2小时0分
苏州,芜湖,G,G7136,2小时22分
苏州,芜湖,K,K1556,5小时10分
苏州,芜湖,G,G7282,2小时6分
苏州,芜湖,K,K1156,4小时55分
苏州,芜湖,K,K36,6小时48分
苏州,芜湖,G,G7088,1小时58分
苏州,芜湖,G,G7148,2小时10分
苏州,芜湖,G,G7176,2小时5分
苏州,芜湖,G,G7092,2小时9分
苏州,芜湖,K,K782,5小时37分
苏州,芜湖,G,G7140,2小时15分
苏州,芜湖,G,G7218,1小时55分
苏州,芜湖,G,G7152,2小时33分
苏州,芜湖,G,G7168,2小时15分
苏州,芜湖,G,G7592,2小时28分
苏州,芜湖,G,G7144,2小时18分
苏州,芜湖,G,G7272,2小时1分
苏州,芜湖,G,G7226,2小时8分
苏州,芜湖,G,G7286,1小时58分
苏州,芜湖,K,K8362,4小时38分
苏州,芜湖,T,T236,4小时35分
苏州,芜湖,K,K1328,5小时50分
苏州,芜湖,G,G7072,2小时20分
苏州,芜湖,G,G7076,2小时19分
苏州,芜湖南,G,G7080,2小时30分
苏州,芜湖,G,G7084,2小时10分
苏州,芜湖,G,G7492,2小时14分
苏州,芜湖,G,G7132,2小时0分
苏州,芜湖,G,G7136,2小时22分
苏州,芜湖,K,K1556,5小时10分
苏州,芜湖,G,G7282,2小时6分
苏州,芜湖,K,K1156,4小时55分
苏州,芜湖,K,K36,6小时48分
苏州,芜湖,G,G7088,1小时58分
苏州,芜湖,G,G7148,2小时10分
苏州,芜湖,G,G7176,2小时5分
苏州,芜湖,G,G7092,2小时9分
苏州,芜湖,K,K782,5小时37分
苏州,芜湖,G,G7140,2小时15分
苏州,芜湖,G,G7218,1小时55分
苏州,芜湖,G,G7152,2小时33分
苏州,芜湖,G,G7168,2小时15分
苏州,芜湖,G,G7592,2小时28分
苏州,芜湖,G,G7144,2小时18分
苏州,芜湖,G,G7272,2小时1分
苏州,芜湖,G,G7226,2小时8分
苏州,芜湖,G,G7286,1小时58分
苏州,芜湖,K,K8362,4小时38分
苏州,芜湖,T,T236,4小时35分
苏州,芜湖,K,K1328,5小时50分
苏州,繁昌西,G,G7072,2小时42分
苏州,繁昌西,G,G7084,2小时32分
苏州,繁昌西,G,G7492,2小时36分
苏州,繁昌西,G,G7136,2小时44分
苏州,繁昌西,G,G7092,2小时31分
苏州,繁昌西,G,G7168,2小时37分
苏州,繁昌西,G,G7592,2小时52分
苏州,铜陵,G,G7072,3小时0分
苏州,铜陵,G,G7076,2小时53分
苏州,铜陵,G,G7080,2小时57分
苏州,铜陵,G,G7084,2小时50分
苏州,铜陵,G,G7492,2小时54分
苏州,铜陵,G,G7132,2小时34分
苏州,铜陵,G,G7136,3小时2分
苏州,铜陵,K,K1556,6小时42分
苏州,铜陵,G,G7088,2小时32分
苏州,铜陵,G,G7092,2小时49分
苏州,铜陵,K,K782,7小时13分
苏州,铜陵,G,G7140,2小时49分
苏州,铜陵,G,G7168,2小时55分
苏州,铜陵,G,G7592,3小时10分
苏州,铜陵,G,G7144,2小时52分
苏州,铜陵,G,G7272,2小时35分
苏州,铜陵,K,K1328,7小时30分
苏州,池州,G,G7072,3小时22分
苏州,池州,G,G7076,3小时15分
苏州,池州,G,G7080,3小时19分
苏州,池州,G,G7084,3小时12分
苏州,池州,G,G7492,3小时16分
苏州,池州,G,G7132,2小时56分
苏州,池州,G,G7136,3小时24分
苏州,池州,K,K1556,7小时37分
苏州,池州,G,G7088,2小时54分
苏州,池州,G,G7092,3小时11分
苏州,池州,K,K782,7小时58分
苏州,池州,G,G7140,3小时11分
苏州,池州,G,G7168,3小时17分
苏州,池州,G,G7592,3小时32分
苏州,池州,G,G7144,3小时14分
苏州,池州,G,G7272,2小时57分
苏州,池州,K,K1328,8小时36分
苏州,安庆,G,G7072,3小时43分
苏州,安庆,G,G7076,3小时36分
苏州,安庆,G,G7080,3小时40分
苏州,安庆,G,G7084,3小时33分
苏州,安庆,G,G7492,3小时37分
苏州,安庆,G,G7132,3小时17分
苏州,安庆,G,G7136,3小时45分
苏州,安庆,G,G7088,3小时15分
苏州,安庆,G,G7092,3小时32分
苏州,安庆,G,G7140,3小时32分
苏州,安庆,G,G7592,3小时52分
苏州,安庆,G,G7144,3小时35分
苏州,安庆,G,G7272,3小时18分
苏州,东至,K,K36,9小时57分
苏州,东至,K,K1556,9小时5分
苏州,巢湖,K,K8362,5小时47分
苏州,铜陵,G,G7072,3小时0分
苏州,铜陵,G,G7076,2小时53分
苏州,铜陵,G,G7080,2小时57分
苏州,铜陵,G,G7084,2小时50分
苏州,铜陵,G,G7492,2小时54分
苏州,铜陵,G,G7132,2小时34分
苏州,铜陵,G,G7136,3小时2分
苏州,铜陵,K,K1556,6小时42分
苏州,铜陵,G,G7088,2小时32分
苏州,铜陵,G,G7092,2小时49分
苏州,铜陵,K,K782,7小时13分
苏州,铜陵,G,G7140,2小时49分
苏州,铜陵,G,G7168,2小时55分
苏州,铜陵,G,G7592,3小时10分
苏州,铜陵,G,G7144,2小时52分
苏州,铜陵,G,G7272,2小时35分
苏州,铜陵,K,K1328,7小时30分
苏州,合肥,K,K8362,6小时40分
苏州,合肥南,D,D352,2小时36分
苏州,合肥南,G,G3230,2小时55分
苏州,合肥南,D,D3072,2小时36分
苏州,合肥北城,G,G7268,2小时39分
苏州,合肥,G,G7372,2小时21分
苏州,合肥南,D,D3068,2小时27分
苏州,合肥南,G,G7236,2小时33分
苏州,合肥南,G,G7240,2小时21分
苏州,合肥,G,G7572,2小时29分
苏州,合肥南,G,G7264,2小时14分
苏州,合肥南,G,G7244,2小时21分
苏州,合肥,K,K1156,6小时52分
苏州,合肥,G,G7164,2小时27分
苏州,合肥南,G,G7248,2小时19分
苏州,合肥南,D,D3006,2小时36分
苏州,合肥,G,G7276,2小时22分
苏州,合肥南,D,D3010,2小时19分
苏州,合肥南,D,D3014,2小时34分
苏州,合肥南,G,G7376,2小时23分
苏州,合肥,G,G7222,2小时14分
苏州,合肥南,D,D3042,2小时29分
苏州,合肥南,D,D3046,2小时26分
苏州,合肥南,G,G7156,2小时51分
苏州,合肥南,G,G7260,2小时18分
苏州,合肥南,G,G7432,2小时24分
苏州,合肥,T,T236,6小时36分
苏州,合肥南,G,G7576,2小时39分
苏州,水家湖,G,G7268,3小时0分
苏州,水家湖,G,G7572,3小时0分
苏州,芜湖,G,G7072,2小时20分
苏州,芜湖,G,G7076,2小时19分
苏州,芜湖南,G,G7080,2小时30分
苏州,芜湖,G,G7084,2小时10分
苏州,芜湖,G,G7492,2小时14分
苏州,芜湖,G,G7132,2小时0分
苏州,芜湖,G,G7136,2小时22分
苏州,芜湖,K,K1556,5小时10分
苏州,芜湖,G,G7282,2小时6分
苏州,芜湖,K,K1156,4小时55分
苏州,芜湖,K,K36,6小时48分
苏州,芜湖,G,G7088,1小时58分
苏州,芜湖,G,G7148,2小时10分
苏州,芜湖,G,G7176,2小时5分
苏州,芜湖,G,G7092,2小时9分
苏州,芜湖,K,K782,5小时37分
苏州,芜湖,G,G7140,2小时15分
苏州,芜湖,G,G7218,1小时55分
苏州,芜湖,G,G7152,2小时33分
苏州,芜湖,G,G7168,2小时15分
苏州,芜湖,G,G7592,2小时28分
苏州,芜湖,G,G7144,2小时18分
苏州,芜湖,G,G7272,2小时1分
苏州,芜湖,G,G7226,2小时8分
苏州,芜湖,G,G7286,1小时58分
苏州,芜湖,K,K8362,4小时38分
苏州,芜湖,T,T236,4小时35分
苏州,芜湖,K,K1328,5小时50分
苏州,湾沚南,G,G7176,2小时26分
苏州,宣城,G,G7282,2小时37分
苏州,宣城,G,G7176,2小时41分
苏州,马鞍山东,G,G7072,1小时54分
苏州,马鞍山东,G,G7076,1小时59分
苏州,马鞍山东,G,G7080,1小时57分
苏州,马鞍山东,G,G7084,1小时50分
苏州,马鞍山东,G,G7492,1小时48分
苏州,马鞍山东,G,G7132,1小时40分
苏州,马鞍山东,G,G7136,1小时56分
苏州,马鞍山,K,K1556,4小时22分
苏州,马鞍山东,G,G7282,1小时46分
苏州,马鞍山,K,K1156,4小时14分
苏州,马鞍山东,G,G7088,1小时38分
苏州,马鞍山东,G,G7148,1小时43分
苏州,马鞍山东,G,G7176,1小时45分
苏州,马鞍山东,G,G7092,1小时49分
苏州,马鞍山,K,K782,4小时20分
苏州,马鞍山东,G,G7140,1小时54分
苏州,马鞍山东,G,G7218,1小时35分
苏州,马鞍山东,G,G7152,2小时7分
苏州,马鞍山东,G,G7168,1小时55分
苏州,马鞍山东,G,G7592,2小时8分
苏州,马鞍山东,G,G7144,1小时52分
苏州,马鞍山东,G,G7272,1小时41分
苏州,马鞍山东,G,G7226,1小时47分
苏州,马鞍山东,G,G7286,1小时38分
苏州,马鞍山,T,T236,3小时45分
苏州,巢湖,K,K8362,5小时47分
