郎溪南,杭州东,G,G7425,0小时49分
郎溪南,杭州,G,G7651,0小时55分
郎溪南,杭州东,G,G7425,0小时49分
郎溪南,杭州,G,G7651,0小时55分
郎溪南,杭州东,G,G7425,0小时49分
郎溪南,杭州,G,G7651,0小时55分
郎溪南,德清,G,G7651,0小时34分
郎溪南,合肥南,G,G7724,1小时42分
郎溪南,合肥南,G,G7654,1小时37分
郎溪南,合肥南,G,G7440,1小时30分
郎溪南,合肥南,G,G7724,1小时42分
郎溪南,合肥南,G,G7654,1小时37分
郎溪南,合肥南,G,G7440,1小时30分
郎溪南,芜湖,G,G7724,0小时47分
郎溪南,芜湖,G,G7654,0小时42分
郎溪南,芜湖,G,G7440,0小时42分
郎溪南,芜湖南,G,G7724,0小时34分
郎溪南,芜湖,G,G7654,0小时42分
郎溪南,芜湖,G,G7440,0小时42分
郎溪南,巢湖东,G,G7724,1小时18分
郎溪南,巢湖东,G,G7654,1小时6分
郎溪南,巢湖东,G,G7440,1小时6分
郎溪南,合肥南,G,G7724,1小时42分
郎溪南,合肥南,G,G7654,1小时37分
郎溪南,合肥南,G,G7440,1小时30分
郎溪南,含山南,G,G7724,1小时4分
郎溪南,芜湖南,G,G7724,0小时34分
郎溪南,芜湖,G,G7654,0小时42分
郎溪南,芜湖,G,G7440,0小时42分
郎溪南,湾沚南,G,G7724,0小时20分
郎溪南,宣城,G,G7654,0小时13分
郎溪南,宣城,G,G7440,0小时13分
郎溪南,广德南,G,G7425,0小时11分
郎溪南,德清,G,G7651,0小时34分
郎溪南,巢湖东,G,G7724,1小时18分
郎溪南,巢湖东,G,G7654,1小时6分
郎溪南,巢湖东,G,G7440,1小时6分
