铜陵北,绩溪北,G,G7413,0小时53分
铜陵北,绩溪北,G,G1611,0小时46分
铜陵北,绩溪北,G,G1601,0小时47分
铜陵北,绩溪北,G,G3141,0小时39分
铜陵北,绩溪北,G,G7459,0小时42分
铜陵北,绩溪北,G,G355,0小时40分
铜陵北,绩溪北,G,G635,0小时46分
铜陵北,绩溪北,G,G241,0小时32分
铜陵北,绩溪北,G,G301,0小时40分
铜陵北,绩溪北,G,G7419,0小时39分
铜陵北,绩溪北,G,G1901,0小时42分
铜陵北,绩溪北,G,G7747,0小时39分
铜陵北,合肥南,G,G7772,0小时52分
铜陵北,合肥南,G,G7746,0小时45分
铜陵北,合肥南,G,G7774,0小时52分
铜陵北,合肥南,G,G1274,0小时37分
铜陵北,合肥南,G,G162,0小时53分
铜陵北,合肥南,G,G1902,0小时44分
铜陵北,合肥南,G,G7776,0小时46分
铜陵北,合肥南,G,G3184,0小时44分
铜陵北,合肥南,G,G322,0小时49分
铜陵北,合肥南,G,G242,0小时44分
铜陵北,合肥南,G,G7742,0小时43分
铜陵北,合肥南,G,G860,0小时44分
铜陵北,合肥南,G,G7416,0小时51分
铜陵北,合肥南,G,G304,0小时45分
铜陵北,合肥南,G,G636,0小时55分
铜陵北,合肥南,G,G356,0小时37分
铜陵北,合肥南,G,G7424,0小时37分
铜陵北,合肥南,G,G7460,0小时46分
铜陵北,合肥南,G,G1602,0小时51分
铜陵北,合肥南,G,G348,0小时44分
铜陵北,合肥南,G,G1670,0小时44分
铜陵北,合肥南,G,G1612,0小时44分
铜陵北,合肥南,G,G7744,0小时44分
铜陵北,合肥南,G,G7784,0小时47分
铜陵北,合肥南,G,G2398,0小时44分
铜陵北,合肥南,G,G7772,0小时52分
铜陵北,合肥南,G,G7746,0小时45分
铜陵北,合肥南,G,G7774,0小时52分
铜陵北,合肥南,G,G1274,0小时37分
铜陵北,合肥南,G,G162,0小时53分
铜陵北,合肥南,G,G1902,0小时44分
铜陵北,合肥南,G,G7776,0小时46分
铜陵北,合肥南,G,G3184,0小时44分
铜陵北,合肥南,G,G322,0小时49分
铜陵北,合肥南,G,G242,0小时44分
铜陵北,合肥南,G,G7742,0小时43分
铜陵北,合肥南,G,G860,0小时44分
铜陵北,合肥南,G,G7416,0小时51分
铜陵北,合肥南,G,G304,0小时45分
铜陵北,合肥南,G,G636,0小时55分
铜陵北,合肥南,G,G356,0小时37分
铜陵北,合肥南,G,G7424,0小时37分
铜陵北,合肥南,G,G7460,0小时46分
铜陵北,合肥南,G,G1602,0小时51分
铜陵北,合肥南,G,G348,0小时44分
铜陵北,合肥南,G,G1670,0小时44分
铜陵北,合肥南,G,G1612,0小时44分
铜陵北,合肥南,G,G7744,0小时44分
铜陵北,合肥南,G,G7784,0小时47分
铜陵北,合肥南,G,G2398,0小时44分
铜陵北,铜陵,G,G7771,0小时14分
铜陵北,铜陵,G,G7773,0小时15分
铜陵北,铜陵,G,G7775,0小时15分
铜陵北,铜陵,G,G7721,0小时15分
铜陵北,铜陵,G,G7777,0小时15分
铜陵北,铜陵,G,G7779,0小时15分
铜陵北,铜陵,G,G7723,0小时15分
铜陵北,铜陵,G,G7781,0小时15分
铜陵北,铜陵,G,G7741,0小时15分
铜陵北,铜陵,G,G7783,0小时15分
铜陵北,铜陵,G,G7743,0小时15分
铜陵北,铜陵,G,G161,0小时15分
铜陵北,铜陵,G,G7785,0小时15分
铜陵北,池州,G,G7771,0小时36分
铜陵北,池州,G,G7773,0小时37分
铜陵北,池州,G,G7775,0小时37分
铜陵北,池州,G,G7721,0小时37分
铜陵北,池州,G,G7777,0小时37分
铜陵北,池州,G,G7779,0小时37分
铜陵北,池州,G,G7723,0小时38分
铜陵北,池州,G,G7781,0小时37分
铜陵北,池州,G,G7741,0小时37分
铜陵北,池州,G,G7783,0小时37分
铜陵北,池州,G,G7743,0小时37分
铜陵北,池州,G,G161,0小时37分
铜陵北,池州,G,G7785,0小时37分
铜陵北,安庆,G,G7771,0小时58分
铜陵北,安庆,G,G7773,0小时58分
铜陵北,安庆,G,G7775,0小时58分
铜陵北,安庆,G,G7721,0小时58分
铜陵北,安庆,G,G7777,0小时58分
铜陵北,安庆,G,G7779,0小时58分
铜陵北,安庆,G,G7723,1小时0分
铜陵北,安庆,G,G7781,0小时58分
铜陵北,安庆,G,G7741,0小时58分
铜陵北,安庆,G,G7783,0小时58分
铜陵北,安庆,G,G7743,0小时58分
铜陵北,安庆,G,G161,0小时58分
铜陵北,安庆,G,G7785,0小时58分
铜陵北,巢湖东,G,G7772,0小时27分
铜陵北,巢湖东,G,G7774,0小时27分
铜陵北,巢湖东,G,G162,0小时27分
铜陵北,巢湖东,G,G7776,0小时21分
铜陵北,巢湖东,G,G3184,0小时20分
铜陵北,巢湖东,G,G7742,0小时20分
铜陵北,巢湖东,G,G860,0小时20分
铜陵北,巢湖东,G,G636,0小时31分
铜陵北,巢湖东,G,G1602,0小时27分
铜陵北,巢湖东,G,G1612,0小时20分
铜陵北,巢湖东,G,G7744,0小时20分
铜陵北,巢湖东,G,G2398,0小时20分
铜陵北,无为,G,G7772,0小时12分
铜陵北,无为,G,G7746,0小时12分
铜陵北,无为,G,G7774,0小时12分
铜陵北,无为,G,G162,0小时12分
铜陵北,无为,G,G1902,0小时12分
铜陵北,无为,G,G322,0小时12分
铜陵北,无为,G,G242,0小时12分
铜陵北,无为,G,G7416,0小时12分
铜陵北,无为,G,G304,0小时12分
铜陵北,无为,G,G636,0小时12分
铜陵北,无为,G,G7460,0小时12分
铜陵北,无为,G,G1602,0小时12分
铜陵北,无为,G,G348,0小时12分
铜陵北,无为,G,G1670,0小时12分
铜陵北,无为,G,G7784,0小时12分
铜陵北,南陵,G,G7413,0小时12分
铜陵北,南陵,G,G1611,0小时12分
铜陵北,南陵,G,G1601,0小时12分
铜陵北,南陵,G,G7415,0小时12分
铜陵北,南陵,G,G355,0小时12分
铜陵北,南陵,G,G301,0小时12分
铜陵北,泾县,G,G7413,0小时24分
铜陵北,泾县,G,G3141,0小时17分
铜陵北,泾县,G,G7459,0小时18分
铜陵北,泾县,G,G635,0小时17分
铜陵北,泾县,G,G323,0小时17分
铜陵北,泾县,G,G7419,0小时17分
铜陵北,泾县,G,G303,0小时17分
铜陵北,泾县,G,G7747,0小时17分
铜陵北,旌德,G,G7413,0小时40分
铜陵北,旌德,G,G1611,0小时33分
铜陵北,旌德,G,G1601,0小时33分
铜陵北,旌德,G,G7415,0小时33分
铜陵北,旌德,G,G635,0小时33分
铜陵北,旌德,G,G323,0小时33分
铜陵北,旌德,G,G1901,0小时26分
铜陵北,旌德,G,G859,0小时26分
铜陵北,合肥南,G,G7772,0小时52分
铜陵北,合肥南,G,G7746,0小时45分
铜陵北,合肥南,G,G7774,0小时52分
铜陵北,合肥南,G,G1274,0小时37分
铜陵北,合肥南,G,G162,0小时53分
铜陵北,合肥南,G,G1902,0小时44分
铜陵北,合肥南,G,G7776,0小时46分
铜陵北,合肥南,G,G3184,0小时44分
铜陵北,合肥南,G,G322,0小时49分
铜陵北,合肥南,G,G242,0小时44分
铜陵北,合肥南,G,G7742,0小时43分
铜陵北,合肥南,G,G860,0小时44分
铜陵北,合肥南,G,G7416,0小时51分
铜陵北,合肥南,G,G304,0小时45分
铜陵北,合肥南,G,G636,0小时55分
铜陵北,合肥南,G,G356,0小时37分
铜陵北,合肥南,G,G7424,0小时37分
铜陵北,合肥南,G,G7460,0小时46分
铜陵北,合肥南,G,G1602,0小时51分
铜陵北,合肥南,G,G348,0小时44分
铜陵北,合肥南,G,G1670,0小时44分
铜陵北,合肥南,G,G1612,0小时44分
铜陵北,合肥南,G,G7744,0小时44分
铜陵北,合肥南,G,G7784,0小时47分
铜陵北,合肥南,G,G2398,0小时44分
铜陵北,水家湖,G,G356,1小时26分
铜陵北,水家湖,G,G348,1小时22分
铜陵北,巢湖东,G,G7772,0小时27分
铜陵北,巢湖东,G,G7774,0小时27分
铜陵北,巢湖东,G,G162,0小时27分
铜陵北,巢湖东,G,G7776,0小时21分
铜陵北,巢湖东,G,G3184,0小时20分
铜陵北,巢湖东,G,G7742,0小时20分
铜陵北,巢湖东,G,G860,0小时20分
铜陵北,巢湖东,G,G636,0小时31分
铜陵北,巢湖东,G,G1602,0小时27分
铜陵北,巢湖东,G,G1612,0小时20分
铜陵北,巢湖东,G,G7744,0小时20分
铜陵北,巢湖东,G,G2398,0小时20分
