长兴,南京南,G,G2668,0小时55分
长兴,南京南,G,G594,0小时58分
长兴,南京南,G,G7398,1小时4分
长兴,南京南,G,G7452,0小时54分
长兴,南京南,G,G7650,0小时49分
长兴,南京南,G,G7796,0小时56分
长兴,南京南,G,G7616,1小时5分
长兴,南京南,G,G1676,1小时1分
长兴,南京南,G,G7454,0小时56分
长兴,南京南,G,G52,0小时56分
长兴,南京南,G,G7656,0小时54分
长兴,南京南,D,D3296,1小时3分
长兴,南京南,G,G62,1小时2分
长兴,南京南,G,G7610,1小时5分
长兴,南京南,G,G7642,0小时48分
长兴,南京南,G,G7666,0小时55分
长兴,南京南,G,G7394,1小时1分
长兴,南京南,G,G1504,0小时54分
长兴,南京南,D,D3240,0小时53分
长兴,南京南,G,G7568,0小时48分
长兴,南京南,G,G1870,1小时6分
长兴,南京南,G,G1668,0小时54分
长兴,滁州,G,G2668,1小时16分
长兴,滁州,G,G7610,1小时25分
长兴,滁州,G,G7642,1小时14分
长兴,滁州,G,G1870,1小时31分
长兴,南京南,G,G2668,0小时55分
长兴,南京南,G,G594,0小时58分
长兴,南京南,G,G7398,1小时4分
长兴,南京南,G,G7452,0小时54分
长兴,南京南,G,G7650,0小时49分
长兴,南京南,G,G7796,0小时56分
长兴,南京南,G,G7616,1小时5分
长兴,南京南,G,G1676,1小时1分
长兴,南京南,G,G7454,0小时56分
长兴,南京南,G,G52,0小时56分
长兴,南京南,G,G7656,0小时54分
长兴,南京南,D,D3296,1小时3分
长兴,南京南,G,G62,1小时2分
长兴,南京南,G,G7610,1小时5分
长兴,南京南,G,G7642,0小时48分
长兴,南京南,G,G7666,0小时55分
长兴,南京南,G,G7394,1小时1分
长兴,南京南,G,G1504,0小时54分
长兴,南京南,D,D3240,0小时53分
长兴,南京南,G,G7568,0小时48分
长兴,南京南,G,G1870,1小时6分
长兴,南京南,G,G1668,0小时54分
长兴,南京南,G,G2668,0小时55分
长兴,南京南,G,G594,0小时58分
长兴,南京南,G,G7398,1小时4分
长兴,南京南,G,G7452,0小时54分
长兴,南京南,G,G7650,0小时49分
长兴,南京南,G,G7796,0小时56分
长兴,南京南,G,G7616,1小时5分
长兴,南京南,G,G1676,1小时1分
长兴,南京南,G,G7454,0小时56分
长兴,南京南,G,G52,0小时56分
长兴,南京南,G,G7656,0小时54分
长兴,南京南,D,D3296,1小时3分
长兴,南京南,G,G62,1小时2分
长兴,南京南,G,G7610,1小时5分
长兴,南京南,G,G7642,0小时48分
长兴,南京南,G,G7666,0小时55分
长兴,南京南,G,G7394,1小时1分
长兴,南京南,G,G1504,0小时54分
长兴,南京南,D,D3240,0小时53分
长兴,南京南,G,G7568,0小时48分
长兴,南京南,G,G1870,1小时6分
长兴,南京南,G,G1668,0小时54分
长兴,滁州,G,G2668,1小时16分
长兴,滁州,G,G7610,1小时25分
长兴,滁州,G,G7642,1小时14分
长兴,滁州,G,G1870,1小时31分
长兴,杭州东,G,G7625,0小时39分
长兴,杭州东,G,G1667,0小时39分
长兴,杭州东,G,G7643,0小时44分
长兴,杭州东,G,G1505,0小时34分
长兴,杭州东,G,G7665,0小时33分
长兴,杭州东,G,G1661,0小时25分
长兴,杭州东,G,G7627,0小时39分
长兴,杭州东,G,G7455,0小时33分
长兴,杭州东,G,G7681,0小时32分
长兴,杭州东,G,G343,0小时32分
长兴,杭州东,G,G7695,0小时34分
长兴,杭州东,G,G7619,0小时32分
长兴,杭州东,G,G1731,0小时32分
长兴,杭州东,G,G1481,0小时32分
长兴,杭州东,G,G1493,0小时40分
长兴,杭州东,G,G1675,0小时33分
长兴,杭州东,D,D3235,0小时36分
长兴,杭州东,G,G7451,0小时32分
长兴,杭州东,G,G7661,0小时40分
长兴,杭州东,G,G1861,0小时33分
长兴,杭州东,G,G7581,0小时39分
长兴,杭州,D,D2187,0小时41分
长兴,杭州东,G,G7567,0小时32分
长兴,杭州东,G,G7625,0小时39分
长兴,杭州东,G,G1667,0小时39分
长兴,杭州南,G,G7643,0小时56分
长兴,杭州东,G,G1505,0小时34分
长兴,杭州东,G,G7665,0小时33分
长兴,杭州东,G,G1661,0小时25分
长兴,杭州东,G,G7627,0小时39分
长兴,杭州东,G,G7455,0小时33分
长兴,杭州东,G,G7681,0小时32分
长兴,杭州东,G,G343,0小时32分
长兴,杭州东,G,G7695,0小时34分
长兴,杭州东,G,G7619,0小时32分
长兴,杭州东,G,G1731,0小时32分
长兴,杭州东,G,G1481,0小时32分
长兴,杭州东,G,G1493,0小时40分
长兴,杭州东,G,G1675,0小时33分
长兴,杭州东,D,D3235,0小时36分
长兴,杭州东,G,G7451,0小时32分
长兴,杭州东,G,G7661,0小时40分
长兴,杭州东,G,G1861,0小时33分
长兴,杭州东,G,G7581,0小时39分
长兴,杭州,D,D2187,0小时41分
长兴,杭州东,G,G7567,0小时32分
长兴,诸暨,G,G7643,1小时18分
长兴,诸暨,G,G7695,1小时5分
长兴,诸暨,G,G7619,0小时59分
长兴,诸暨,G,G1493,1小时7分
长兴,诸暨,D,D3235,1小时7分
长兴,义乌,G,G7625,1小时16分
长兴,义乌,G,G1667,1小时16分
长兴,义乌,G,G7643,1小时39分
长兴,义乌,G,G1505,1小时16分
长兴,义乌,G,G1661,1小时1分
长兴,义乌,G,G7627,1小时17分
长兴,义乌,G,G7695,1小时21分
长兴,义乌,G,G7619,1小时15分
长兴,义乌,G,G1731,1小时20分
长兴,义乌,G,G1675,1小时12分
长兴,义乌,D,D3235,1小时28分
长兴,金华南,G,G7625,1小时35分
长兴,金华,G,G1667,1小时39分
长兴,金华,G,G1505,1小时34分
长兴,金华,G,G1661,1小时19分
长兴,金华南,G,G7627,1小时36分
长兴,金华,G,G7695,1小时39分
长兴,金华南,G,G1731,1小时39分
长兴,金华,G,G1481,1小时18分
长兴,金华,G,G1493,1小时39分
长兴,金华,G,G1675,1小时31分
长兴,金华南,D,D3235,1小时49分
长兴,杭州东,G,G7625,0小时39分
长兴,杭州东,G,G1667,0小时39分
长兴,杭州东,G,G7643,0小时44分
长兴,杭州东,G,G1505,0小时34分
长兴,杭州东,G,G7665,0小时33分
长兴,杭州东,G,G1661,0小时25分
长兴,杭州东,G,G7627,0小时39分
长兴,杭州东,G,G7455,0小时33分
长兴,杭州东,G,G7681,0小时32分
长兴,杭州东,G,G343,0小时32分
长兴,杭州东,G,G7695,0小时34分
长兴,杭州东,G,G7619,0小时32分
长兴,杭州东,G,G1731,0小时32分
长兴,杭州东,G,G1481,0小时32分
长兴,杭州东,G,G1493,0小时40分
长兴,杭州东,G,G1675,0小时33分
长兴,杭州东,D,D3235,0小时36分
长兴,杭州东,G,G7451,0小时32分
长兴,杭州东,G,G7661,0小时40分
长兴,杭州东,G,G1861,0小时33分
长兴,杭州东,G,G7581,0小时39分
长兴,杭州,D,D2187,0小时41分
长兴,杭州东,G,G7567,0小时32分
长兴,句容西,G,G7616,0小时48分
长兴,句容西,G,G7656,0小时41分
长兴,句容西,G,G62,0小时48分
长兴,溧水,G,G2668,0小时37分
长兴,溧水,G,G594,0小时39分
长兴,溧水,G,G7616,0小时37分
长兴,溧水,G,G1676,0小时44分
长兴,溧水,D,D3296,0小时43分
长兴,溧水,G,G7610,0小时39分
长兴,溧水,G,G7394,0小时44分
长兴,溧水,G,G7568,0小时30分
长兴,溧水,G,G1870,0小时48分
长兴,瓦屋山,G,G7398,0小时42分
长兴,瓦屋山,G,G52,0小时32分
长兴,瓦屋山,G,G62,0小时32分
长兴,溧阳,G,G7398,0小时29分
长兴,溧阳,G,G7452,0小时26分
长兴,溧阳,G,G7796,0小时26分
长兴,溧阳,G,G1676,0小时26分
长兴,溧阳,G,G7454,0小时26分
长兴,溧阳,G,G7656,0小时19分
长兴,溧阳,G,G62,0小时19分
长兴,溧阳,G,G7610,0小时19分
长兴,溧阳,G,G7666,0小时26分
长兴,溧阳,G,G7394,0小时26分
长兴,溧阳,G,G1504,0小时26分
长兴,溧阳,G,G1870,0小时26分
长兴,溧阳,G,G1668,0小时26分
长兴,宜兴,G,G2668,0小时13分
长兴,宜兴,G,G594,0小时13分
长兴,宜兴,G,G7398,0小时13分
长兴,宜兴,G,G7452,0小时13分
长兴,宜兴,G,G7650,0小时13分
长兴,宜兴,G,G7796,0小时13分
长兴,宜兴,G,G7616,0小时13分
长兴,宜兴,G,G1676,0小时13分
长兴,宜兴,G,G7454,0小时13分
长兴,宜兴,G,G52,0小时13分
长兴,宜兴,D,D3296,0小时14分
长兴,宜兴,G,G7642,0小时13分
长兴,宜兴,G,G7666,0小时13分
长兴,宜兴,G,G7394,0小时13分
长兴,宜兴,G,G1504,0小时13分
长兴,宜兴,D,D3240,0小时13分
长兴,宜兴,G,G1870,0小时13分
长兴,宜兴,G,G1668,0小时13分
长兴,湖州,G,G7625,0小时9分
长兴,湖州,G,G1667,0小时9分
长兴,湖州,G,G7643,0小时9分
长兴,湖州,G,G1505,0小时10分
长兴,湖州,G,G7665,0小时9分
长兴,湖州,G,G7627,0小时9分
长兴,湖州,G,G7455,0小时9分
长兴,湖州,G,G7681,0小时9分
长兴,湖州,G,G343,0小时9分
长兴,湖州,G,G7695,0小时11分
长兴,湖州,G,G1731,0小时9分
长兴,湖州,G,G1481,0小时9分
长兴,湖州,G,G1493,0小时9分
长兴,湖州,G,G1675,0小时9分
长兴,湖州,D,D3235,0小时9分
长兴,湖州,G,G7661,0小时10分
长兴,湖州,G,G7581,0小时9分
长兴,湖州,D,D2187,0小时10分
长兴,湖州,G,G7567,0小时9分
长兴,德清,G,G7625,0小时24分
长兴,德清,G,G1667,0小时24分
长兴,德清,G,G7643,0小时25分
长兴,德清,G,G7627,0小时24分
长兴,德清,G,G7619,0小时17分
长兴,德清,G,G1493,0小时24分
长兴,德清,G,G7451,0小时17分
长兴,德清,G,G7661,0小时25分
长兴,德清,G,G1861,0小时17分
长兴,德清,G,G7581,0小时24分
长兴,绍兴北,G,G7665,0小时55分
长兴,绍兴北,G,G7681,0小时58分
长兴,绍兴北,G,G343,0小时55分
长兴,绍兴北,G,G7661,1小时8分
长兴,绍兴北,G,G7581,1小时3分
长兴,绍兴东,G,G7567,1小时5分
长兴,余姚北,G,G7665,1小时16分
长兴,余姚北,G,G7681,1小时18分
长兴,余姚北,G,G7661,1小时28分
长兴,宁波,G,G7665,1小时38分
长兴,宁波,G,G7681,1小时49分
长兴,宁波,G,G343,1小时29分
长兴,宁波,G,G7661,1小时49分
长兴,宁波,G,G7581,1小时45分
长兴,宁波,G,G7567,1小时40分
长兴,宁波,G,G7665,1小时38分
长兴,宁波,G,G7681,1小时49分
长兴,宁波,G,G343,1小时29分
长兴,宁波,G,G7661,1小时49分
长兴,宁波,G,G7581,1小时45分
长兴,宁波,G,G7567,1小时40分
长兴,绍兴北,G,G7665,0小时55分
长兴,绍兴北,G,G7681,0小时58分
长兴,绍兴北,G,G343,0小时55分
长兴,绍兴北,G,G7661,1小时8分
长兴,绍兴北,G,G7581,1小时3分
长兴,绍兴东,G,G7567,1小时5分
长兴,余姚北,G,G7665,1小时16分
长兴,余姚北,G,G7681,1小时18分
长兴,余姚北,G,G7661,1小时28分
长兴,奉化,G,G7581,2小时5分
长兴,宁海,G,G7665,2小时12分
长兴,宁海,G,G7681,2小时19分
长兴,宁海,G,G7661,2小时33分
长兴,三门县,G,G343,2小时11分
长兴,三门县,G,G7661,2小时50分
长兴,临海,G,G7581,2小时40分
长兴,临海,G,G7567,2小时30分
长兴,台州,G,G7665,2小时44分
长兴,台州,G,G7681,2小时51分
长兴,台州,G,G343,2小时32分
长兴,台州,G,G7661,3小时11分
长兴,台州,G,G7581,2小时54分
长兴,台州,G,G7567,2小时44分
长兴,温岭,G,G7665,2小时57分
长兴,温岭,G,G7681,3小时4分
长兴,温岭,G,G343,2小时45分
长兴,温岭,G,G7661,3小时26分
长兴,温岭,G,G7567,2小时57分
长兴,雁荡山,G,G7581,3小时14分
长兴,乐清,G,G7681,3小时31分
长兴,乐清,G,G343,3小时13分
长兴,永嘉,G,G7581,3小时38分
长兴,温州南,G,G7625,3小时8分
长兴,温州南,G,G7665,3小时38分
长兴,温州南,G,G7627,3小时3分
长兴,温州南,G,G7681,3小时55分
长兴,温州南,G,G343,3小时31分
长兴,温州南,G,G7619,2小时51分
长兴,温州南,G,G1731,3小时40分
长兴,温州南,D,D3235,3小时19分
长兴,温州南,G,G7661,4小时3分
长兴,温州南,G,G7581,3小时51分
长兴,温州南,G,G7567,3小时35分
长兴,瑞安,G,G7627,3小时17分
长兴,瑞安,D,D3235,3小时45分
长兴,平阳,D,D3235,3小时56分
长兴,平阳,G,G7661,4小时24分
长兴,苍南,G,G7627,3小时37分
长兴,苍南,D,D3235,4小时19分
长兴,金华南,G,G7625,1小时35分
长兴,金华,G,G1667,1小时39分
长兴,金华,G,G1505,1小时34分
长兴,金华,G,G1661,1小时19分
长兴,金华南,G,G7627,1小时36分
长兴,金华,G,G7695,1小时39分
长兴,金华南,G,G1731,1小时39分
长兴,金华,G,G1481,1小时18分
长兴,金华,G,G1493,1小时39分
长兴,金华,G,G1675,1小时31分
长兴,金华南,D,D3235,1小时49分
长兴,武义北,G,G7625,1小时48分
长兴,武义北,G,G7619,1小时41分
长兴,武义北,G,G1731,1小时53分
长兴,武义北,D,D3235,2小时2分
长兴,永康南,G,G7625,2小时2分
长兴,永康南,G,G7643,2小时14分
长兴,永康南,G,G1731,2小时30分
长兴,永康南,D,D3235,2小时16分
长兴,武义北,G,G7625,1小时48分
长兴,武义北,G,G7619,1小时41分
长兴,武义北,G,G1731,1小时53分
长兴,武义北,D,D3235,2小时2分
长兴,永康南,G,G7625,2小时2分
长兴,永康南,G,G7643,2小时14分
长兴,永康南,G,G1731,2小时30分
长兴,永康南,D,D3235,2小时16分
长兴,温州南,G,G7625,3小时8分
长兴,温州南,G,G7665,3小时38分
长兴,温州南,G,G7627,3小时3分
长兴,温州南,G,G7681,3小时55分
长兴,温州南,G,G343,3小时31分
长兴,温州南,G,G7619,2小时51分
长兴,温州南,G,G1731,3小时40分
长兴,温州南,D,D3235,3小时19分
长兴,温州南,G,G7661,4小时3分
长兴,温州南,G,G7581,3小时51分
长兴,温州南,G,G7567,3小时35分
长兴,富阳,G,G7455,1小时0分
长兴,桐庐,G,G7455,1小时16分
长兴,桐庐,G,G7451,1小时8分
长兴,建德,G,G7455,1小时41分
长兴,建德,G,G7451,1小时24分
长兴,千岛湖,G,G7455,1小时55分
长兴,千岛湖,G,G7451,1小时37分
长兴,绩溪北,G,G7451,2小时3分
长兴,全椒,G,G7656,1小时16分
长兴,合肥南,G,G594,1小时52分
长兴,合肥,G,G7796,1小时51分
长兴,合肥南,G,G7616,2小时6分
长兴,合肥南,G,G7656,1小时50分
长兴,合肥南,G,G594,1小时52分
长兴,合肥,G,G7796,1小时51分
长兴,合肥南,G,G7616,2小时6分
长兴,合肥南,G,G7656,1小时50分
长兴,合肥南,G,G594,1小时52分
长兴,合肥,G,G7796,1小时51分
长兴,合肥南,G,G7616,2小时6分
长兴,合肥南,G,G7656,1小时50分
长兴,肥东,G,G7616,1小时47分
长兴,德清,G,G7625,0小时24分
长兴,德清,G,G1667,0小时24分
长兴,德清,G,G7643,0小时25分
长兴,德清,G,G7627,0小时24分
长兴,德清,G,G7619,0小时17分
长兴,德清,G,G1493,0小时24分
长兴,德清,G,G7451,0小时17分
长兴,德清,G,G7661,0小时25分
长兴,德清,G,G1861,0小时17分
长兴,德清,G,G7581,0小时24分
