马鞍山,上海,K,K1158,6小时10分
马鞍山,苏州,K,K34,4小时4分
马鞍山,苏州,K,K1158,4小时28分
马鞍山,无锡,K,K1158,3小时56分
马鞍山,常州,K,K34,3小时9分
马鞍山,常州,K,K1158,3小时25分
马鞍山,镇江,K,K1158,2小时25分
马鞍山,南京,K,K34,1小时24分
马鞍山,南京,K,K1158,1小时6分
马鞍山,上海,K,K1158,6小时10分
马鞍山,上海,K,K1158,6小时10分
马鞍山,苏州,K,K34,4小时4分
马鞍山,苏州,K,K1158,4小时28分
马鞍山,苏州,K,K34,4小时4分
马鞍山,苏州,K,K1158,4小时28分
马鞍山,苏州,K,K34,4小时4分
马鞍山,苏州,K,K1158,4小时28分
马鞍山,无锡,K,K1158,3小时56分
马鞍山,无锡,K,K1158,3小时56分
马鞍山,无锡,K,K1158,3小时56分
马鞍山,常州,K,K34,3小时9分
马鞍山,常州,K,K1158,3小时25分
马鞍山,常州,K,K34,3小时9分
马鞍山,常州,K,K1158,3小时25分
马鞍山,镇江,K,K1158,2小时25分
马鞍山,南京,K,K34,1小时24分
马鞍山,南京,K,K1158,1小时6分
马鞍山,南京,K,K34,1小时24分
马鞍山,南京,K,K1158,1小时6分
马鞍山,上海,K,K1158,6小时10分
马鞍山,合肥,K,K1157,2小时35分
马鞍山,合肥,T,T237,2小时46分
马鞍山,合肥,K,K1157,2小时35分
马鞍山,合肥,T,T237,2小时46分
马鞍山,芜湖,K,K1557,0小时42分
马鞍山,芜湖,K,K1157,0小时38分
马鞍山,芜湖,K,K783,1小时14分
马鞍山,芜湖,T,T237,0小时45分
马鞍山,芜湖,K,K1557,0小时42分
马鞍山,芜湖,K,K1157,0小时38分
马鞍山,芜湖,K,K783,1小时14分
马鞍山,芜湖,T,T237,0小时45分
马鞍山,铜陵,K,K1557,2小时14分
马鞍山,铜陵,K,K783,2小时50分
马鞍山,池州,K,K1557,3小时9分
马鞍山,池州,K,K783,3小时35分
马鞍山,东至,K,K1557,4小时37分
马鞍山,铜陵,K,K1557,2小时14分
马鞍山,铜陵,K,K783,2小时50分
马鞍山,合肥,K,K1157,2小时35分
马鞍山,合肥,T,T237,2小时46分
马鞍山,芜湖,K,K1557,0小时42分
马鞍山,芜湖,K,K1157,0小时38分
马鞍山,芜湖,K,K783,1小时14分
马鞍山,芜湖,T,T237,0小时45分
